книга	глава	стих	по стих	скобка	текст	вид	чем проверено	чтение	основание R10	поправка совета
Быт	1	6	6	[]	И стало так.	lxx	по признакам		B: квадратные; в C (линия 1882, без вставок по греческому) нет	
Быт	1	8	8	[]	И увидел Бог, что это хорошо.	lxx	по признакам		B: квадратные; в C (линия 1882, без вставок по греческому) нет	
Быт	1	9	9	[]	И собралась вода под небом в свои места, и явилась суша.	lxx	по признакам		B: квадратные; в C (линия 1882, без вставок по греческому) нет	
Быт	1	11	11	[]	по роду и по подобию ее, и	lxx	по признакам		B: квадратные; в C (линия 1882, без вставок по греческому) нет	
Быт	1	12	12	[]	и по подобию	lxx	по признакам		B: квадратные; в C (линия 1882, без вставок по греческому) нет	
Быт	1	12	12	[]	плодовитое	lxx	по признакам		B: квадратные; в C (линия 1882, без вставок по греческому) нет	
Быт	1	12	12	[]	на земле	lxx	по признакам		B: квадратные; в C (линия 1882, без вставок по греческому) нет	
Быт	1	14	14	[]	для освещения земли и	lxx	по признакам		B: квадратные; в C (линия 1882, без вставок по греческому) нет	
Быт	1	20	20	[]	И стало так.	lxx	R10: вручную		B: квадратные; в C (линия 1882, без вставок по греческому) нет; в KJV нет	
Быт	1	26	26	[]	и	lxx	по признакам		B: квадратные; в C (линия 1882, без вставок по греческому) нет	
Быт	1	26	26	[]	и над зверями,	lxx	по признакам		B: квадратные; в C (линия 1882, без вставок по греческому) нет	
Быт	1	28	28	[]	и над зверями,	lxx	R10: вручную		B: квадратные; C: без пометы; в KJV нет	
Быт	1	28	28	[]	и над всяким скотом, и над всею землею,	lxx	по признакам		B: квадратные; в C (линия 1882, без вставок по греческому) нет	
Быт	1	30	30	[]	гаду,	lxx	по признакам		B: квадратные; в C (линия 1882, без вставок по греческому) нет	
Быт	2	13	13	[]	Геон	lxx	по признакам		B: квадратные; в C (линия 1882, без вставок по греческому) нет	
Быт	2	14	14	[]	Тигр	lxx	по признакам		B: квадратные; в C (линия 1882, без вставок по греческому) нет	
Быт	2	15	15	[]	которого создал,	lxx	по признакам		B: квадратные; в C (линия 1882, без вставок по греческому) нет	
Быт	2	19	19	[]	их	lxx	по признакам		B: квадратные; в C (линия 1882, без вставок по греческому) нет	
Быт	2	23	23	[]	своего	lxx	по признакам		B: квадратные; в C (линия 1882, без вставок по греческому) нет	
Быт	2	24	24	[]	два	lxx	по признакам		B: квадратные; в C (линия 1882, без вставок по греческому) нет	
Быт	3	9	9	[]	Адам,	lxx	по признакам		B: квадратные; в C (линия 1882, без вставок по греческому) нет	
Быт	3	11	11	[]	Бог	lxx	по признакам		B: квадратные; в C (линия 1882, без вставок по греческому) нет	
Быт	4	6	6	[]	Бог	lxx	по признакам		B: квадратные; в C (линия 1882, без вставок по греческому) нет	
Быт	4	8	8	[]	пойдем в поле	lxx	по признакам		B: квадратные; в C (линия 1882, без вставок по греческому) нет	
Быт	4	9	9	[]	Бог	lxx	совет: WLC, LXX, CSL		B: квадратные; в C (линия 1882, без вставок по греческому) нет	§ 8.3: выборка «а» подтверждена
Быт	4	10	10	[]	Господь	lxx	по признакам		B: квадратные; в C (линия 1882, без вставок по греческому) нет	
Быт	4	13	13	[]	Богу	lxx	по признакам		B: квадратные; в C (линия 1882, без вставок по греческому) нет	
Быт	4	15	15	[]	Бог	lxx	по признакам		B: квадратные; в C (линия 1882, без вставок по греческому) нет	
Быт	4	15	15	[]	Бог	lxx	по признакам		B: квадратные; в C (линия 1882, без вставок по греческому) нет	
Быт	4	18	18	[]	Гаидад	lxx	по признакам		B: квадратные; в C (линия 1882, без вставок по греческому) нет	
Быт	4	18	18	[]	Малелеила	lxx	совет: WLC, LXX, CSL		B: квадратные; в C (линия 1882, без вставок по греческому) нет	§ 8.3: выборка «а» подтверждена
Быт	4	19	19	[]	Селла	lxx	по признакам		B: квадратные; в C (линия 1882, без вставок по греческому) нет	
Быт	4	22	22	[]	Фовела	lxx	по признакам		B: квадратные; в C (линия 1882, без вставок по греческому) нет	
Быт	4	25	25	[]	Еву,	lxx	по признакам		B: квадратные; в C (линия 1882, без вставок по греческому) нет	
Быт	4	25	25	[]	говорила она,	added	по признакам		B: квадратные; C (линия 1882): курсив — слово для связности, которого нет в еврейском	
Быт	4	26	26	[]	Бога	lxx	по признакам		B: квадратные; в C (линия 1882, без вставок по греческому) нет	
Быт	5	3	3	[]	230	lxx	по признакам		B: квадратные; в C (линия 1882, без вставок по греческому) нет	
Быт	5	3	3	[]	сына	lxx	совет: WLC, LXX, CSL		B: квадратные; C (линия 1882): курсив — слово для связности, которого нет в еврейском	вид R10 «в» → lxx; § 8.5: нет в WLC и LXX, есть в CSL — по славянскому (§ 10 п. 2); Сиф — сын: Быт 4:25
Быт	5	3	3	[]	и	lxx	по признакам		B: квадратные; в C (линия 1882, без вставок по греческому) нет	
Быт	5	4	4	[]	700	lxx	по признакам		B: квадратные; в C (линия 1882, без вставок по греческому) нет	
Быт	5	6	6	[]	205	lxx	по признакам		B: квадратные; в C (линия 1882, без вставок по греческому) нет	
Быт	5	7	7	[]	707	lxx	по признакам		B: квадратные; в C (линия 1882, без вставок по греческому) нет	
Быт	5	9	9	[]	190	lxx	по признакам		B: квадратные; в C (линия 1882, без вставок по греческому) нет	
Быт	5	10	10	[]	715	lxx	по признакам		B: квадратные; в C (линия 1882, без вставок по греческому) нет	
Быт	5	12	12	[]	170	lxx	по признакам		B: квадратные; в C (линия 1882, без вставок по греческому) нет	
Быт	5	13	13	[]	740	lxx	по признакам		B: квадратные; в C (линия 1882, без вставок по греческому) нет	
Быт	5	15	15	[]	165	lxx	по признакам		B: квадратные; в C (линия 1882, без вставок по греческому) нет	
Быт	5	16	16	[]	730	lxx	по признакам		B: квадратные; в C (линия 1882, без вставок по греческому) нет	
Быт	5	21	21	[]	165	lxx	по признакам		B: квадратные; в C (линия 1882, без вставок по греческому) нет	
Быт	5	22	22	[]	200	lxx	по признакам		B: квадратные; в C (линия 1882, без вставок по греческому) нет	
Быт	5	28	28	[]	188	lxx	по признакам		B: квадратные; в C (линия 1882, без вставок по греческому) нет	
Быт	5	29	29	[]	Бог	lxx	по признакам		B: квадратные; в C (линия 1882, без вставок по греческому) нет	
Быт	5	30	30	[]	565	lxx	по признакам		B: квадратные; в C (линия 1882, без вставок по греческому) нет	
Быт	5	31	31	[]	753	lxx	по признакам		B: квадратные; в C (линия 1882, без вставок по греческому) нет	
Быт	5	32	32	[]	трех сынов	lxx	по признакам		B: квадратные; в C (линия 1882, без вставок по греческому) нет	
Быт	6	3	3	[]	Бог	lxx	по признакам		B: квадратные; в C (линия 1882, без вставок по греческому) нет	
Быт	6	3	3	[]	сими	lxx	по признакам		B: квадратные; в C (линия 1882, без вставок по греческому) нет	
Быт	6	5	5	[]	Бог	lxx	по признакам		B: квадратные; в C (линия 1882, без вставок по греческому) нет	
Быт	6	8	8	[]	Бога	lxx	R10: вручную		B: квадратные; в C (линия 1882, без вставок по греческому) нет; в KJV нет	
Быт	6	12	12	[]	Господь	lxx	по признакам		B: квадратные; в C (линия 1882, без вставок по греческому) нет	
Быт	6	13	13	[]	Господь	lxx	по признакам		B: квадратные; в C (линия 1882, без вставок по греческому) нет	
Быт	6	16	16	[]	жилье	added	по признакам		B: квадратные; C (линия 1882): курсив — слово для связности, которого нет в еврейском	
Быт	6	19	19	[]	из всякого скота, и из всех гадов, и	lxx	по признакам		B: квадратные; в C (линия 1882, без вставок по греческому) нет	
Быт	6	20	20	[]	всех	lxx	по признакам		B: квадратные; в C (линия 1882, без вставок по греческому) нет	
Быт	6	20	20	[]	всех	lxx	по признакам		B: квадратные; в C (линия 1882, без вставок по греческому) нет	
Быт	6	20	20	[]	с тобою, мужеского пола и женского	lxx	по признакам		B: квадратные; в C (линия 1882, без вставок по греческому) нет	
Быт	6	22	22	[]	Господь	lxx	по признакам		B: квадратные; в C (линия 1882, без вставок по греческому) нет	
Быт	7	1	1	[]	Бог	lxx	совет: WLC, LXX, CSL		B: квадратные; в C (линия 1882, без вставок по греческому) нет	§ 8.3: выборка «а» подтверждена
Быт	7	3	3	[]	чистых	lxx	по признакам		B: квадратные; в C (линия 1882, без вставок по греческому) нет	
Быт	7	3	3	[]	и из всех птиц нечистых по две, мужеского пола и женского,	lxx	по признакам		B: квадратные; в C (линия 1882, без вставок по греческому) нет	
Быт	7	5	5	[]	Бог	lxx	по признакам		B: квадратные; в C (линия 1882, без вставок по греческому) нет	
Быт	7	8	8	[]	из птиц чистых и из птиц нечистых, и	lxx	по признакам		B: квадратные; в C (линия 1882, без вставок по греческому) нет	
Быт	7	8	8	[]	и из зверей	lxx	R10: вручную		B: квадратные; в C (линия 1882, без вставок по греческому) нет; в KJV нет	
Быт	7	9	9	[]	Господь	lxx	по признакам		B: квадратные; в C (линия 1882, без вставок по греческому) нет	
Быт	7	11	11	[]	27	lxx	по признакам		B: квадратные; в C (линия 1882, без вставок по греческому) нет	
Быт	7	14	14	[]	земли	lxx	по признакам		B: квадратные; в C (линия 1882, без вставок по греческому) нет	
Быт	7	15	15	[]	мужеского пола и женского	lxx	по признакам		B: квадратные; в C (линия 1882, без вставок по греческому) нет	
Быт	7	16	16	[]	к Ною в ковчег	lxx	по признакам		B: квадратные; в C (линия 1882, без вставок по греческому) нет	
Быт	7	16	16	[]	Господь	lxx	по признакам		B: квадратные; в C (линия 1882, без вставок по греческому) нет	
Быт	7	16	16	[]	Бог	lxx	по признакам		B: квадратные; в C (линия 1882, без вставок по греческому) нет	
Быт	7	16	16	[]	ковчег	lxx	по признакам		B: квадратные; в C (линия 1882, без вставок по греческому) нет	
Быт	7	17	17	[]	и сорок ночей	lxx	по признакам		B: квадратные; в C (линия 1882, без вставок по греческому) нет	
Быт	7	20	20	[]	все высокие	lxx	по признакам		B: квадратные; в C (линия 1882, без вставок по греческому) нет	
Быт	7	23	23	[]	всей	lxx	по признакам		B: квадратные; в C (линия 1882, без вставок по греческому) нет	
Быт	8	1	1	()	и о всех птицах, и о всех гадах пресмыкающихся,	lxx	совет: WLC, LXX, CSL		B: квадратные; в C и KJV нет, в славянском есть; у нас ошибочно круглые	§ 8.2: нет в WLC; есть в LXX
Быт	8	7	7	[]	чтобы видеть, убыла ли вода с земли,	lxx	по признакам		B: квадратные; в C (линия 1882, без вставок по греческому) нет	
Быт	8	12	12	[]	опять	lxx	по признакам		B: квадратные; в C (линия 1882, без вставок по греческому) нет	
Быт	8	13	13	[]	жизни Ноевой	lxx	по признакам		B: квадратные; в C (линия 1882, без вставок по греческому) нет	
Быт	8	13	13	[]	дню	added	по признакам		B: квадратные; C (линия 1882): курсив — слово для связности, которого нет в еврейском	
Быт	8	15	15	[]	Господь	lxx	по признакам		B: квадратные; в C (линия 1882, без вставок по греческому) нет	
Быт	8	19	19	[]	весь скот, и	lxx	по признакам		B: квадратные; в C (линия 1882, без вставок по греческому) нет	
Быт	8	21	21	[]	Бог	lxx	по признакам		B: квадратные; в C (линия 1882, без вставок по греческому) нет	
Быт	9	1	1	[]	и обладайте ею	lxx	по признакам		B: квадратные; в C (линия 1882, без вставок по греческому) нет	
Быт	9	2	2	[]	и весь скот земной,	lxx	R10: вручную		B: квадратные; в C (линия 1882, без вставок по греческому) нет; в KJV нет	
Быт	9	12	12	[]	Господь	lxx	по признакам		B: квадратные; в C (линия 1882, без вставок по греческому) нет	
Быт	9	13	13	[]	вечного	lxx	по признакам		B: квадратные; в C (линия 1882, без вставок по греческому) нет	
Быт	9	14	14	[]	Моя	lxx	по признакам		B: квадратные; в C (линия 1882, без вставок по греческому) нет	
Быт	9	16	16	[]	Моя	lxx	по признакам		B: квадратные; в C (линия 1882, без вставок по греческому) нет	
Быт	9	16	16	[]	и между землею	lxx	по признакам		B: квадратные; в C (линия 1882, без вставок по греческому) нет	
Быт	10	2	2	[]	Елиса,	lxx	по признакам		B: квадратные; в C (линия 1882, без вставок по греческому) нет	
Быт	10	9	9	[]	Богом	lxx	по признакам		B: квадратные; в C (линия 1882, без вставок по греческому) нет	
Быт	10	9	9	[]	Богом	lxx	по признакам		B: квадратные; в C (линия 1882, без вставок по греческому) нет	
Быт	10	22	22	[]	и Каинан	lxx	по признакам		B: квадратные; в C (линия 1882, без вставок по греческому) нет	
Быт	10	24	24	[]	Каинана, Каинан родил	lxx	по признакам		B: квадратные; в C (линия 1882, без вставок по греческому) нет	
Быт	11	8	8	[]	и башню	lxx	по признакам		B: квадратные; в C (линия 1882, без вставок по греческому) нет	
Быт	11	11	11	[]	и умер	lxx	по признакам		B: квадратные; в C (линия 1882, без вставок по греческому) нет	
Быт	11	12	12	[]	135	lxx	по признакам		B: квадратные; в C (линия 1882, без вставок по греческому) нет	
Быт	11	12	12	[]	Каинана. По рождении Каинана Арфаксад жил триста тридцать лет и родил сынов и дочерей и умер. Каинан жил сто тридцать лет, и родил	lxx	по признакам		B: квадратные; в C (линия 1882, без вставок по греческому) нет	
Быт	11	13	13	[]	Каинан	lxx	по признакам		B: квадратные; в C (линия 1882, без вставок по греческому) нет	
Быт	11	13	13	[]	330	lxx	по признакам		B: квадратные; в C (линия 1882, без вставок по греческому) нет	
Быт	11	13	13	[]	и умер	lxx	по признакам		B: квадратные; в C (линия 1882, без вставок по греческому) нет	
Быт	11	14	14	[]	130	lxx	по признакам		B: квадратные; в C (линия 1882, без вставок по греческому) нет	
Быт	11	15	15	[]	330	lxx	по признакам		B: квадратные; в C (линия 1882, без вставок по греческому) нет	
Быт	11	15	15	[]	и умер	lxx	по признакам		B: квадратные; в C (линия 1882, без вставок по греческому) нет	
Быт	11	16	16	[]	134	lxx	по признакам		B: квадратные; в C (линия 1882, без вставок по греческому) нет	
Быт	11	17	17	[]	370	lxx	по признакам		B: квадратные; в C (линия 1882, без вставок по греческому) нет	
Быт	11	17	17	[]	и умер	lxx	по признакам		B: квадратные; в C (линия 1882, без вставок по греческому) нет	
Быт	11	18	18	[]	130	lxx	по признакам		B: квадратные; в C (линия 1882, без вставок по греческому) нет	
Быт	11	19	19	[]	и умер	lxx	по признакам		B: квадратные; в C (линия 1882, без вставок по греческому) нет	
Быт	11	20	20	[]	132	lxx	по признакам		B: квадратные; в C (линия 1882, без вставок по греческому) нет	
Быт	11	21	21	[]	и умер	lxx	по признакам		B: квадратные; в C (линия 1882, без вставок по греческому) нет	
Быт	11	22	22	[]	130	lxx	по признакам		B: квадратные; в C (линия 1882, без вставок по греческому) нет	
Быт	11	23	23	[]	и умер	lxx	по признакам		B: квадратные; в C (линия 1882, без вставок по греческому) нет	
Быт	11	24	24	[]	79	lxx	по признакам		B: квадратные; в C (линия 1882, без вставок по греческому) нет	
Быт	11	25	25	[]	129	lxx	по признакам		B: квадратные; в C (линия 1882, без вставок по греческому) нет	
Быт	11	25	25	[]	и умер	lxx	по признакам		B: квадратные; в C (линия 1882, без вставок по греческому) нет	
Быт	11	32	32	[]	в Харранской земле	lxx	по признакам		B: квадратные; в C (линия 1882, без вставок по греческому) нет	
Быт	12	1	1	[]	и иди	lxx	по признакам		B: квадратные; в C (линия 1882, без вставок по греческому) нет	
Быт	12	6	6	[]	по длине ее	lxx	по признакам		B: квадратные; в C (линия 1882, без вставок по греческому) нет	
Быт	12	6	6	[]	жили	added	по признакам		B: квадратные; C (линия 1882): курсив — слово для связности, которого нет в еврейском	
Быт	12	7	7	[]	ему	lxx	по признакам		B: квадратные; в C (линия 1882, без вставок по греческому) нет	
Быт	12	7	7	[]	Аврам	lxx	по признакам		B: квадратные; в C (линия 1882, без вставок по греческому) нет	
Быт	12	8	8	[]	явившегося ему	lxx	по признакам		B: квадратные; в C (линия 1882, без вставок по греческому) нет	
Быт	12	19	19	[]	ее	lxx	по признакам		B: квадратные; в C (линия 1882, без вставок по греческому) нет	
Быт	12	20	20	[]	и Лота с ним	lxx	R10: вручную		B: квадратные; в C (линия 1882, без вставок по греческому) нет; в KJV нет	
Быт	13	17	17	[]	и потомству твоему навсегда	lxx	по признакам		B: квадратные; в C (линия 1882, без вставок по греческому) нет	
Быт	14	14	14	[]	Лот	lxx	по признакам		B: квадратные; в C (линия 1882, без вставок по греческому) нет	
Быт	14	20	20	[]	Аврам	added	по признакам		B: квадратные; C (линия 1882): курсив — слово для связности, которого нет в еврейском	
Быт	15	1	1	[]	ночью	lxx	по признакам		B: квадратные; в C (линия 1882, без вставок по греческому) нет	
Быт	15	1	1	[]	будет	lxx	по признакам		B: квадратные; в C (линия 1882, без вставок по греческому) нет	
Быт	15	5	5	[]	ему	lxx	по признакам		B: квадратные; в C (линия 1882, без вставок по греческому) нет	
Быт	15	14	14	[]	сюда	lxx	по признакам		B: квадратные; в C (линия 1882, без вставок по греческому) нет	
Быт	15	21	21	[]	Евеев	lxx	по признакам		B: квадратные; в C (линия 1882, без вставок по греческому) нет	
Быт	16	8	8	[]	ей Ангел Господень	lxx	по признакам		B: квадратные; в C (линия 1882, без вставок по греческому) нет	
Быт	16	13	13	[]	Агарь	lxx	совет: WLC, LXX, CSL		B: квадратные; C (линия 1882): курсив — слово для связности, которого нет в еврейском	вид R10 «в» → lxx; § 8.5, § 9 п. 4: «в» → «а», LXX Αγαρ
Быт	16	15	15	[]	Аврам	added	по признакам		B: квадратные; C (линия 1882): курсив — слово для связности, которого нет в еврейском	
Быт	17	10	10	[]	в роды их	lxx	по признакам		B: квадратные; в C (линия 1882, без вставок по греческому) нет	
Быт	17	14	14	[]	в восьмой день	lxx	по признакам		B: квадратные; в C (линия 1882, без вставок по греческому) нет	
Быт	17	19	19	[]	Аврааму	lxx	по признакам		B: квадратные; в C (линия 1882, без вставок по греческому) нет	
Быт	17	19	19	[]	в том, что Я буду Богом ему и	lxx	по признакам		B: квадратные; в C (линия 1882, без вставок по греческому) нет	
Быт	18	1	1	[]	свой	lxx	по признакам		B: квадратные; в C (линия 1882, без вставок по греческому) нет	
Быт	18	2	2	[]	свой	lxx	по признакам		B: квадратные; в C (линия 1882, без вставок по греческому) нет	
Быт	18	5	5	[]	в путь свой	lxx	R10: вручную		B: квадратные; в C (линия 1882, без вставок по греческому) нет; в KJV нет	
Быт	18	6	6	[]	ей	lxx	по признакам		B: квадратные; в C (линия 1882, без вставок по греческому) нет	
Быт	18	10	10	[]	в следующем году	lxx	по признакам		B: квадратные; в C (линия 1882, без вставок по греческому) нет	
Быт	18	13	13	[]	сама в себе	lxx	по признакам		B: квадратные; в C (линия 1882, без вставок по греческому) нет	
Быт	18	14	14	[]	будет	lxx	по признакам		B: квадратные; в C (линия 1882, без вставок по греческому) нет	
Быт	18	15	15	[]	ей	lxx	по признакам		B: квадратные; в C (линия 1882, без вставок по греческому) нет	
Быт	18	16	16	[]	и Гоморре	lxx	по признакам		B: квадратные; в C (линия 1882, без вставок по греческому) нет	
Быт	18	17	17	[]	раба Моего	lxx	по признакам		B: квадратные; в C (линия 1882, без вставок по греческому) нет	
Быт	18	19	19	[]	все	lxx	по признакам		B: квадратные; в C (линия 1882, без вставок по греческому) нет	
Быт	18	23	23	[]	и с праведником будет то же, что с нечестивым	lxx	по признакам		B: квадратные; в C (линия 1882, без вставок по греческому) нет	
Быт	18	24	24	[]	всего	lxx	по признакам		B: квадратные; в C (линия 1882, без вставок по греческому) нет	
Быт	18	24	24	[]	если они находятся	lxx	по признакам		B: квадратные; в C (линия 1882, без вставок по греческому) нет	
Быт	18	26	26	[]	весь город и	lxx	по признакам		B: квадратные; в C (линия 1882, без вставок по греческому) нет	
Быт	19	7	7	[]	им	lxx	по признакам		B: квадратные; в C (линия 1882, без вставок по греческому) нет	
Быт	19	9	9	[]	ему	lxx	совет: WLC, LXX, CSL		B: квадратные; в C (линия 1882, без вставок по греческому) нет	§ 8.3: выборка «а» подтверждена
Быт	19	10	10	[]	дома	lxx	совет: WLC, LXX, CSL		B: квадратные; в C (линия 1882, без вставок по греческому) нет	§ 8.3: выборка «а» подтверждена
Быт	19	16	16	[]	Ангелы	lxx	по признакам		B: квадратные; в C (линия 1882, без вставок по греческому) нет	
Быт	19	20	20	[]	ради Тебя	lxx	по признакам		B: квадратные; в C (линия 1882, без вставок по греческому) нет	
Быт	19	25	25	[]	все	lxx	по признакам		B: квадратные; в C (линия 1882, без вставок по греческому) нет	
Быт	19	27	27	[]	и пошел	added	R10: вручную		C: курсив («пошел»); в KJV нет	
Быт	19	29	29	[]	все	lxx	по признакам		B: квадратные; в C (линия 1882, без вставок по греческому) нет	
Быт	19	33	33	[]	в ту ночь	lxx	по признакам		B: квадратные; в C (линия 1882, без вставок по греческому) нет	
Быт	19	37	37	[]	говоря: он от отца моего	lxx	R10: вручную		B: квадратные; в C (линия 1882, без вставок по греческому) нет; в KJV нет	
Быт	19	38	38	[]	говоря: он сын рода моего	lxx	R10: вручную		B: квадратные; в C (линия 1882, без вставок по греческому) нет; в KJV нет	
Быт	20	2	2	[]	Ибо он боялся сказать, что это жена его, чтобы жители города того не убили его за нее.	lxx	по признакам		B: квадратные; в C (линия 1882, без вставок по греческому) нет	
Быт	20	4	4	[]	не знавший сего	lxx	по признакам		B: квадратные; в C (линия 1882, без вставок по греческому) нет	
Быт	20	8	8	[]	все	lxx	по признакам		B: квадратные; в C (линия 1882, без вставок по греческому) нет	
Быт	20	14	14	[]	серебра тысячу сиклей и	lxx	по признакам		B: квадратные; в C (линия 1882, без вставок по греческому) нет	
Быт	20	15	15	[]	Аврааму	lxx	по признакам		B: квадратные; в C (линия 1882, без вставок по греческому) нет	
Быт	21	8	8	[]	сын его	lxx	по признакам		B: квадратные; в C (линия 1882, без вставок по греческому) нет	
Быт	21	9	9	[]	над ее сыном, Исааком	lxx	R10: вручную		B: квадратные; в C (линия 1882, без вставок по греческому) нет; в KJV нет	
Быт	21	11	11	[]	Измаила	lxx	по признакам		B: квадратные; в C (линия 1882, без вставок по греческому) нет	
Быт	21	13	13	[]	великий	lxx	по признакам		B: квадратные; в C (линия 1882, без вставок по греческому) нет	
Быт	21	16	16	[]	поодаль	lxx	по признакам		B: квадратные; в C (линия 1882, без вставок по греческому) нет	
Быт	21	16	16	[]	него	lxx	по признакам		B: квадратные; в C (линия 1882, без вставок по греческому) нет	
Быт	21	17	17	[]	оттуда, где он был	lxx	по признакам		B: квадратные; в C (линия 1882, без вставок по греческому) нет	
Быт	21	19	19	[]	живою	lxx	по признакам		B: квадратные; в C (линия 1882, без вставок по греческому) нет	
Быт	21	22	22	[]	Ахузафом невестоводителем и	lxx	совет: WLC, LXX, CSL		B: квадратные; в C (линия 1882, без вставок по греческому) нет	§ 8.3: выборка «а» подтверждена
Быт	21	26	26	[]	ему	lxx	по признакам		B: квадратные; в C (линия 1882, без вставок по греческому) нет	
Быт	21	29	29	[]	из стада овец	lxx	по признакам		B: квадратные; в C (линия 1882, без вставок по греческому) нет	
Быт	21	30	30	[]	Авраам	lxx	по признакам		B: квадратные; в C (линия 1882, без вставок по греческому) нет	
Быт	21	32	32	[]	Ахузаф, невестоводитель его, и	lxx	R10: вручную		B: квадратные; в C (линия 1882, без вставок по греческому) нет; в KJV нет	
Быт	21	33	33	[]	Авраам	added	по признакам		B: квадратные; C (линия 1882): курсив — слово для связности, которого нет в еврейском	
Быт	22	13	13	[]	Исаака	lxx	по признакам		B: квадратные; в C (линия 1882, без вставок по греческому) нет	
Быт	22	16	16	[]	для Меня,	lxx	по признакам		B: квадратные; в C (линия 1882, без вставок по греческому) нет	
Быт	22	23	23	[]	сынов	lxx	по признакам		B: квадратные; в C (линия 1882, без вставок по греческому) нет	
Быт	23	2	2	[]	который на долине,	lxx	по признакам		B: квадратные; в C (линия 1882, без вставок по греческому) нет	
Быт	23	6	6	[]	на нем	lxx	по признакам		B: квадратные; в C (линия 1882, без вставок по греческому) нет	
Быт	23	8	8	[]	Авраам	lxx	по признакам		B: квадратные; в C (линия 1882, без вставок по греческому) нет	
Быт	23	13	13	[]	всего	lxx	по признакам		B: квадратные; в C (линия 1882, без вставок по греческому) нет	
Быт	24	3	3	[]	Исааку	lxx	по признакам		B: квадратные; в C (линия 1882, без вставок по греческому) нет	
Быт	24	4	4	[]	и к племени моему	lxx	по признакам		B: квадратные; в C (линия 1882, без вставок по греческому) нет	
Быт	24	4	4	[]	оттуда	lxx	по признакам		B: квадратные; в C (линия 1882, без вставок по греческому) нет	
Быт	24	7	7	[]	и Бог земли	lxx	по признакам		B: квадратные; в C (линия 1882, без вставок по греческому) нет	
Быт	24	7	7	[]	тебе и	lxx	по признакам		B: квадратные; в C (линия 1882, без вставок по греческому) нет	
Быт	24	7	7	[]	Исааку	lxx	по признакам		B: квадратные; в C (линия 1882, без вставок по греческому) нет	
Быт	24	8	8	[]	в землю сию	lxx	по признакам		B: квадратные; в C (линия 1882, без вставок по греческому) нет	
Быт	24	11	11	[]	воду	lxx	по признакам		B: квадратные; в C (линия 1882, без вставок по греческому) нет	
Быт	24	14	14	[]	мне	lxx	совет: WLC, LXX, CSL		B: квадратные; в C (линия 1882, без вставок по греческому) нет	§ 8.3: выборка «а» подтверждена
Быт	24	14	14	[]	пока не напьются,	lxx	R10: вручную		B: квадратные; в C (линия 1882, без вставок по греческому) нет; в KJV нет	
Быт	24	14	14	[]	Авраамом	lxx	по признакам		B: квадратные; в C (линия 1882, без вставок по греческому) нет	
Быт	24	15	15	[]	в уме своем	lxx	по признакам		B: квадратные; в C (линия 1882, без вставок по греческому) нет	
Быт	24	19	19	[]	все	lxx	по признакам		B: квадратные; в C (линия 1882, без вставок по греческому) нет	
Быт	24	20	20	[]	воды	lxx	по признакам		B: квадратные; в C (линия 1882, без вставок по греческому) нет	
Быт	24	23	23	[]	и спросил ее	lxx	по признакам		B: квадратные; в C (линия 1882, без вставок по греческому) нет	
Быт	24	31	31	[]	ему	lxx	по признакам		B: квадратные; в C (линия 1882, без вставок по греческому) нет	
Быт	24	36	36	[]	одного	lxx	по признакам		B: квадратные; в C (линия 1882, без вставок по греческому) нет	
Быт	24	38	38	[]	оттуда	lxx	по признакам		B: квадратные; в C (линия 1882, без вставок по греческому) нет	
Быт	24	40	40	[]	Бог	lxx	по признакам		B: квадратные; в C (линия 1882, без вставок по греческому) нет	
Быт	24	43	43	[]	и дочери жителей города выходят черпать воду,	lxx	R10: вручную		B: квадратные; в C (линия 1882, без вставок по греческому) нет; в KJV нет	
Быт	24	44	44	[]	рабу Своему Исааку; и по сему узнаю я, что Ты творишь милость с господином моим Авраамом	lxx	по признакам		B: квадратные; в C (линия 1882, без вставок по греческому) нет	
Быт	24	45	45	[]	воды	lxx	по признакам		B: квадратные; в C (линия 1882, без вставок по греческому) нет	
Быт	24	46	46	[]	на руку свою	lxx	R10: вручную		B: квадратные; в C (линия 1882, без вставок по греческому) нет; в KJV нет	
Быт	24	46	46	[]	моих	lxx	по признакам		B: квадратные; в C (линия 1882, без вставок по греческому) нет	
Быт	24	47	47	[]	скажи мне	lxx	по признакам		B: квадратные; в C (линия 1882, без вставок по греческому) нет	
Быт	24	51	51	[]	ее	lxx	по признакам		B: квадратные; в C (линия 1882, без вставок по греческому) нет	
Быт	24	54	54	[]	и я пойду	lxx	по признакам		B: квадратные; в C (линия 1882, без вставок по греческому) нет	
Быт	24	67	67	[]	Сарре,	lxx	по признакам		B: квадратные; в C (линия 1882, без вставок по греческому) нет	
Быт	25	3	3	[]	Фемана	lxx	по признакам		B: квадратные; в C (линия 1882, без вставок по греческому) нет	
Быт	25	3	3	[]	Рагуил, Навдеил,	lxx	по признакам		B: квадратные; в C (линия 1882, без вставок по греческому) нет	
Быт	25	5	5	[]	сыну своему	lxx	по признакам		B: квадратные; в C (линия 1882, без вставок по греческому) нет	
Быт	25	8	8	[]	жизнью	added	по признакам		B: квадратные; C (линия 1882): курсив — слово для связности, которого нет в еврейском	
Быт	25	10	10	[]	и в пещере	lxx	по признакам		B: квадратные; в C (линия 1882, без вставок по греческому) нет	
Быт	25	21	21	[]	Ревекке	lxx	по признакам		B: квадратные; в C (линия 1882, без вставок по греческому) нет	
Быт	25	26	26	[]	от Ревекки	lxx	по признакам		B: квадратные; в C (линия 1882, без вставок по греческому) нет	
Быт	25	31	31	[]	Исаву	lxx	по признакам		B: квадратные; в C (линия 1882, без вставок по греческому) нет	
Быт	25	33	33	[]	ему	lxx	R10: вручную		B: квадратные; в C (линия 1882, без вставок по греческому) нет; в KJV нет	
Быт	25	33	33	[]	Исав	lxx	по признакам		B: квадратные; в C (линия 1882, без вставок по греческому) нет	
Быт	26	3	3	[]	Мою	lxx	по признакам		B: квадратные; в C (линия 1882, без вставок по греческому) нет	
Быт	26	5	5	[]	отец твой	lxx	по признакам		B: квадратные; в C (линия 1882, без вставок по греческому) нет	
Быт	26	7	7	[]	Ревекке	lxx	по признакам		B: квадратные; в C (линия 1882, без вставок по греческому) нет	
Быт	26	10	10	[]	ему	lxx	по признакам		B: квадратные; в C (линия 1882, без вставок по греческому) нет	
Быт	26	10	10	[]	моего	lxx	по признакам		B: квадратные; в C (линия 1882, без вставок по греческому) нет	
Быт	26	18	18	[]	отца его	lxx	по признакам		B: квадратные; в C (линия 1882, без вставок по греческому) нет	
Быт	26	18	18	[]	Авраам,	lxx	по признакам		B: квадратные; в C (линия 1882, без вставок по греческому) нет	
Быт	26	19	19	[]	Герарской	lxx	по признакам		B: квадратные; в C (линия 1882, без вставок по греческому) нет	
Быт	26	21	21	[]	Когда двинулся оттуда Исаак,	lxx	R10: вручную		B: квадратные; в C (линия 1882, без вставок по греческому) нет; в KJV нет	
Быт	26	24	24	[]	отца твоего	lxx	по признакам		B: квадратные; в C (линия 1882, без вставок по греческому) нет	
Быт	26	25	25	[]	в долине Герарской	lxx	по признакам		B: квадратные; в C (линия 1882, без вставок по греческому) нет	
Быт	26	33	33	[]	Вирсавия	lxx	по признакам		B: квадратные; в C (линия 1882, без вставок по греческому) нет	
Быт	27	2	2	[]	Исаак	lxx	по признакам		B: квадратные; в C (линия 1882, без вставок по греческому) нет	
Быт	27	6	6	[]	меньшему	lxx	по признакам		B: квадратные; в C (линия 1882, без вставок по греческому) нет	
Быт	27	9	9	[]	молодых	lxx	по признакам		B: квадратные; в C (линия 1882, без вставок по греческому) нет	
Быт	27	15	15	[]	в нее	added	по признакам		B: квадратные; C (линия 1882): курсив — слово для связности, которого нет в еврейском	
Быт	27	21	21	[]	ко мне	lxx	по признакам		B: квадратные; в C (линия 1882, без вставок по греческому) нет	
Быт	27	26	26	[]	ко мне	lxx	по признакам		B: квадратные; в C (линия 1882, без вставок по греческому) нет	
Быт	27	27	27	[]	полного	lxx	по признакам		B: квадратные; в C (линия 1882, без вставок по греческому) нет	
Быт	27	30	30	[]	сыном своим	lxx	по признакам		B: квадратные; в C (линия 1882, без вставок по греческому) нет	
Быт	27	33	33	[]	мне	lxx	по признакам		B: квадратные; в C (линия 1882, без вставок по греческому) нет	
Быт	27	34	34	[]	Исаака	lxx	по признакам		B: квадратные; в C (линия 1882, без вставок по греческому) нет	
Быт	27	35	35	[]	ему	lxx	по признакам		B: квадратные; в C (линия 1882, без вставок по греческому) нет	
Быт	27	36	36	[]	Исав	lxx	по признакам		B: квадратные; в C (линия 1882, без вставок по греческому) нет	
Быт	27	36	36	[]	Исав отцу своему	lxx	по признакам		B: квадратные; в C (линия 1882, без вставок по греческому) нет	
Быт	27	36	36	[]	и	lxx	по признакам		B: квадратные; в C (линия 1882, без вставок по греческому) нет	
Быт	27	38	38	[]	как Исаак молчал,	lxx	по признакам		B: квадратные; в C (линия 1882, без вставок по греческому) нет	
Быт	27	43	43	[]	в Месопотамию	lxx	по признакам		B: квадратные; в C (линия 1882, без вставок по греческому) нет	
Быт	28	4	4	[]	отца моего	lxx	по признакам		B: квадратные; в C (линия 1882, без вставок по греческому) нет	
Быт	28	13	13	[]	не бойся	lxx	по признакам		B: квадратные; в C (линия 1882, без вставок по греческому) нет	
Быт	28	19	19	[]	Иаков	lxx	совет: WLC, LXX, CSL		B: квадратные; в C (линия 1882, без вставок по греческому) нет	§ 8.5: LXX Ιακωβ; кто назвал — Быт 28:18; 35:15
Быт	28	20	20	[]	Господь	lxx	по признакам		B: квадратные; в C (линия 1882, без вставок по греческому) нет	
Быт	28	22	22	[]	у меня	lxx	по признакам		B: квадратные; в C (линия 1882, без вставок по греческому) нет	
Быт	29	1	1	[]	к Лавану, сыну Вафуила Арамеянина, к брату Ревекки, матери Иакова и Исава	lxx	по признакам		B: квадратные; в C (линия 1882, без вставок по греческому) нет	
Быт	29	4	4	[]	пастухам	lxx	по признакам		B: квадратные; в C (линия 1882, без вставок по греческому) нет	
Быт	29	7	7	[]	Иаков	lxx	по признакам		B: квадратные; в C (линия 1882, без вставок по греческому) нет	
Быт	29	9	9	[]	дочь Лавана	lxx	по признакам		B: квадратные; в C (линия 1882, без вставок по греческому) нет	
Быт	29	9	9	[]	мелкий скот отца своего	lxx	по признакам		B: квадратные; в C (линия 1882, без вставок по греческому) нет	
Быт	29	12	12	[]	всё сие	lxx	по признакам		B: квадратные; в C (линия 1882, без вставок по греческому) нет	
Быт	29	19	19	[]	ему	lxx	по признакам		B: квадратные; в C (линия 1882, без вставок по греческому) нет	
Быт	29	23	23	[]	Лаван	lxx	по признакам		B: квадратные; в C (линия 1882, без вставок по греческому) нет	
Быт	29	23	23	[]	Иаков	lxx	совет: WLC, LXX, CSL		B: квадратные; C (линия 1882): курсив — слово для связности, которого нет в еврейском	вид R10 «в» → lxx; § 8.4: «в» → «а»: LXX Ιακωβ
Быт	29	25	25	[]	Иаков	lxx	по признакам		B: квадратные; в C (линия 1882, без вставок по греческому) нет	
Быт	29	28	28	[]	Лаван	added	по признакам		B: квадратные; C (линия 1882): курсив — слово для связности, которого нет в еврейском	
Быт	29	30	30	[]	Иаков	added	по признакам		B: квадратные; C (линия 1882): курсив — слово для связности, которого нет в еврейском	
Быт	29	31	31	[]	Бог	lxx	по признакам		B: квадратные; в C (линия 1882, без вставок по греческому) нет	
Быт	29	32	32	[]	Иакову	lxx	по признакам		B: квадратные; в C (линия 1882, без вставок по греческому) нет	
Быт	29	32	32	[]	и дал мне сына	lxx	по признакам		B: квадратные; в C (линия 1882, без вставок по греческому) нет	
Быт	29	33	33	[]	Лия	lxx	по признакам		B: квадратные; в C (линия 1882, без вставок по греческому) нет	
Быт	29	33	33	[]	Иакову второго	lxx	по признакам		B: квадратные; в C (линия 1882, без вставок по греческому) нет	
Быт	30	2	2	[]	ей	lxx	совет: WLC, LXX, CSL		B: квадратные; в C (линия 1882, без вставок по греческому) нет	§ 8.3: выборка «а» подтверждена
Быт	30	5	5	[]	служанка Рахилина	lxx	по признакам		B: квадратные; в C (линия 1882, без вставок по греческому) нет	
Быт	30	9	9	[]	и он вошел к ней	lxx	по признакам		B: квадратные; в C (линия 1882, без вставок по греческому) нет	
Быт	30	10	10	[]	зачала и	lxx	по признакам		B: квадратные; в C (линия 1882, без вставок по греческому) нет	
Быт	30	12	12	[]	еще зачала	lxx	по признакам		B: квадратные; в C (линия 1882, без вставок по греческому) нет	
Быт	30	12	12	[]	и	lxx	по признакам		B: квадратные; в C (линия 1882, без вставок по греческому) нет	
Быт	30	14	14	[]	сестре своей	lxx	по признакам		B: квадратные; в C (линия 1882, без вставок по греческому) нет	
Быт	30	15	15	[]	Лия	lxx	совет: WLC, LXX, CSL		B: квадратные; в C (линия 1882, без вставок по греческому) нет	§ 8.3: выборка «а» подтверждена
Быт	30	16	16	[]	сегодня	lxx	R10: вручную		B: квадратные; в C (линия 1882, без вставок по греческому) нет; в KJV нет	
Быт	30	18	18	[]	что значит возмездие	lxx	по признакам		B: квадратные; в C (линия 1882, без вставок по греческому) нет	
Быт	30	23	23	[]	Иакову	lxx	по признакам		B: квадратные; в C (линия 1882, без вставок по греческому) нет	
Быт	30	23	23	[]	Рахиль	lxx	по признакам		B: квадратные; в C (линия 1882, без вставок по греческому) нет	
Быт	30	26	26	[]	мне	lxx	совет: WLC, LXX, CSL		B: квадратные; в C (линия 1882, без вставок по греческому) нет	§ 8.3: выборка «а» подтверждена
Быт	30	28	28	[]	тебе	lxx	R10: вручную		B: квадратные; в C (линия 1882, без вставок по греческому) нет; в KJV нет	
Быт	30	29	29	[]	Иаков	lxx	совет: WLC, LXX, CSL		B: квадратные; C (линия 1882): курсив — слово для связности, которого нет в еврейском	вид R10 «в» → lxx; § 8.4: «в» → «а»: LXX Ιακωβ
Быт	30	31	31	[]	ему Лаван	lxx	по признакам		B: квадратные; в C (линия 1882, без вставок по греческому) нет	
Быт	30	31	31	[]	ему	lxx	по признакам		B: квадратные; в C (линия 1882, без вставок по греческому) нет	
Быт	30	32	32	[]	и будет мой	lxx	R10: вручную		B: квадратные; C: без пометы; в KJV нет	
Быт	30	34	34	[]	ему	lxx	по признакам		B: квадратные; в C (линия 1882, без вставок по греческому) нет	
Быт	30	37	37	[]	Иаков	lxx	по признакам		B: квадратные; в C (линия 1882, без вставок по греческому) нет	
Быт	30	43	43	[]	и крупного скота	lxx	по признакам		B: квадратные; в C (линия 1882, без вставок по греческому) нет	
Быт	31	1	1	[]	Иаков	added	по признакам		B: квадратные; C (линия 1882): курсив — слово для связности, которого нет в еврейском	
Быт	31	9	9	[]	весь	lxx	по признакам		B: квадратные; в C (линия 1882, без вставок по греческому) нет	
Быт	31	9	9	[]	его	lxx	по признакам		B: квадратные; в C (линия 1882, без вставок по греческому) нет	
Быт	31	10	10	[]	и овны	lxx	по признакам		B: квадратные; в C (линия 1882, без вставок по греческому) нет	
Быт	31	10	10	[]	на коз и овец	lxx	R10: вручную		B: квадратные; в C (линия 1882, без вставок по греческому) нет; в KJV нет	
Быт	31	12	12	[]	и овны	lxx	по признакам		B: квадратные; в C (линия 1882, без вставок по греческому) нет	
Быт	31	12	12	[]	на коз и овец	lxx	по признакам		B: квадратные; в C (линия 1882, без вставок по греческому) нет	
Быт	31	13	13	[]	явившийся тебе	added	по признакам		B: квадратные; C (линия 1882): курсив — слово для связности, которого нет в еврейском	
Быт	31	13	13	[]	и Я буду с тобою	lxx	по признакам		B: квадратные; в C (линия 1882, без вставок по греческому) нет	
Быт	31	16	16	[]	имение и	lxx	по признакам		B: квадратные; в C (линия 1882, без вставок по греческому) нет	
Быт	31	18	18	[]	и все свое,	lxx	R10: вручную		B: квадратные; в C (линия 1882, без вставок по греческому) нет; в KJV нет	
Быт	31	22	22	[]	Арамеянину	lxx	по признакам		B: квадратные; в C (линия 1882, без вставок по греческому) нет	
Быт	31	23	23	[]	сынов и	lxx	по признакам		B: квадратные; в C (линия 1882, без вставок по греческому) нет	
Быт	31	31	31	[]	и всего моего	lxx	по признакам		B: квадратные; в C (линия 1882, без вставок по греческому) нет	
Быт	31	32	32	[]	И сказал Иаков:	lxx	по признакам		B: квадратные; в C (линия 1882, без вставок по греческому) нет	
Быт	31	32	32	[]	есть твоего	lxx	по признакам		B: квадратные; в C (линия 1882, без вставок по греческому) нет	
Быт	31	32	32	[]	Но он ничего у него не узнал.	lxx	по признакам		B: квадратные; в C (линия 1882, без вставок по греческому) нет	
Быт	31	32	32	[]	жена его	lxx	по признакам		B: квадратные; в C (линия 1882, без вставок по греческому) нет	
Быт	31	33	33	[]	и обыскивал,	lxx	по признакам		B: квадратные; в C (линия 1882, без вставок по греческому) нет	
Быт	31	35	35	[]	Лаван	lxx	R10: вручную		B: квадратные; в C (линия 1882, без вставок по греческому) нет; в KJV нет	
Быт	31	35	35	[]	во всем шатре	lxx	по признакам		B: квадратные; в C (линия 1882, без вставок по греческому) нет	
Быт	31	37	37	[]	в доме моем	lxx	по признакам		B: квадратные; в C (линия 1882, без вставок по греческому) нет	
Быт	31	44	44	[]	При сем Иаков сказал ему: вот, с нами нет никого; смотри, Бог свидетель между мною и тобою.	lxx	по признакам		B: квадратные; в C (линия 1882, без вставок по греческому) нет	
Быт	31	46	46	[]	и пили	lxx	по признакам		B: квадратные; в C (линия 1882, без вставок по греческому) нет	
Быт	31	46	46	[]	И сказал ему Лаван: холм сей свидетель сегодня между мною и тобою.	lxx	по признакам		B: квадратные; в C (линия 1882, без вставок по греческому) нет	
Быт	31	48	48	[]	Иакову	lxx	по признакам		B: квадратные; в C (линия 1882, без вставок по греческому) нет	
Быт	31	48	48	[]	и памятник, который я поставил,	lxx	по признакам		B: квадратные; в C (линия 1882, без вставок по греческому) нет	
Быт	31	50	50	[]	который бы видел,	lxx	по признакам		B: квадратные; в C (линия 1882, без вставок по греческому) нет	
Быт	31	54	54	[]	и пили	lxx	по признакам		B: квадратные; в C (линия 1882, без вставок по греческому) нет	
Быт	32	1	1	[]	И, взглянув, увидел ополчение Божие ополчившееся.	lxx	по признакам		B: квадратные; в C (линия 1882, без вставок по греческому) нет	
Быт	32	5	5	[]	Исава	lxx	по признакам		B: квадратные; в C (линия 1882, без вставок по греческому) нет	
Быт	32	5	5	[]	рабу твоему	lxx	по признакам		B: квадратные; в C (линия 1882, без вставок по греческому) нет	
Быт	32	8	8	[]	Иаков	lxx	по признакам		B: квадратные; в C (линия 1882, без вставок по греческому) нет	
Быт	32	9	9	[]	Боже	lxx	по признакам		B: квадратные; в C (линия 1882, без вставок по греческому) нет	
Быт	32	11	11	[]	и	added	по признакам		B: квадратные; C (линия 1882): курсив — слово для связности, которого нет в еврейском	
Быт	32	13	13	[]	и послал	lxx	по признакам		B: квадратные; в C (линия 1882, без вставок по греческому) нет	
Быт	32	17	17	[]	идет	lxx	по признакам		B: квадратные; в C (линия 1882, без вставок по греческому) нет	
Быт	32	18	18	[]	идет	added	совет: WLC, LXX, CSL		B: квадратные; в C (линия 1882, без вставок по греческому) нет	вид R10 «а» → added; § 8.3, § 9 п. 5: нет в WLC и LXX; CSL «(идет)» в скобках — «в», а не «а»
Быт	32	19	19	[]	что первому	lxx	по признакам		B: квадратные; в C (линия 1882, без вставок по греческому) нет	
Быт	32	20	20	[]	идет	lxx	по признакам		B: квадратные; в C (линия 1882, без вставок по греческому) нет	
Быт	32	26	26	[]	ему	lxx	по признакам		B: квадратные; в C (линия 1882, без вставок по греческому) нет	
Быт	32	28	28	[]	ему	lxx	по признакам		B: квадратные; в C (линия 1882, без вставок по греческому) нет	
Быт	32	29	29	[]	мне	lxx	по признакам		B: квадратные; в C (линия 1882, без вставок по греческому) нет	
Быт	32	29	29	[]	оно чудно.	lxx	по признакам		B: квадратные; в C (линия 1882, без вставок по греческому) нет	
Быт	33	1	1	[]	брат его,	lxx	по признакам		B: квадратные; в C (линия 1882, без вставок по греческому) нет	
Быт	33	1	1	[]	Иаков	lxx	по признакам		B: квадратные; в C (линия 1882, без вставок по греческому) нет	
Быт	33	2	2	[]	двух	lxx	по признакам		B: квадратные; в C (линия 1882, без вставок по греческому) нет	
Быт	33	4	4	[]	оба	lxx	по признакам		B: квадратные; в C (линия 1882, без вставок по греческому) нет	
Быт	33	5	5	[]	Исав	lxx	по признакам		B: квадратные; в C (линия 1882, без вставок по греческому) нет	
Быт	33	8	8	[]	рабу твоему	lxx	по признакам		B: квадратные; в C (линия 1882, без вставок по греческому) нет	
Быт	34	5	5	[]	сын Емморов	lxx	совет: WLC, LXX, CSL		B: квадратные; C (линия 1882): курсив — слово для связности, которого нет в еврейском	вид R10 «в» → lxx; § 8.5, § 9 п. 4: «в» → «а», LXX ὁ υἱὸς Εμμωρ
Быт	34	9	9	[]	за сыновей ваших	lxx	совет: WLC, LXX, CSL		B: квадратные; в C (линия 1882, без вставок по греческому) нет	§ 8.3: выборка «а» подтверждена
Быт	34	10	10	[]	пространна	lxx	по признакам		B: квадратные; в C (линия 1882, без вставок по греческому) нет	
Быт	34	14	14	[]	Симеон и Левий, братья Дины, сыновья Лиины	lxx	по признакам		B: квадратные; в C (линия 1882, без вставок по греческому) нет	
Быт	34	15	15	[]	и поселимся у вас	lxx	по признакам		B: квадратные; в C (линия 1882, без вставок по греческому) нет	
Быт	34	23	23	[]	в том	lxx	по признакам		B: квадратные; в C (линия 1882, без вставок по греческому) нет	
Быт	34	27	27	[]	Дину	lxx	по признакам		B: квадратные; в C (линия 1882, без вставок по греческому) нет	
Быт	34	29	29	[]	городе, и всё, что было в	lxx	по признакам		B: квадратные; в C (линия 1882, без вставок по греческому) нет	
Быт	34	30	30	[]	всех	lxx	по признакам		B: квадратные; в C (линия 1882, без вставок по греческому) нет	
Быт	35	3	3	[]	и хранил меня	lxx	по признакам		B: квадратные; в C (линия 1882, без вставок по греческому) нет	
Быт	35	4	4	[]	И оставил их безвестными даже до нынешнего дня.	lxx	по признакам		B: квадратные; в C (линия 1882, без вставок по греческому) нет	
Быт	35	5	5	[]	от Сихема	lxx	по признакам		B: квадратные; в C (линия 1882, без вставок по греческому) нет	
Быт	35	7	7	[]	Исава	lxx	по признакам		B: квадратные; в C (линия 1882, без вставок по греческому) нет	
Быт	35	9	9	[]	в Лузе	lxx	по признакам		B: квадратные; в C (линия 1882, без вставок по греческому) нет	
Быт	35	14	14	[]	Бог	added	по признакам		B: квадратные; C (линия 1882): курсив — слово для связности, которого нет в еврейском	
Быт	35	16	16	[]	И раскинул он шатер свой за башнею Гадер.	lxx	по признакам		B: квадратные; в C (линия 1882, без вставок по греческому) нет	
Быт	35	21	21	[]	оттуда	lxx	по признакам		B: квадратные; в C (линия 1882, без вставок по греческому) нет	
Быт	35	22	22	[]	Иакова	lxx	по признакам		B: квадратные; в C (линия 1882, без вставок по греческому) нет	
Быт	35	22	22	[]	и принял то с огорчением	lxx	по признакам		B: квадратные; в C (линия 1882, без вставок по греческому) нет	
Быт	35	27	27	[]	ибо он был еще жив,	lxx	по признакам		B: квадратные; в C (линия 1882, без вставок по греческому) нет	
Быт	35	27	27	[]	в земле Ханаанской,	lxx	R10: вручную		B: квадратные; в C (линия 1882, без вставок по греческому) нет; в KJV нет	
Быт	35	28	28	[]	жизни	added	по признакам		B: квадратные; C (линия 1882): курсив — слово для связности, которого нет в еврейском	
Быт	36	6	6	[]	все	lxx	по признакам		B: квадратные; в C (линия 1882, без вставок по греческому) нет	
Быт	36	6	6	[]	Исав	lxx	по признакам		B: квадратные; в C (линия 1882, без вставок по греческому) нет	
Быт	36	27	27	[]	Укам	lxx	по признакам		B: квадратные; в C (линия 1882, без вставок по греческому) нет	
Быт	36	39	39	[]	сын Варадов	lxx	по признакам		B: квадратные; в C (линия 1882, без вставок по греческому) нет	
Быт	36	40	40	[]	по народам их	lxx	по признакам		B: квадратные; в C (линия 1882, без вставок по греческому) нет	
Быт	37	1	1	[]	Исаака	lxx	по признакам		B: квадратные; в C (линия 1882, без вставок по греческому) нет	
Быт	37	2	2	[]	отца своего	lxx	по признакам		B: квадратные; в C (линия 1882, без вставок по греческому) нет	
Быт	37	2	2	[]	Израиля	lxx	по признакам		B: квадратные; в C (линия 1882, без вставок по греческому) нет	
Быт	37	5	5	[]	его	lxx	совет: WLC, LXX, CSL		B: квадратные; в C (линия 1882, без вставок по греческому) нет	§ 8.3: выборка «а» подтверждена
Быт	37	9	9	[]	отцу своему и	lxx	по признакам		B: квадратные; в C (линия 1882, без вставок по греческому) нет	
Быт	37	14	14	[]	Израиль	lxx	по признакам		B: квадратные; в C (линия 1882, без вставок по греческому) нет	
Быт	37	22	22	[]	с тем намерением	lxx	по признакам		B: квадратные; в C (линия 1882, без вставок по греческому) нет	
Быт	38	5	5	[]	третьего	lxx	по признакам		B: квадратные; в C (линия 1882, без вставок по греческому) нет	
Быт	38	9	9	[]	семя	lxx	по признакам		B: квадратные; в C (линия 1882, без вставок по греческому) нет	
Быт	38	11	11	[]	по смерти двух сыновей своих	lxx	по признакам		B: квадратные; в C (линия 1882, без вставок по греческому) нет	
Быт	38	11	11	[]	в уме своем	lxx	по признакам		B: квадратные; в C (линия 1882, без вставок по греческому) нет	
Быт	38	15	15	[]	И не узнал ее.	lxx	по признакам		B: квадратные; в C (линия 1882, без вставок по греческому) нет	
Быт	38	17	17	[]	моего	lxx	по признакам		B: квадратные; в C (линия 1882, без вставок по греческому) нет	
Быт	38	28	28	[]	одного	lxx	по признакам		B: квадратные; в C (линия 1882, без вставок по греческому) нет	
Быт	39	5	5	[]	его	lxx	по признакам		B: квадратные; в C (линия 1882, без вставок по греческому) нет	
Быт	39	17	17	[]	и говорил мне: лягу я с тобою	lxx	по признакам		B: квадратные; в C (линия 1882, без вставок по греческому) нет	
Быт	39	18	18	[]	услышал, что	lxx	по признакам		B: квадратные; в C (линия 1882, без вставок по греческому) нет	
Быт	40	17	17	[]	небесные	lxx	по признакам		B: квадратные; в C (линия 1882, без вставок по греческому) нет	
Быт	40	18	18	[]	ему	lxx	по признакам		B: квадратные; в C (линия 1882, без вставок по греческому) нет	
Быт	40	19	19	[]	небесные	lxx	по признакам		B: квадратные; в C (линия 1882, без вставок по греческому) нет	
Быт	40	22	22	[]	на дереве	lxx	по признакам		B: квадратные; в C (линия 1882, без вставок по греческому) нет	
Быт	41	34	34	[]	всех произведений	lxx	по признакам		B: квадратные; в C (линия 1882, без вставок по греческому) нет	
Быт	41	48	48	[]	плодородны	added	по признакам		B: квадратные; C (линия 1882): курсив — слово для связности, которого нет в еврейском	
Быт	41	51	51	[]	говорил он	added	по признакам		B: квадратные; C (линия 1882): курсив — слово для связности, которого нет в еврейском	
Быт	41	52	52	[]	говорил он	added	по признакам		B: квадратные; C (линия 1882): курсив — слово для связности, которого нет в еврейском	
Быт	42	21	21	[]	его	lxx	по признакам		B: квадратные; в C (линия 1882, без вставок по греческому) нет	
Быт	42	24	24	[]	Иосиф	lxx	по признакам		B: квадратные; в C (линия 1882, без вставок по греческому) нет	
Быт	43	16	16	[]	брата своего, сына матери своей	lxx	по признакам		B: квадратные; в C (линия 1882, без вставок по греческому) нет	
Быт	43	28	28	[]	Он сказал: благословен человек сей от Бога.	lxx	по признакам		B: квадратные; в C (линия 1882, без вставок по греческому) нет	
Быт	43	29	29	[]	Иосиф	lxx	по признакам		B: квадратные; в C (линия 1882, без вставок по греческому) нет	
Быт	44	1	1	[]	Иосиф	added	по признакам		B: квадратные; C (линия 1882): курсив — слово для связности, которого нет в еврейском	
Быт	44	4	4	[]	для чего украли у меня серебряную чашу?	lxx	по признакам		B: квадратные; в C (линия 1882, без вставок по греческому) нет	
Быт	44	9	9	[]	чаша	lxx	по признакам		B: квадратные; в C (линия 1882, без вставок по греческому) нет	
Быт	44	10	10	[]	чаша	added	по признакам		B: квадратные; C (линия 1882): курсив — слово для связности, которого нет в еврейском	
Быт	44	17	17	[]	Иосиф	added	по признакам		B: квадратные; C (линия 1882): курсив — слово для связности, которого нет в еврейском	
Быт	44	20	20	[]	у него	lxx	по признакам		B: квадратные; в C (линия 1882, без вставок по греческому) нет	
Быт	44	32	32	[]	и не поставлю его пред тобою	lxx	по признакам		B: квадратные; в C (линия 1882, без вставок по греческому) нет	
Быт	45	6	6	[]	остается	lxx	по признакам		B: квадратные; в C (линия 1882, без вставок по греческому) нет	
Быт	45	17	17	[]	хлебом	lxx	по признакам		B: квадратные; в C (линия 1882, без вставок по греческому) нет	
Быт	45	18	18	[]	место	lxx	по признакам		B: квадратные; в C (линия 1882, без вставок по греческому) нет	
Быт	45	26	26	[]	сын твой	lxx	по признакам		B: квадратные; в C (линия 1882, без вставок по греческому) нет	
Быт	45	28	28	[]	сего для меня	lxx	совет: WLC, LXX, CSL		B: квадратные; в C (линия 1882, без вставок по греческому) нет	§ 8.3: выборка «а» подтверждена
Быт	46	21	21	[]	сыны Белы были:	lxx	по признакам		B: квадратные; в C (линия 1882, без вставок по греческому) нет	
Быт	46	27	27	[]	с Иаковом	lxx	по признакам		B: квадратные; в C (линия 1882, без вставок по греческому) нет	
Быт	46	27	27	[]	пять	lxx	по признакам		B: квадратные; в C (линия 1882, без вставок по греческому) нет	
Быт	47	16	16	[]	хлеб	lxx	R10: вручную		B: квадратные; в C (линия 1882, без вставок по греческому) нет; в KJV нет	
Быт	47	22	22	[]	Иосиф	lxx	по признакам		B: квадратные; в C (линия 1882, без вставок по греческому) нет	
Быт	48	1	1	[]	и пошел к Иакову	lxx	по признакам		B: квадратные; в C (линия 1882, без вставок по греческому) нет	
Быт	48	7	7	[]	мать твоя	lxx	по признакам		B: квадратные; в C (линия 1882, без вставок по греческому) нет	
Быт	48	9	9	[]	Иаков	added	R10: вручную		C: без пометы; в KJV «he said» — имя добавлено для ясности	
Быт	48	13	13	[]	сыновей своих	lxx	по признакам		B: квадратные; в C (линия 1882, без вставок по греческому) нет	
Быт	49	4	4	[]	на которую	lxx	по признакам		B: квадратные; в C (линия 1882, без вставок по греческому) нет	
Быт	49	12	12	[]	его	added	по признакам		B: квадратные; C (линия 1882): курсив — слово для связности, которого нет в еврейском	
Быт	49	12	12	[]	его	lxx	по признакам		B: квадратные; в C (линия 1882, без вставок по греческому) нет	
Быт	49	30	30	[]	пещеру	lxx	по признакам		B: квадратные; в C (линия 1882, без вставок по греческому) нет	
Быт	50	5	5	[]	Слова Иосифа пересказали фараону.	lxx	по признакам		B: квадратные; в C (линия 1882, без вставок по греческому) нет	
Быт	50	11	11	[]	месту	added	по признакам		B: квадратные; C (линия 1882): курсив — слово для связности, которого нет в еврейском	
Исх	1	1	1	[]	отцом их	lxx	по признакам		B: квадратные; в C (линия 1882, без вставок по греческому) нет	
Исх	1	1	1	[]	всем	lxx	по признакам		B: квадратные; в C (линия 1882, без вставок по греческому) нет	
Исх	1	5	5	[]	пять	lxx	совет: WLC, LXX, CSL		B: квадратные; в C (линия 1882, без вставок по греческому) нет	§ 8.3: выборка «а» подтверждена
Исх	1	10	10	[]	нашей	added	по признакам		B: квадратные; C (линия 1882): курсив — слово для связности, которого нет в еврейском	
Исх	1	11	11	[]	и он, иначе Илиополь	lxx	по признакам		B: квадратные; в C (линия 1882, без вставок по греческому) нет	
Исх	1	12	12	[]	Египтяне	lxx	по признакам		B: квадратные; в C (линия 1882, без вставок по греческому) нет	
Исх	1	16	16	[]	им	lxx	по признакам		B: квадратные; в C (линия 1882, без вставок по греческому) нет	
Исх	1	22	22	[]	у Евреев	lxx	совет: WLC, LXX, CSL		B: квадратные; C (линия 1882): курсив — слово для связности, которого нет в еврейском	вид R10 «в» → lxx; § 8.4: «в» → «а»: LXX τοῖς Εβραίοις
Исх	2	6	6	[]	в корзинке	lxx	по признакам		B: квадратные; в C (линия 1882, без вставок по греческому) нет	
Исх	2	6	6	[]	дочь фараонова	lxx	по признакам		B: квадратные; в C (линия 1882, без вставок по греческому) нет	
Исх	2	11	11	[]	сынам Израилевым	added	по признакам		B: квадратные; C (линия 1882): курсив — слово для связности, которого нет в еврейском	
Исх	2	11	11	[]	сынов Израилевых	lxx	по признакам		B: квадратные; в C (линия 1882, без вставок по греческому) нет	
Исх	2	14	14	[]	вчера	lxx	по признакам		B: квадратные; в C (линия 1882, без вставок по греческому) нет	
Исх	2	15	15	[]	придя в землю Мадиамскую	lxx	по признакам		B: квадратные; в C (линия 1882, без вставок по греческому) нет	
Исх	2	16	16	[]	было	added	по признакам		B: квадратные; C (линия 1882): курсив — слово для связности, которого нет в еврейском	
Исх	2	16	16	[]	которые пасли овец отца своего Иофора	lxx	по признакам		B: квадратные; в C (линия 1882, без вставок по греческому) нет	
Исх	2	16	16	[]	Иофора	lxx	по признакам		B: квадратные; в C (линия 1882, без вставок по греческому) нет	
Исх	2	17	17	[]	и начерпал им воды	lxx	по признакам		B: квадратные; в C (линия 1882, без вставок по греческому) нет	
Исх	2	18	18	[]	им	lxx	по признакам		B: квадратные; в C (линия 1882, без вставок по греческому) нет	
Исх	2	19	19	[]	наших	lxx	по признакам		B: квадратные; в C (линия 1882, без вставок по греческому) нет	
Исх	2	22	22	[]	зачала и	lxx	по признакам		B: квадратные; в C (линия 1882, без вставок по греческому) нет	
Исх	2	22	22	[]	Моисей	added	по признакам		B: квадратные; C (линия 1882): курсив — слово для связности, которого нет в еврейском	
Исх	2	22	22	[]	И зачав еще, родила другого сына, и он нарек ему имя: Елиезер, сказав: Бог отца моего был мне помощником и избавил меня от руки фараона.	lxx	по признакам		B: квадратные; в C (линия 1882, без вставок по греческому) нет	
Исх	3	4	4	[]	Господи	lxx	по признакам		B: квадратные; в C (линия 1882, без вставок по греческому) нет	
Исх	3	6	6	[]	ему	lxx	по признакам		B: квадратные; в C (линия 1882, без вставок по греческому) нет	
Исх	3	7	7	[]	Моисею	lxx	по признакам		B: квадратные; в C (линия 1882, без вставок по греческому) нет	
Исх	3	8	8	[]	и ввести его	lxx	R10: вручную		B: квадратные; в C (линия 1882, без вставок по греческому) нет; в KJV нет	
Исх	3	8	8	[]	Гергесеев,	lxx	по признакам		B: квадратные; в C (линия 1882, без вставок по греческому) нет	
Исх	3	10	10	[]	царю Египетскому	lxx	по признакам		B: квадратные; в C (линия 1882, без вставок по греческому) нет	
Исх	3	11	11	[]	царю Египетскому	lxx	совет: WLC, LXX, CSL		B: квадратные; в C (линия 1882, без вставок по греческому) нет	§ 8.3: выборка «а» подтверждена
Исх	3	12	12	[]	Бог	added	по признакам		B: квадратные; C (линия 1882): курсив — слово для связности, которого нет в еврейском	
Исх	3	12	12	[]	Мой	lxx	по признакам		B: квадратные; в C (линия 1882, без вставок по греческому) нет	
Исх	3	14	14	[]	Иегова	added	по признакам		B: квадратные; C (линия 1882): курсив — слово для связности, которого нет в еврейском	
Исх	3	16	16	[]	сынов	lxx	по признакам		B: квадратные; в C (линия 1882, без вставок по греческому) нет	
Исх	3	16	16	[]	Бог	lxx	по признакам		B: квадратные; в C (линия 1882, без вставок по греческому) нет	
Исх	3	16	16	[]	Бог	lxx	по признакам		B: квадратные; в C (линия 1882, без вставок по греческому) нет	
Исх	3	17	17	[]	Гергесеев,	lxx	по признакам		B: квадратные; в C (линия 1882, без вставок по греческому) нет	
Исх	3	18	18	[]	фараону	lxx	по признакам		B: квадратные; в C (линия 1882, без вставок по греческому) нет	
Исх	3	19	19	[]	фараон	lxx	по признакам		B: квадратные; в C (линия 1882, без вставок по греческому) нет	
Исх	4	1	1	[]	что сказать им?	lxx	по признакам		B: квадратные; в C (линия 1882, без вставок по греческому) нет	
Исх	4	4	4	[]	за хвост	lxx	по признакам		B: квадратные; в C (линия 1882, без вставок по греческому) нет	
Исх	4	5	5	[]	тебе	lxx	по признакам		B: квадратные; в C (линия 1882, без вставок по греческому) нет	
Исх	4	6	6	[]	из пазухи своей	lxx	по признакам		B: квадратные; в C (линия 1882, без вставок по греческому) нет	
Исх	4	7	7	[]	Еще	added	по признакам		B: квадратные; C (линия 1882): курсив — слово для связности, которого нет в еврейском	
Исх	4	7	7	[]	ему Господь	lxx	по признакам		B: квадратные; в C (линия 1882, без вставок по греческому) нет	
Исх	4	11	11	[]	Моисею	lxx	по признакам		B: квадратные; в C (линия 1882, без вставок по греческому) нет	
Исх	4	11	11	[]	Бог	lxx	по признакам		B: квадратные; в C (линия 1882, без вставок по греческому) нет	
Исх	4	13	13	[]	Моисей	added	по признакам		B: квадратные; C (линия 1882): курсив — слово для связности, которого нет в еврейском	
Исх	4	14	14	[]	вместо тебя	lxx	по признакам		B: квадратные; в C (линия 1882, без вставок по греческому) нет	
Исх	4	15	15	[]	Мои	lxx	по признакам		B: квадратные; в C (линия 1882, без вставок по греческому) нет	
Исх	4	17	17	[]	который был обращен в змея	lxx	по признакам		B: квадратные; в C (линия 1882, без вставок по греческому) нет	
Исх	4	18	18	[]	Спустя много времени умер царь Египетский.	lxx	по признакам		B: квадратные; в C (линия 1882, без вставок по греческому) нет	
Исх	4	19	19	[]	земле	added	по признакам		B: квадратные; C (линия 1882): курсив — слово для связности, которого нет в еврейском	
Исх	4	22	22	[]	Бог Еврейский	lxx	по признакам		B: квадратные; в C (линия 1882, без вставок по греческому) нет	
Исх	4	30	30	[]	им	lxx	по признакам		B: квадратные; в C (линия 1882, без вставок по греческому) нет	
Исх	5	1	1	[]	ему	lxx	по признакам		B: квадратные; в C (линия 1882, без вставок по греческому) нет	
Исх	5	2	2	[]	сынов	lxx	по признакам		B: квадратные; в C (линия 1882, без вставок по греческому) нет	
Исх	5	3	3	[]	ему	lxx	по признакам		B: квадратные; в C (линия 1882, без вставок по греческому) нет	
Исх	5	4	4	[]	мой	lxx	по признакам		B: квадратные; в C (линия 1882, без вставок по греческому) нет	
Исх	5	4	4	[]	каждый из вас	lxx	по признакам		B: квадратные; в C (линия 1882, без вставок по греческому) нет	
Исх	5	13	13	[]	их	lxx	по признакам		B: квадратные; в C (линия 1882, без вставок по греческому) нет	
Исх	5	13	13	[]	урочную	lxx	по признакам		B: квадратные; в C (линия 1882, без вставок по греческому) нет	
Исх	5	17	17	[]	им	lxx	по признакам		B: квадратные; в C (линия 1882, без вставок по греческому) нет	
Исх	5	19	19	[]	положено	added	по признакам		B: квадратные; C (линия 1882): курсив — слово для связности, которого нет в еврейском	
Исх	5	22	22	[]	и	lxx	по признакам		B: квадратные; в C (линия 1882, без вставок по греческому) нет	
Исх	6	7	7	[]	из земли Египетской	lxx	R10: вручную		B: квадратные; в C (линия 1882, без вставок по греческому) нет; в KJV нет	
Исх	6	20	20	[]	и Мариам, сестру их	lxx	совет: WLC, LXX, CSL		B: квадратные; в C (линия 1882, без вставок по греческому) нет	§ 8.5: LXX καὶ Μαριαμ; факт — Чис 26:59; Исх 15:20
Исх	7	2	2	[]	ему	lxx	по признакам		B: квадратные; в C (линия 1882, без вставок по греческому) нет	
Исх	7	5	5	[]	все	lxx	по признакам		B: квадратные; в C (линия 1882, без вставок по греческому) нет	
Исх	7	7	7	[]	брат его	lxx	по признакам		B: квадратные; в C (линия 1882, без вставок по греческому) нет	
Исх	7	9	9	[]	знамение или	lxx	по признакам		B: квадратные; в C (линия 1882, без вставок по греческому) нет	
Исх	7	9	9	[]	брату твоему	lxx	по признакам		B: квадратные; в C (линия 1882, без вставок по греческому) нет	
Исх	7	9	9	[]	на землю	lxx	по признакам		B: квадратные; в C (линия 1882, без вставок по греческому) нет	
Исх	7	9	9	[]	и пред рабами его	lxx	R10: вручную		B: квадратные; в C (линия 1882, без вставок по греческому) нет; в KJV нет	
Исх	7	10	10	[]	и к рабам его	lxx	по признакам		B: квадратные; в C (линия 1882, без вставок по греческому) нет	
Исх	7	10	10	[]	им	lxx	по признакам		B: квадратные; в C (линия 1882, без вставок по греческому) нет	
Исх	7	11	11	[]	Египетских	lxx	по признакам		B: квадратные; в C (линия 1882, без вставок по греческому) нет	
Исх	7	13	13	[]	им	lxx	по признакам		B: квадратные; в C (линия 1882, без вставок по греческому) нет	
Исх	7	19	19	[]	брату твоему	lxx	по признакам		B: квадратные; в C (линия 1882, без вставок по греческому) нет	
Исх	7	19	19	[]	в руку твою	lxx	по признакам		B: квадратные; в C (линия 1882, без вставок по греческому) нет	
Исх	7	20	20	[]	им	lxx	по признакам		B: квадратные; в C (линия 1882, без вставок по греческому) нет	
Исх	7	20	20	[]	Аарон	added	по признакам		B: квадратные; C (линия 1882): курсив — слово для связности, которого нет в еврейском	
Исх	7	20	20	[]	свой	lxx	по признакам		B: квадратные; в C (линия 1882, без вставок по греческому) нет	
Исх	8	5	5	[]	брату твоему	lxx	по признакам		B: квадратные; в C (линия 1882, без вставок по греческому) нет	
Исх	8	6	6	[]	и вывел жаб	lxx	R10: вручную		B: квадратные; в C (линия 1882, без вставок по греческому) нет; в KJV нет	
Исх	8	7	7	[]	Египетские	lxx	совет: WLC, LXX, CSL		B: квадратные; в C (линия 1882, без вставок по греческому) нет	§ 8.3: выборка «а» подтверждена
Исх	8	8	8	[]	обо мне	lxx	по признакам		B: квадратные; в C (линия 1882, без вставок по греческому) нет	
Исх	8	9	9	[]	у народа твоего,	lxx	по признакам		B: квадратные; в C (линия 1882, без вставок по греческому) нет	
Исх	8	11	11	[]	и с полей	lxx	по признакам		B: квадратные; в C (линия 1882, без вставок по греческому) нет	
Исх	8	13	13	[]	их	lxx	по признакам		B: квадратные; в C (линия 1882, без вставок по греческому) нет	
Исх	8	16	16	[]	рукою	lxx	по признакам		B: квадратные; в C (линия 1882, без вставок по греческому) нет	
Исх	8	16	16	[]	будут мошки на людях и на скоте и на фараоне, и в доме его и на рабах его, вся персть земная	lxx	по признакам		B: квадратные; в C (линия 1882, без вставок по греческому) нет	
Исх	8	20	20	[]	в пустыне	lxx	по признакам		B: квадратные; в C (линия 1882, без вставок по греческому) нет	
Исх	8	22	22	[]	Бог	lxx	по признакам		B: квадратные; в C (линия 1882, без вставок по греческому) нет	
Исх	8	22	22	[]	всей	lxx	по признакам		B: квадратные; в C (линия 1882, без вставок по греческому) нет	
Исх	8	23	23	[]	на земле	lxx	по признакам		B: квадратные; в C (линия 1882, без вставок по греческому) нет	
Исх	8	25	25	[]	Господу	lxx	по признакам		B: квадратные; в C (линия 1882, без вставок по греческому) нет	
Исх	8	27	27	[]	Господь	lxx	по признакам		B: квадратные; в C (линия 1882, без вставок по греческому) нет	
Исх	8	28	28	[]	Господу	lxx	по признакам		B: квадратные; в C (линия 1882, без вставок по греческому) нет	
Исх	8	29	29	[]	Богу	lxx	по признакам		B: квадратные; в C (линия 1882, без вставок по греческому) нет	
Исх	9	2	2	[]	народ Мой	lxx	по признакам		B: квадратные; в C (линия 1882, без вставок по греческому) нет	
Исх	9	4	4	[]	в то время	lxx	R10: вручную		B: квадратные; в C (линия 1882, без вставок по греческому) нет; в KJV нет	
Исх	9	4	4	[]	скота	added	по признакам		B: квадратные; C (линия 1882): курсив — слово для связности, которого нет в еврейском	
Исх	9	7	7	[]	всего	lxx	по признакам		B: квадратные; в C (линия 1882, без вставок по греческому) нет	
Исх	9	7	7	[]	сынов	lxx	R10: вручную		B: квадратные; C: без пометы; в KJV нет	
Исх	9	8	8	[]	и рабов его	lxx	по признакам		B: квадратные; в C (линия 1882, без вставок по греческому) нет	
Исх	9	23	23	[]	всю	lxx	по признакам		B: квадратные; в C (линия 1882, без вставок по греческому) нет	
Исх	9	24	24	[]	град	added	по признакам		B: квадратные; C (линия 1882): курсив — слово для связности, которого нет в еврейском	
Исх	9	25	25	[]	град	lxx	по признакам		B: квадратные; в C (линия 1882, без вставок по греческому) нет	
Исх	9	28	28	[]	обо мне	lxx	по признакам		B: квадратные; в C (линия 1882, без вставок по греческому) нет	
Исх	9	28	28	[]	и огонь на земле	lxx	R10: вручную		B: квадратные; в C (линия 1882, без вставок по греческому) нет; в KJV нет	
Исх	9	29	29	[]	на небо	lxx	по признакам		B: квадратные; в C (линия 1882, без вставок по греческому) нет	
Исх	9	29	29	[]	и дождя	lxx	по признакам		B: квадратные; в C (линия 1882, без вставок по греческому) нет	
Исх	9	35	35	[]	и рабов его	lxx	R10: вручную		B: квадратные; в C (линия 1882, без вставок по греческому) нет; в KJV нет	
Исх	10	4	4	[]	в это самое время	lxx	по признакам		B: квадратные; в C (линия 1882, без вставок по греческому) нет	
Исх	10	4	4	[]	всю	lxx	по признакам		B: квадратные; в C (линия 1882, без вставок по греческому) нет	
Исх	10	5	5	[]	все	lxx	по признакам		B: квадратные; в C (линия 1882, без вставок по греческому) нет	
Исх	10	5	5	[]	на земле	lxx	по признакам		B: квадратные; в C (линия 1882, без вставок по греческому) нет	
Исх	10	6	6	[]	все	lxx	по признакам		B: квадратные; в C (линия 1882, без вставок по греческому) нет	
Исх	10	6	6	[]	Моисей	added	по признакам		B: квадратные; C (линия 1882): курсив — слово для связности, которого нет в еврейском	
Исх	10	8	8	[]	фараон	added	по признакам		B: квадратные; C (линия 1882): курсив — слово для связности, которого нет в еврейском	
Исх	10	9	9	[]	Богу нашему	lxx	по признакам		B: квадратные; в C (линия 1882, без вставок по греческому) нет	
Исх	10	10	10	[]	Фараон	added	по признакам		B: квадратные; C (линия 1882): курсив — слово для связности, которого нет в еврейском	
Исх	10	12	12	[]	и все плоды древесные	lxx	R10: вручную		B: квадратные; в C (линия 1882, без вставок по греческому) нет; в KJV нет	
Исх	10	18	18	[]	Моисей	added	по признакам		B: квадратные; C (линия 1882): курсив — слово для связности, которого нет в еврейском	
Исх	10	24	24	[]	и Аарона	lxx	по признакам		B: квадратные; в C (линия 1882, без вставок по греческому) нет	
Исх	10	24	24	[]	Богу вашему	lxx	по признакам		B: квадратные; в C (линия 1882, без вставок по греческому) нет	
Исх	10	25	25	[]	нет,	lxx	по признакам		B: квадратные; в C (линия 1882, без вставок по греческому) нет	
Исх	10	26	26	[]	Богу нашему	lxx	по признакам		B: квадратные; в C (линия 1882, без вставок по греческому) нет	
Исх	11	1	1	[]	вас	lxx	по признакам		B: квадратные; в C (линия 1882, без вставок по греческому) нет	
Исх	11	2	2	[]	тайно	lxx	по признакам		B: квадратные; в C (линия 1882, без вставок по греческому) нет	
Исх	11	2	2	[]	и одежд	lxx	по признакам		B: квадратные; в C (линия 1882, без вставок по греческому) нет	
Исх	11	3	3	[]	Своему	added	по признакам		B: квадратные; C (линия 1882): курсив — слово для связности, которого нет в еврейском	
Исх	11	3	3	[]	и они давали ему;	lxx	R10: вручную		B: квадратные; в C (линия 1882, без вставок по греческому) нет; в KJV нет	
Исх	11	3	3	[]	фараона и	lxx	по признакам		B: квадратные; в C (линия 1882, без вставок по греческому) нет	
Исх	11	3	3	[]	всего	lxx	по признакам		B: квадратные; в C (линия 1882, без вставок по греческому) нет	
Исх	11	8	8	[]	твой	lxx	по признакам		B: квадратные; в C (линия 1882, без вставок по греческому) нет	
Исх	11	8	8	[]	Моисей	added	по признакам		B: квадратные; C (линия 1882): курсив — слово для связности, которого нет в еврейском	
Исх	11	9	9	[]	знамения Мои и	lxx	R10: вручную		B: квадратные; в C (линия 1882, без вставок по греческому) нет; в KJV нет	
Исх	11	10	10	[]	знамения и	lxx	по признакам		B: квадратные; в C (линия 1882, без вставок по греческому) нет	
Исх	12	3	3	[]	сынов	lxx	R10: вручную		B: квадратные; C: без пометы; в KJV нет	
Исх	12	10	10	[]	и кости его не сокрушайте	lxx	R10: вручную		B: квадратные; в C (линия 1882, без вставок по греческому) нет; в KJV нет	
Исх	12	14	14	[]	все	added	по признакам		B: квадратные; C (линия 1882): курсив — слово для связности, которого нет в еврейском	
Исх	12	19	19	[]	сынов	lxx	R10: вручную		B: квадратные; C: без пометы; в KJV нет	
Исх	12	21	21	[]	сынов	lxx	по признакам		B: квадратные; в C (линия 1882, без вставок по греческому) нет	
Исх	12	27	27	[]	им	lxx	по признакам		B: квадратные; в C (линия 1882, без вставок по греческому) нет	
Исх	12	30	30	[]	во всей земле	lxx	по признакам		B: квадратные; в C (линия 1882, без вставок по греческому) нет	
Исх	12	31	31	[]	фараон	added	по признакам		B: квадратные; C (линия 1882): курсив — слово для связности, которого нет в еврейском	
Исх	12	31	31	[]	им	lxx	по признакам		B: квадратные; в C (линия 1882, без вставок по греческому) нет	
Исх	12	31	31	[]	Богу вашему	lxx	по признакам		B: квадратные; в C (линия 1882, без вставок по греческому) нет	
Исх	12	36	36	[]	Своему	added	по признакам		B: квадратные; C (линия 1882): курсив — слово для связности, которого нет в еврейском	
Исх	12	40	40	[]	и отцы их	lxx	совет: WLC, LXX, CSL		B: квадратные; в C (линия 1882, без вставок по греческому) нет	§ 7.2: нет в WLC; есть в CSL
Исх	12	40	40	[]	и в земле Ханаанской	lxx	совет: WLC, LXX, CSL		B: квадратные; в C (линия 1882, без вставок по греческому) нет	§ 7.2: нет в WLC; LXX καὶ ἐν γῇ Χανααν
Исх	12	46	46	[]	не оставляйте от нее до утра,	lxx	R10: вручную		B: квадратные; в C (линия 1882, без вставок по греческому) нет; в KJV нет	
Исх	12	47	47	[]	сынов	lxx	по признакам		B: квадратные; в C (линия 1882, без вставок по греческому) нет	
Исх	13	2	2	[]	потому что	lxx	по признакам		B: квадратные; в C (линия 1882, без вставок по греческому) нет	
Исх	13	5	5	[]	Бог твой	lxx	по признакам		B: квадратные; в C (линия 1882, без вставок по греческому) нет	
Исх	13	5	5	[]	Гергесеев, и Ферезеев,	lxx	R10: вручную		B: квадратные; в C (линия 1882, без вставок по греческому) нет; в KJV нет	
Исх	13	8	8	[]	Бог	lxx	по признакам		B: квадратные; в C (линия 1882, без вставок по греческому) нет	
Исх	13	9	9	[]	Бог	lxx	по признакам		B: квадратные; в C (линия 1882, без вставок по греческому) нет	
Исх	13	11	11	[]	Бог твой	lxx	по признакам		B: квадратные; в C (линия 1882, без вставок по греческому) нет	
Исх	13	12	12	[]	мужеского пола	lxx	по признакам		B: квадратные; в C (линия 1882, без вставок по греческому) нет	
Исх	13	12	12	[]	посвящай	lxx	по признакам		B: квадратные; в C (линия 1882, без вставок по греческому) нет	
Исх	13	13	13	[]	утробу	lxx	по признакам		B: квадратные; в C (линия 1882, без вставок по греческому) нет	
Исх	13	19	19	[]	Иосиф	added	по признакам		B: квадратные; C (линия 1882): курсив — слово для связности, которого нет в еврейском	
Исх	13	20	20	[]	сыны Израилевы	added	по признакам		B: квадратные; C (линия 1882): курсив — слово для связности, которого нет в еврейском	
Исх	13	22	22	[]	всего	lxx	по признакам		B: квадратные; в C (линия 1882, без вставок по греческому) нет	
Исх	14	3	3	[]	народу своему	lxx	по признакам		B: квадратные; в C (линия 1882, без вставок по греческому) нет	
Исх	14	4	4	[]	все	lxx	по признакам		B: квадратные; в C (линия 1882, без вставок по греческому) нет	
Исх	14	6	6	[]	Фараон	added	по признакам		B: квадратные; C (линия 1882): курсив — слово для связности, которого нет в еврейском	
Исх	14	8	8	[]	и рабов его	lxx	R10: вручную		B: квадратные; в C (линия 1882, без вставок по греческому) нет; в KJV нет	
Исх	14	17	17	[]	фараона и всех	lxx	по признакам		B: квадратные; в C (линия 1882, без вставок по греческому) нет	
Исх	14	18	18	[]	все	lxx	по признакам		B: квадратные; в C (линия 1882, без вставок по греческому) нет	
Исх	14	19	19	[]	сынов	lxx	R10: вручную		B: квадратные; C: без пометы; в KJV нет	
Исх	14	20	20	[]	сынов	lxx	R10: вручную		B: квадратные; C: без пометы; в KJV нет	
Исх	14	27	27	[]	воде	added	по признакам		B: квадратные; C (линия 1882): курсив — слово для связности, которого нет в еврейском	
Исх	14	29	29	[]	были	added	по признакам		B: квадратные; C (линия 1882): курсив — слово для связности, которого нет в еврейском	
Исх	14	29	29	[]	стеною	lxx	совет: WLC, LXX, CSL		B: квадратные; в C (линия 1882, без вставок по греческому) нет	§ 8.3: выборка «а» подтверждена
Исх	14	30	30	[]	сыны	lxx	по признакам		B: квадратные; в C (линия 1882, без вставок по греческому) нет	
Исх	15	23	23	[]	месту	added	по признакам		B: квадратные; C (линия 1882): курсив — слово для связности, которого нет в еврейском	
Исх	15	25	25	[]	Моисей	added	по признакам		B: квадратные; C (линия 1882): курсив — слово для связности, которого нет в еврейском	
Исх	15	26	26	[]	Бог твой	lxx	по признакам		B: квадратные; в C (линия 1882, без вставок по греческому) нет	
Исх	16	6	6	[]	обществу	added	по признакам		B: квадратные; C (линия 1882): курсив — слово для связности, которого нет в еврейском	
Исх	16	23	23	[]	Моисей	lxx	по признакам		B: квадратные; в C (линия 1882, без вставок по греческому) нет	
Исх	16	24	24	[]	им	lxx	по признакам		B: квадратные; в C (линия 1882, без вставок по греческому) нет	
Исх	16	29	29	[]	в доме своем	lxx	R10: вручную		B: квадратные; в C (линия 1882, без вставок по греческому) нет; в KJV нет	
Исх	16	32	32	[]	манною	added	по признакам		B: квадратные; C (линия 1882): курсив — слово для связности, которого нет в еврейском	
Исх	16	33	33	[]	золотой	lxx	по признакам		B: квадратные; в C (линия 1882, без вставок по греческому) нет	
Исх	17	9	9	[]	сильных	lxx	по признакам		B: квадратные; в C (линия 1882, без вставок по греческому) нет	
Исх	17	10	10	[]	пошел	added	по признакам		B: квадратные; C (линия 1882): курсив — слово для связности, которого нет в еврейском	
Исх	17	15	15	[]	Господу	lxx	по признакам		B: квадратные; в C (линия 1882, без вставок по греческому) нет	
Исх	18	4	4	[]	говорил он	added	по признакам		B: квадратные; C (линия 1882): курсив — слово для связности, которого нет в еврейском	
Исх	18	7	7	[]	ему	lxx	по признакам		B: квадратные; в C (линия 1882, без вставок по греческому) нет	
Исх	18	8	8	[]	всеми	lxx	по признакам		B: квадратные; в C (линия 1882, без вставок по греческому) нет	
Исх	18	8	8	[]	из руки фараона и из руки Египтян	lxx	по признакам		B: квадратные; в C (линия 1882, без вставок по греческому) нет	
Исх	18	9	9	[]	и из руки фараона	lxx	R10: вручную		B: квадратные; в C (линия 1882, без вставок по греческому) нет; в KJV нет	
Исх	18	14	14	[]	Иофор,	lxx	по признакам		B: квадратные; в C (линия 1882, без вставок по греческому) нет	
Исх	18	16	16	[]	им	lxx	R10: вручную		B: квадратные; в C (линия 1882, без вставок по греческому) нет; в KJV нет	
Исх	18	19	19	[]	его	added	по признакам		B: квадратные; C (линия 1882): курсив — слово для связности, которого нет в еврейском	
Исх	18	20	20	[]	Божиим	lxx	по признакам		B: квадратные; в C (линия 1882, без вставок по греческому) нет	
Исх	18	20	20	[]	Его	lxx	по признакам		B: квадратные; в C (линия 1882, без вставок по греческому) нет	
Исх	18	20	20	[]	Его	added	по признакам		B: квадратные; C (линия 1882): курсив — слово для связности, которого нет в еврейском	
Исх	18	21	21	[]	себе	lxx	по признакам		B: квадратные; в C (линия 1882, без вставок по греческому) нет	
Исх	18	21	21	[]	их	added	по признакам		B: квадратные; C (линия 1882): курсив — слово для связности, которого нет в еврейском	
Исх	18	21	21	[]	и письмоводителями	lxx	по признакам		B: квадратные; в C (линия 1882, без вставок по греческому) нет	
Исх	18	24	24	[]	ему	lxx	по признакам		B: квадратные; в C (линия 1882, без вставок по греческому) нет	
Исх	18	25	25	[]	и письмоводителями	lxx	по признакам		B: квадратные; в C (линия 1882, без вставок по греческому) нет	
Исх	18	26	26	[]	всех	lxx	по признакам		B: квадратные; в C (линия 1882, без вставок по греческому) нет	
Исх	19	3	3	[]	на гору	added	по признакам		B: квадратные; C (линия 1882): курсив — слово для связности, которого нет в еврейском	
Исх	19	4	4	[]	как бы	added	по признакам		B: квадратные; C (линия 1882): курсив — слово для связности, которого нет в еврейском	
Исх	19	8	8	[]	и будем послушны	lxx	R10: вручную		B: квадратные; в C (линия 1882, без вставок по греческому) нет; в KJV нет	
Исх	19	10	10	[]	объяви	lxx	по признакам		B: квадратные; в C (линия 1882, без вставок по греческому) нет	
Исх	19	13	13	[]	когда облако отойдет от горы,	lxx	R10: вручную		B: квадратные; в C (линия 1882, без вставок по греческому) нет; в KJV нет	
Исх	19	16	16	[]	Синайскою	lxx	по признакам		B: квадратные; в C (линия 1882, без вставок по греческому) нет	
Исх	19	22	22	[]	Богу	lxx	по признакам		B: квадратные; в C (линия 1882, без вставок по греческому) нет	
Исх	19	24	24	[]	Господь	lxx	по признакам		B: квадратные; в C (линия 1882, без вставок по греческому) нет	
Исх	20	1	1	[]	к Моисею	lxx	по признакам		B: квадратные; в C (линия 1882, без вставок по греческому) нет	
Исх	20	9	9	[]	в них	lxx	по признакам		B: квадратные; в C (линия 1882, без вставок по греческому) нет	
Исх	20	10	10	[]	вол твой, ни осел твой, ни всякий	lxx	по признакам		B: квадратные; в C (линия 1882, без вставок по греческому) нет	
Исх	20	12	12	[]	чтобы тебе было хорошо и	lxx	по признакам		B: квадратные; в C (линия 1882, без вставок по греческому) нет	
Исх	20	17	17	[]	ни поля его,	lxx	по признакам		B: квадратные; в C (линия 1882, без вставок по греческому) нет	
Исх	20	17	17	[]	ни всякого скота его,	lxx	по признакам		B: квадратные; в C (линия 1882, без вставок по греческому) нет	
Исх	20	18	18	[]	весь	lxx	по признакам		B: квадратные; в C (линия 1882, без вставок по греческому) нет	
Исх	20	20	20	[]	к вам	lxx	по признакам		B: квадратные; в C (линия 1882, без вставок по греческому) нет	
Исх	20	21	21	[]	весь	lxx	по признакам		B: квадратные; в C (линия 1882, без вставок по греческому) нет	
Исх	20	22	22	[]	дому Иаковлеву и возвести	lxx	R10: вручную		B: квадратные; в C (линия 1882, без вставок по греческому) нет; в KJV нет	
Исх	21	2	2	[]	тебе	lxx	R10: вручную		B: квадратные; в C (линия 1882, без вставок по греческому) нет; в KJV нет	
Исх	21	2	2	[]	год	lxx	по признакам		B: квадратные; в C (линия 1882, без вставок по греческому) нет	
Исх	21	8	8	[]	господин	lxx	по признакам		B: квадратные; в C (линия 1882, без вставок по греческому) нет	
Исх	21	13	13	[]	убийце	added	по признакам		B: квадратные; C (линия 1882): курсив — слово для связности, которого нет в еврейском	
Исх	21	14	14	[]	и прибежит к жертвеннику	lxx	по признакам		B: квадратные; в C (линия 1882, без вставок по греческому) нет	
Исх	21	16	16	[]	из сынов Израилевых	lxx	по признакам		B: квадратные; в C (линия 1882, без вставок по греческому) нет	
Исх	21	16	16	[]	поработив его	lxx	по признакам		B: квадратные; в C (линия 1882, без вставок по греческому) нет	
Исх	21	18	18	[]	двое	lxx	по признакам		B: квадратные; в C (линия 1882, без вставок по греческому) нет	
Исх	21	19	19	[]	его	lxx	по признакам		B: квадратные; в C (линия 1882, без вставок по греческому) нет	
Исх	21	36	36	[]	быв извещен о сем	lxx	по признакам		B: квадратные; в C (линия 1882, без вставок по греческому) нет	
Исх	22	4	4	[]	он пойман будет и	lxx	по признакам		B: квадратные; в C (линия 1882, без вставок по греческому) нет	
Исх	22	4	4	[]	за них	lxx	по признакам		B: квадратные; в C (линия 1882, без вставок по греческому) нет	
Исх	22	5	5	[]	смотря по плодам его пусть заплатит со своего поля; а если потравит всё поле,	lxx	R10: вручную		B: квадратные; в C (линия 1882, без вставок по греческому) нет; в KJV нет	
Исх	22	8	8	[]	и поклянется	added	по признакам		B: квадратные; C (линия 1882): курсив — слово для связности, которого нет в еврейском	
Исх	22	16	16	[]	и возьмет ее	added	по признакам		B: квадратные; C (линия 1882): курсив — слово для связности, которого нет в еврейском	
Исх	22	17	17	[]	и не захочет	lxx	по признакам		B: квадратные; в C (линия 1882, без вставок по греческому) нет	
Исх	22	17	17	[]	отцу	lxx	по признакам		B: квадратные; в C (линия 1882, без вставок по греческому) нет	
Исх	22	29	29	[]	приносить Мне	added	по признакам		B: квадратные; C (линия 1882): курсив — слово для связности, которого нет в еврейском	
Исх	22	30	30	[]	и с ослом твоим	lxx	по признакам		B: квадратные; в C (линия 1882, без вставок по греческому) нет	
Исх	23	9	9	[]	и не притесняй его	lxx	R10: вручную		B: квадратные; в C (линия 1882, без вставок по греческому) нет; в KJV нет	
Исх	23	17	17	[]	твоего	lxx	по признакам		B: квадратные; в C (линия 1882, без вставок по греческому) нет	
Исх	23	18	18	[]	Когда изгоню язычников от лица твоего и распространю пределы твои	lxx	по признакам		B: квадратные; в C (линия 1882, без вставок по греческому) нет	
Исх	23	20	20	[]	Моего	lxx	по признакам		B: квадратные; в C (линия 1882, без вставок по греческому) нет	
Исх	23	20	20	[]	тебе	lxx	по признакам		B: квадратные; в C (линия 1882, без вставок по греческому) нет	
Исх	23	22	22	[]	Если будешь слушать гласа Моего, и будешь исполнять все, что скажу тебе, и сохранишь завет Мой, то вы будете у Меня народом избранным из всех племен, ибо вся земля Моя; вы будете у Меня царственным священством и народом святым. Сии слова скажи сынам Израилевым.	lxx	по признакам		B: квадратные; в C (линия 1882, без вставок по греческому) нет	
Исх	23	22	22	[]	тебе	lxx	по признакам		B: квадратные; в C (линия 1882, без вставок по греческому) нет	
Исх	23	23	23	[]	Гергесеям,	lxx	по признакам		B: квадратные; в C (линия 1882, без вставок по греческому) нет	
Исх	23	23	23	[]	от лица вашего	lxx	R10: вручную		B: квадратные; в C (линия 1882, без вставок по греческому) нет; в KJV нет	
Исх	23	25	25	[]	и вино твое	lxx	R10: вручную		B: квадратные; в C (линия 1882, без вставок по греческому) нет; в KJV нет	
Исх	23	28	28	[]	Аморреев,	lxx	по признакам		B: квадратные; в C (линия 1882, без вставок по греческому) нет	
Исх	23	28	28	[]	Иевусеев,	lxx	по признакам		B: квадратные; в C (линия 1882, без вставок по греческому) нет	
Исх	23	31	31	[]	великой Евфрата	lxx	по признакам		B: квадратные; в C (линия 1882, без вставок по греческому) нет	
Исх	23	32	32	[]	не смешивайся и	lxx	R10: вручную		B: квадратные; в C (линия 1882, без вставок по греческому) нет; в KJV нет	
Исх	24	1	1	[]	Господу	lxx	по признакам		B: квадратные; в C (линия 1882, без вставок по греческому) нет	
Исх	24	3	3	[]	и будем послушны	lxx	по признакам		B: квадратные; в C (линия 1882, без вставок по греческому) нет	
Исх	24	5	5	[]	Богу	lxx	по признакам		B: квадратные; в C (линия 1882, без вставок по греческому) нет	
Исх	24	10	10	[]	место стояния	lxx	по признакам		B: квадратные; в C (линия 1882, без вставок по греческому) нет	
Исх	24	11	11	[]	место	lxx	по признакам		B: квадратные; в C (линия 1882, без вставок по греческому) нет	
Исх	24	16	16	[]	Господь	added	по признакам		B: квадратные; C (линия 1882): курсив — слово для связности, которого нет в еврейском	
Исх	25	4	4	[]	шерсть	lxx	по признакам		B: квадратные; в C (линия 1882, без вставок по греческому) нет	
Исх	25	9	9	[]	сделайте	lxx	по признакам		B: квадратные; в C (линия 1882, без вставок по греческому) нет	
Исх	25	11	11	[]	витый	lxx	по признакам		B: квадратные; в C (линия 1882, без вставок по греческому) нет	
Исх	25	13	13	[]	чистым	lxx	по признакам		B: квадратные; в C (линия 1882, без вставок по греческому) нет	
Исх	25	24	24	[]	витый	lxx	по признакам		B: квадратные; в C (линия 1882, без вставок по греческому) нет	
Исх	25	28	28	[]	чистым	lxx	по признакам		B: квадратные; в C (линия 1882, без вставок по греческому) нет	
Исх	25	35	35	[]	и на светильнике четыре чашечки, наподобие миндального цветка	lxx	R10: вручную		B: квадратные; в C (линия 1882, без вставок по греческому) нет; в KJV нет	
Исх	25	38	38	[]	сделай	lxx	по признакам		B: квадратные; в C (линия 1882, без вставок по греческому) нет	
Исх	26	4	4	[]	к ним	lxx	по признакам		B: квадратные; в C (линия 1882, без вставок по греческому) нет	
Исх	26	10	10	[]	сделай	lxx	по признакам		B: квадратные; в C (линия 1882, без вставок по греческому) нет	
Исх	26	16	16	[]	сделай	lxx	по признакам		B: квадратные; в C (линия 1882, без вставок по греческому) нет	
Исх	26	17	17	[]	на концах	lxx	по признакам		B: квадратные; в C (линия 1882, без вставок по греческому) нет	
Исх	26	21	21	[]	для двух шипов его	lxx	по признакам		B: квадратные; в C (линия 1882, без вставок по греческому) нет	
Исх	26	21	21	[]	для двух шипов его	lxx	по признакам		B: квадратные; в C (линия 1882, без вставок по греческому) нет	
Исх	26	25	25	[]	для двух шипов его	lxx	по признакам		B: квадратные; в C (линия 1882, без вставок по греческому) нет	
Исх	26	26	26	[]	шестов	lxx	по признакам		B: квадратные; в C (линия 1882, без вставок по греческому) нет	
Исх	26	35	35	[]	скинии	lxx	по признакам		B: квадратные; в C (линия 1882, без вставок по греческому) нет	
Исх	27	8	8	[]	его	lxx	по признакам		B: квадратные; в C (линия 1882, без вставок по греческому) нет	
Исх	27	11	11	[]	и подножия их	lxx	по признакам		B: квадратные; в C (линия 1882, без вставок по греческому) нет	
Исх	27	13	13	[]	завесы	added	по признакам		B: квадратные; C (линия 1882): курсив — слово для связности, которого нет в еврейском	
Исх	27	13	13	[]	столбов для них десять, и подножий для них десять	lxx	по признакам		B: квадратные; в C (линия 1882, без вставок по греческому) нет	
Исх	27	14	14	[]	вышиною	lxx	по признакам		B: квадратные; в C (линия 1882, без вставок по греческому) нет	
Исх	27	15	15	[]	локтей вышиною	lxx	по признакам		B: квадратные; в C (линия 1882, без вставок по греческому) нет	
Исх	27	16	16	[]	вышиною	lxx	по признакам		B: квадратные; в C (линия 1882, без вставок по греческому) нет	
Исх	28	3	3	[]	и смышления	lxx	R10: вручную		B: квадратные; в C (линия 1882, без вставок по греческому) нет; в KJV нет	
Исх	28	3	3	[]	священные	lxx	по признакам		B: квадратные; в C (линия 1882, без вставок по греческому) нет	
Исх	28	8	8	[]	чистого	lxx	по признакам		B: квадратные; в C (линия 1882, без вставок по греческому) нет	
Исх	28	13	13	[]	чистого	lxx	по признакам		B: квадратные; в C (линия 1882, без вставок по греческому) нет	
Исх	28	14	14	[]	сделай	lxx	по признакам		B: квадратные; в C (линия 1882, без вставок по греческому) нет	
Исх	28	14	14	[]	на нарамниках их спереди	lxx	по признакам		B: квадратные; в C (линия 1882, без вставок по греческому) нет	
Исх	28	21	21	[]	двенадцати имен	lxx	по признакам		B: квадратные; в C (линия 1882, без вставок по греческому) нет	
Исх	28	21	21	[]	на двух раменах его	lxx	по признакам		B: квадратные; в C (линия 1882, без вставок по греческому) нет	
Исх	28	21	21	[]	и по рождению их	lxx	по признакам		B: квадратные; в C (линия 1882, без вставок по греческому) нет	
Исх	28	23	23	[]	золотых	lxx	по признакам		B: квадратные; в C (линия 1882, без вставок по греческому) нет	
Исх	28	24	24	[]	обоим	lxx	по признакам		B: квадратные; в C (линия 1882, без вставок по греческому) нет	
Исх	28	29	29	[]	И положи на наперсник судный витые цепочки, положи на оба конца наперсника, и положи оба гнезда на обоих плечах на нарамнике с лица.	lxx	по признакам		B: квадратные; в C (линия 1882, без вставок по греческому) нет	
Исх	28	30	30	[]	во святилище	added	по признакам		B: квадратные; C (линия 1882): курсив — слово для связности, которого нет в еврейском	
Исх	28	33	33	[]	и из крученого виссона	lxx	по признакам		B: квадратные; в C (линия 1882, без вставок по греческому) нет	
Исх	28	33	33	[]	такого вида яблоки и	lxx	по признакам		B: квадратные; в C (линия 1882, без вставок по греческому) нет	
Исх	28	43	43	[]	на себя	added	по признакам		B: квадратные; C (линия 1882): курсив — слово для связности, которого нет в еврейском	
Исх	28	43	43	[]	да будет	lxx	по признакам		B: квадратные; в C (линия 1882, без вставок по греческому) нет	
Исх	29	5	5	[]	священные	lxx	по признакам		B: квадратные; в C (линия 1882, без вставок по греческому) нет	
Исх	29	10	10	[]	пред Господом у дверей скинии собрания	lxx	R10: вручную		B: квадратные; в C (линия 1882, без вставок по греческому) нет; в KJV нет	
Исх	29	12	12	[]	остальную	lxx	по признакам		B: квадратные; в C (линия 1882, без вставок по греческому) нет	
Исх	29	17	17	[]	в воде	lxx	по признакам		B: квадратные; в C (линия 1882, без вставок по греческому) нет	
Исх	29	22	22	[]	потому что это овен вручения священства	gloss	совет: WLC		в C нет; есть в еврейском тексте (проверено по KJV — переводу с еврейского)	§ 8.1: слова есть в WLC
Исх	29	28	28	[]	сынов Израилевых	lxx	по признакам		B: квадратные; в C (линия 1882, без вставок по греческому) нет	
Исх	29	30	30	[]	великий	lxx	по признакам		B: квадратные; в C (линия 1882, без вставок по греческому) нет	
Исх	29	38	38	[]	без порока	lxx	по признакам		B: квадратные; в C (линия 1882, без вставок по греческому) нет	
Исх	29	38	38	[]	в жертву всегдашнюю	lxx	R10: вручную		B: квадратные; в C (линия 1882, без вставок по греческому) нет; в KJV нет	
Исх	30	4	4	[]	чистого	lxx	по признакам		B: квадратные; в C (линия 1882, без вставок по греческому) нет	
Исх	30	23	23	[]	сиклей	added	по признакам		B: квадратные; C (линия 1882): курсив — слово для связности, которого нет в еврейском	
Исх	30	26	26	[]	скинии	lxx	по признакам		B: квадратные; в C (линия 1882, без вставок по греческому) нет	
Исх	30	32	32	[]	сами себе	lxx	по признакам		B: квадратные; в C (линия 1882, без вставок по греческому) нет	
Исх	30	38	38	[]	душа та	lxx	по признакам		B: квадратные; в C (линия 1882, без вставок по греческому) нет	
Исх	31	4	4	[]	из голубой, пурпуровой и червленой шерсти и из крученого виссона	lxx	по признакам		B: квадратные; в C (линия 1882, без вставок по греческому) нет	
Исх	31	8	8	[]	все	lxx	по признакам		B: квадратные; в C (линия 1882, без вставок по греческому) нет	
Исх	31	18	18	[]	Бог	added	совет: WLC, LXX, CSL		B: квадратные; C (линия 1882): курсив — слово для связности, которого нет в еврейском	§ 8.4: «в» подтверждено: нет в LXX; CSL «(Бог)» в скобках
Исх	32	7	7	[]	отсюда	lxx	по признакам		B: квадратные; в C (линия 1882, без вставок по греческому) нет	
Исх	32	13	13	[]	Иакова	lxx	по признакам		B: квадратные; в C (линия 1882, без вставок по греческому) нет	
Исх	32	13	13	[]	ею	lxx	по признакам		B: квадратные; в C (линия 1882, без вставок по греческому) нет	
Исх	32	15	15	[]	каменные	lxx	по признакам		B: квадратные; в C (линия 1882, без вставок по греческому) нет	
Исх	32	18	18	[]	Моисей	added	по признакам		B: квадратные; C (линия 1882): курсив — слово для связности, которого нет в еврейском	
Исх	32	22	22	[]	Моисею	lxx	совет: WLC, LXX, CSL		B: квадратные; в C (линия 1882, без вставок по греческому) нет	§ 8.3: выборка «а» подтверждена
Исх	32	24	24	[]	Они сняли	lxx	по признакам		B: квадратные; в C (линия 1882, без вставок по греческому) нет	
Исх	32	26	26	[]	иди	lxx	по признакам		B: квадратные; в C (линия 1882, без вставок по греческому) нет	
Исх	32	29	29	[]	им	lxx	по признакам		B: квадратные; в C (линия 1882, без вставок по греческому) нет	
Исх	32	31	31	[]	Господи!	lxx	по признакам		B: квадратные; в C (линия 1882, без вставок по греческому) нет	
Исх	32	34	34	[]	сойди,	lxx	по признакам		B: квадратные; в C (линия 1882, без вставок по греческому) нет	
Исх	33	2	2	[]	Моего	lxx	по признакам		B: квадратные; в C (линия 1882, без вставок по греческому) нет	
Исх	33	2	2	[]	Гергесеев,	lxx	по признакам		B: квадратные; в C (линия 1882, без вставок по греческому) нет	
Исх	33	3	3	[]	и введет он вас	added	по признакам		B: квадратные; C (линия 1882): курсив — слово для связности, которого нет в еврейском	
Исх	33	9	9	[]	Господь	added	по признакам		B: квадратные; C (линия 1882): курсив — слово для связности, которого нет в еврейском	
Исх	33	14	14	[]	Господь	added	по признакам		B: квадратные; C (линия 1882): курсив — слово для связности, которого нет в еврейском	
Исх	33	14	14	[]	ему	lxx	по признакам		B: квадратные; в C (линия 1882, без вставок по греческому) нет	
Исх	33	14	14	[]	пред тобою	lxx	по признакам		B: квадратные; в C (линия 1882, без вставок по греческому) нет	
Исх	33	15	15	[]	Моисей	added	по признакам		B: квадратные; C (линия 1882): курсив — слово для связности, которого нет в еврейском	
Исх	33	15	15	[]	с нами	added	по признакам		B: квадратные; C (линия 1882): курсив — слово для связности, которого нет в еврейском	
Исх	33	18	18	[]	Моисей	added	по признакам		B: квадратные; C (линия 1882): курсив — слово для связности, которого нет в еврейском	
Исх	33	19	19	[]	Господь Моисею	lxx	по признакам		B: квадратные; в C (линия 1882, без вставок по греческому) нет	
Исх	33	23	23	[]	тебе	lxx	по признакам		B: квадратные; в C (линия 1882, без вставок по греческому) нет	
Исх	34	1	1	[]	и взойди ко Мне на гору,	lxx	по признакам		B: квадратные; в C (линия 1882, без вставок по греческому) нет	
Исх	34	7	7	[]	правду и являющий	lxx	по признакам		B: квадратные; в C (линия 1882, без вставок по греческому) нет	
Исх	34	8	8	[]	Богу	added	по признакам		B: квадратные; C (линия 1882): курсив — слово для связности, которого нет в еврейском	
Исх	34	10	10	[]	Господь Моисею	lxx	по признакам		B: квадратные; в C (линия 1882, без вставок по греческому) нет	
Исх	34	11	11	[]	Гергесеев	lxx	по признакам		B: квадратные; в C (линия 1882, без вставок по греческому) нет	
Исх	34	13	13	[]	и изваяния богов их сожгите огнем	lxx	по признакам		B: квадратные; в C (линия 1882, без вставок по греческому) нет	
Исх	34	14	14	[]	Бога	lxx	по признакам		B: квадратные; в C (линия 1882, без вставок по греческому) нет	
Исх	34	16	16	[]	и дочерей своих не давай в замужество за сыновей их	lxx	по признакам		B: квадратные; в C (линия 1882, без вставок по греческому) нет	
Исх	34	28	28	[]	Моисей	added	по признакам		B: квадратные; C (линия 1882): курсив — слово для связности, которого нет в еврейском	
Исх	34	28	28	[]	Моисей	lxx	по признакам		B: квадратные; в C (линия 1882, без вставок по греческому) нет	
Исх	34	32	32	[]	к нему	lxx	по признакам		B: квадратные; в C (линия 1882, без вставок по греческому) нет	
Исх	34	34	34	[]	ему от Господа	lxx	по признакам		B: квадратные; в C (линия 1882, без вставок по греческому) нет	
Исх	35	3	3	[]	Я Господь.	lxx	по признакам		B: квадратные; в C (линия 1882, без вставок по греческому) нет	
Исх	35	6	6	[]	крученый	lxx	по признакам		B: квадратные; в C (линия 1882, без вставок по греческому) нет	
Исх	35	12	12	[]	и завесы двора и столбы его, и камни смарагдовые и фимиам и елей помазания,	lxx	по признакам		B: квадратные; в C (линия 1882, без вставок по греческому) нет	
Исх	35	14	14	[]	всеми	lxx	по признакам		B: квадратные; в C (линия 1882, без вставок по греческому) нет	
Исх	35	21	21	[]	всех	lxx	по признакам		B: квадратные; в C (линия 1882, без вставок по греческому) нет	
Исх	35	35	35	[]	для святилища	lxx	по признакам		B: квадратные; в C (линия 1882, без вставок по греческому) нет	
Исх	36	3	3	[]	все	lxx	по признакам		B: квадратные; в C (линия 1882, без вставок по греческому) нет	
Исх	38	15	15	[]	по обеим сторонам ворот двора	lxx	по признакам		B: квадратные; в C (линия 1882, без вставок по греческому) нет	
Исх	40	5	5	[]	собрания	lxx	по признакам		B: квадратные; в C (линия 1882, без вставок по греческому) нет	
Исх	40	17	17	[]	по исшествии их из Египта	lxx	R10: вручную		B: квадратные; в C (линия 1882, без вставок по греческому) нет; в KJV нет	
Исх	40	25	25	[]	его	lxx	по признакам		B: квадратные; в C (линия 1882, без вставок по греческому) нет	
Исх	40	32	32	[]	служить	lxx	совет: WLC, LXX, CSL		B: квадратные; в C (линия 1882, без вставок по греческому) нет	§ 8.3: выборка «а» подтверждена
Исх	40	32	32	[]	из него	lxx	по признакам		B: квадратные; в C (линия 1882, без вставок по греческому) нет	
Лев	1	10	10	[]	Господу	lxx	по признакам		B: квадратные; в C (линия 1882, без вставок по греческому) нет	
Лев	1	10	10	[]	и пусть возложит руку на голову ее,	lxx	по признакам		B: квадратные; в C (линия 1882, без вставок по греческому) нет	
Лев	2	6	6	[]	Господу	lxx	по признакам		B: квадратные; в C (линия 1882, без вставок по греческому) нет	
Лев	2	13	13	[]	Господу Богу твоему	lxx	R10: вручную		B: квадратные; в C (линия 1882, без вставок по греческому) нет; в KJV нет	
Лев	3	16	16	[]	Господу	added	по признакам		B: квадратные; C (линия 1882): курсив — слово для связности, которого нет в еврейском	
Лев	4	5	5	[]	посвященный совершенным посвящением,	lxx	R10: вручную		B: квадратные; в C (линия 1882, без вставок по греческому) нет; в KJV нет	
Лев	4	7	7	[]	тельца	lxx	совет: WLC, LXX, CSL		B: квадратные; C (линия 1882): курсив — слово для связности, которого нет в еврейском	вид R10 «в» → lxx; § 8.4: «в» → «а»: LXX τοῦ μόσχου
Лев	4	17	17	[]	тельца	lxx	по признакам		B: квадратные; в C (линия 1882, без вставок по греческому) нет	
Лев	4	17	17	[]	святилища	added	по признакам		B: квадратные; C (линия 1882): курсив — слово для связности, которого нет в еврейском	
Лев	4	18	18	[]	благовонных курений	lxx	по признакам		B: квадратные; в C (линия 1882, без вставок по греческому) нет	
Лев	4	29	29	[]	козу	added	по признакам		B: квадратные; C (линия 1882): курсив — слово для связности, которого нет в еврейском	
Лев	4	29	29	[]	где заколают	added	по признакам		B: квадратные; C (линия 1882): курсив — слово для связности, которого нет в еврейском	
Лев	5	8	8	[]	священник	added	по признакам		B: квадратные; C (линия 1882): курсив — слово для связности, которого нет в еврейском	
Лев	5	13	13	[]	остаток	added	по признакам		B: квадратные; C (линия 1882): курсив — слово для связности, которого нет в еврейском	
Лев	6	9	9	[]	и не угасает	lxx	R10: вручную		B: квадратные; в C (линия 1882, без вставок по греческому) нет; в KJV нет	
Лев	6	12	12	[]	и	lxx	по признакам		B: квадратные; в C (линия 1882, без вставок по греческому) нет	
Лев	6	14	14	[]	священники	lxx	по признакам		B: квадратные; в C (линия 1882, без вставок по греческому) нет	
Лев	6	15	15	[]	священник	added	по признакам		B: квадратные; C (линия 1882): курсив — слово для связности, которого нет в еврейском	
Лев	6	29	29	[]	у Господа	lxx	по признакам		B: квадратные; в C (линия 1882, без вставок по греческому) нет	
Лев	7	30	30	[]	и сальник на печени	lxx	R10: вручную		B: квадратные; в C (линия 1882, без вставок по греческому) нет; в KJV нет	
Лев	8	12	12	[]	Моисей	lxx	по признакам		B: квадратные; в C (линия 1882, без вставок по греческому) нет	
Лев	8	14	14	[]	Моисей	lxx	по признакам		B: квадратные; в C (линия 1882, без вставок по греческому) нет	
Лев	8	15	15	[]	Моисей	lxx	по признакам		B: квадратные; в C (линия 1882, без вставок по греческому) нет	
Лев	8	16	16	[]	Моисей	lxx	по признакам		B: квадратные; в C (линия 1882, без вставок по греческому) нет	
Лев	8	18	18	[]	Моисей	lxx	по признакам		B: квадратные; в C (линия 1882, без вставок по греческому) нет	
Лев	8	22	22	[]	Моисей	lxx	по признакам		B: квадратные; в C (линия 1882, без вставок по греческому) нет	
Лев	8	25	25	[]	Моисей	lxx	по признакам		B: квадратные; в C (линия 1882, без вставок по греческому) нет	
Лев	8	35	35	[]	от Господа Бога	added	по признакам		B: квадратные; C (линия 1882): курсив — слово для связности, которого нет в еврейском	
Лев	9	3	3	[]	и овна,	lxx	по признакам		B: квадратные; в C (линия 1882, без вставок по греческому) нет	
Лев	9	19	19	[]	тук	added	по признакам		B: квадратные; C (линия 1882): курсив — слово для связности, которого нет в еврейском	
Лев	9	19	19	[]	внутренности	added	по признакам		B: квадратные; C (линия 1882): курсив — слово для связности, которого нет в еврейском	
Лев	10	9	9	[]	или приступаете к жертвеннику,	lxx	по признакам		B: квадратные; в C (линия 1882, без вставок по греческому) нет	
Лев	10	13	13	[]	от Господа	lxx	совет: WLC, LXX, CSL		B: квадратные; C (линия 1882): курсив — слово для связности, которого нет в еврейском	вид R10 «в» → lxx; § 8.4: «в» → по славянскому (нет в WLC и LXX, есть в CSL): CSL «заповеда Господь»
Лев	10	15	15	[]	и дочерям твоим	lxx	R10: вручную		B: квадратные; в C (линия 1882, без вставок по греческому) нет; в KJV нет	
Лев	10	15	15	[]	Моисею	lxx	по признакам		B: квадратные; в C (линия 1882, без вставок по греческому) нет	
Лев	10	16	16	[]	Моисей	lxx	по признакам		B: квадратные; в C (линия 1882, без вставок по греческому) нет	
Лев	11	13	13	[]	не должно их есть, скверны они	gloss	совет: WLC		в C нет; есть в еврейском тексте (проверено по KJV — переводу с еврейского)	§ 8.1: слова есть в WLC
Лев	11	26	26	[]	до вечера	lxx	по признакам		B: квадратные; в C (линия 1882, без вставок по греческому) нет	
Лев	11	33	33	[]	сосуд	added	по признакам		B: квадратные; C (линия 1882): курсив — слово для связности, которого нет в еврейском	
Лев	11	34	34	[]	для вас	lxx	по признакам		B: квадратные; в C (линия 1882, без вставок по греческому) нет	
Лев	11	44	44	[]	Господь, Бог ваш	lxx	R10: вручную		B: квадратные; в C (линия 1882, без вставок по греческому) нет; в KJV нет	
Лев	14	10	10	[]	однолетних	lxx	по признакам		B: квадратные; в C (линия 1882, без вставок по греческому) нет	
Лев	14	47	47	[]	и нечист будет до вечера	lxx	R10: вручную		B: квадратные; в C (линия 1882, без вставок по греческому) нет; в KJV нет	
Лев	14	47	47	[]	и нечист будет до вечера	lxx	R10: вручную		B: квадратные; в C (линия 1882, без вставок по греческому) нет; в KJV нет	
Лев	15	3	3	[]	закон	added	по признакам		B: квадратные; C (линия 1882): курсив — слово для связности, которого нет в еврейском	
Лев	15	4	4	[]	имеющий истечение семени	lxx	R10: вручную		B: квадратные; в C (линия 1882, без вставок по греческому) нет; в KJV нет	
Лев	15	9	9	[]	будет до вечера	added	по признакам		B: квадратные; C (линия 1882): курсив — слово для связности, которого нет в еврейском	
Лев	15	12	12	[]	и будет чист	lxx	R10: вручную		B: квадратные; в C (линия 1882, без вставок по греческому) нет; в KJV нет	
Лев	16	1	1	[]	с чуждым огнем	lxx	по признакам		B: квадратные; в C (линия 1882, без вставок по греческому) нет	
Лев	16	2	2	[]	очистилище	lxx	по признакам		B: квадратные; в C (линия 1882, без вставок по греческому) нет	
Лев	16	2	2	[]	откровения	lxx	по признакам		B: квадратные; в C (линия 1882, без вставок по греческому) нет	
Лев	16	5	5	[]	из стада коз	lxx	R10: вручную		B: квадратные; в C (линия 1882, без вставок по греческому) нет; в KJV нет	
Лев	16	10	10	[]	и чтоб он понес на себе их беззакония в землю непроходимую	lxx	R10: вручную		B: квадратные; в C (линия 1882, без вставок по греческому) нет; в KJV нет	
Лев	16	20	20	[]	и очистив священников	lxx	R10: вручную		B: квадратные; в C (линия 1882, без вставок по греческому) нет; в KJV нет	
Лев	16	24	24	[]	дом свой	lxx	по признакам		B: квадратные; в C (линия 1882, без вставок по греческому) нет	
Лев	16	24	24	[]	и священников	lxx	по признакам		B: квадратные; в C (линия 1882, без вставок по греческому) нет	
Лев	16	29	29	[]	день	added	по признакам		B: квадратные; C (линия 1882): курсив — слово для связности, которого нет в еврейском	
Лев	17	3	3	[]	или из пришельцев, присоединившихся к вам	lxx	по признакам		B: квадратные; в C (линия 1882, без вставок по греческому) нет	
Лев	17	4	4	[]	чтобы принести во всесожжение или в жертву о спасении, угодную Господу, в приятное благоухание, и если кто заколет вне стана и ко входу скинии собрания не принесет,	lxx	по признакам		B: квадратные; в C (линия 1882, без вставок по греческому) нет	
Лев	17	16	16	[]	одежд своих	added	по признакам		B: квадратные; C (линия 1882): курсив — слово для связности, которого нет в еврейском	
Лев	18	5	5	[]	Бог ваш	lxx	по признакам		B: квадратные; в C (линия 1882, без вставок по греческому) нет	
Лев	18	11	11	[]	по отцу	added	по признакам		B: квадратные; C (линия 1882): курсив — слово для связности, которого нет в еврейском	
Лев	18	23	23	[]	семя	added	по признакам		B: квадратные; C (линия 1882): курсив — слово для связности, которого нет в еврейском	
Лев	19	12	12	[]	Бог ваш	lxx	по признакам		B: квадратные; в C (линия 1882, без вставок по греческому) нет	
Лев	19	14	14	[]	Господа	lxx	по признакам		B: квадратные; в C (линия 1882, без вставок по греческому) нет	
Лев	19	14	14	[]	Бог ваш	lxx	по признакам		B: квадратные; в C (линия 1882, без вставок по греческому) нет	
Лев	19	16	16	[]	Бог ваш	lxx	по признакам		B: квадратные; в C (линия 1882, без вставок по греческому) нет	
Лев	19	18	18	[]	Бог ваш	lxx	по признакам		B: квадратные; в C (линия 1882, без вставок по греческому) нет	
Лев	19	23	23	[]	которую Господь Бог даст вам,	added	по признакам		B: квадратные; C (линия 1882): курсив — слово для связности, которого нет в еврейском	
Лев	19	28	28	[]	Бог ваш	lxx	по признакам		B: квадратные; в C (линия 1882, без вставок по греческому) нет	
Лев	19	32	32	[]	Господа	lxx	по признакам		B: квадратные; в C (линия 1882, без вставок по греческому) нет	
Лев	19	32	32	[]	Бог ваш	lxx	по признакам		B: квадратные; в C (линия 1882, без вставок по греческому) нет	
Лев	19	37	37	[]	Бог ваш	lxx	по признакам		B: квадратные; в C (линия 1882, без вставок по греческому) нет	
Лев	20	7	7	[]	свят	added	по признакам		B: квадратные; C (линия 1882): курсив — слово для связности, которого нет в еврейском	
Лев	20	26	26	[]	Бог ваш	lxx	по признакам		B: квадратные; в C (линия 1882, без вставок по греческому) нет	
Лев	21	7	7	[]	Господу	lxx	по признакам		B: квадратные; в C (линия 1882, без вставок по греческому) нет	
Лев	21	8	8	[]	Господу	lxx	по признакам		B: квадратные; в C (линия 1882, без вставок по греческому) нет	
Лев	21	13	13	[]	из народа своего	lxx	по признакам		B: квадратные; в C (линия 1882, без вставок по греческому) нет	
Лев	21	14	14	[]	или	added	по признакам		B: квадратные; C (линия 1882): курсив — слово для связности, которого нет в еврейском	
Лев	21	15	15	[]	Бог	lxx	по признакам		B: квадратные; в C (линия 1882, без вставок по греческому) нет	
Лев	22	3	3	[]	Бог ваш	lxx	по признакам		B: квадратные; в C (линия 1882, без вставок по греческому) нет	
Лев	22	9	9	[]	Бог	lxx	по признакам		B: квадратные; в C (линия 1882, без вставок по греческому) нет	
Лев	22	18	18	[]	поселившихся	added	по признакам		B: квадратные; C (линия 1882): курсив — слово для связности, которого нет в еврейском	
Лев	22	20	20	[]	Господу	lxx	по признакам		B: квадратные; в C (линия 1882, без вставок по греческому) нет	
Лев	22	21	21	[]	или в праздники ваши,	lxx	по признакам		B: квадратные; в C (линия 1882, без вставок по греческому) нет	
Лев	23	5	5	[]	день	added	по признакам		B: квадратные; C (линия 1882): курсив — слово для связности, которого нет в еврейском	
Лев	23	18	18	[]	без порока	lxx	по признакам		B: квадратные; в C (линия 1882, без вставок по греческому) нет	
Лев	23	19	19	[]	вместе с хлебом первого плода	lxx	по признакам		B: квадратные; в C (линия 1882, без вставок по греческому) нет	
Лев	23	20	20	[]	который приносит, это принадлежит	added	по признакам		B: квадратные; C (линия 1882): курсив — слово для связности, которого нет в еврейском	
Лев	23	24	24	[]	день	added	по признакам		B: квадратные; C (линия 1882): курсив — слово для связности, которого нет в еврейском	
Лев	23	24	24	[]	да будет у вас	lxx	R10: вручную		B: квадратные; в C (линия 1882, без вставок по греческому) нет; в KJV нет	
Лев	23	27	27	[]	день	added	по признакам		B: квадратные; C (линия 1882): курсив — слово для связности, которого нет в еврейском	
Лев	23	32	32	[]	дня	added	по признакам		B: квадратные; C (линия 1882): курсив — слово для связности, которого нет в еврейском	
Лев	23	32	32	[]	десятого дня месяца	lxx	R10: вручную		B: квадратные; в C (линия 1882, без вставок по греческому) нет; в KJV нет	
Лев	24	3	3	[]	и сыны его	added	по признакам		B: квадратные; C (линия 1882): курсив — слово для связности, которого нет в еврейском	
Лев	24	7	7	[]	каждый	added	по признакам		B: квадратные; C (линия 1882): курсив — слово для связности, которого нет в еврейском	
Лев	24	7	7	[]	и соли	lxx	по признакам		B: квадратные; в C (линия 1882, без вставок по греческому) нет	
Лев	24	11	11	[]	Господне	added	по признакам		B: квадратные; C (линия 1882): курсив — слово для связности, которого нет в еврейском	
Лев	24	11	11	[]	имя же матери его Саломиф, дочь Давриина, из племени Данова	gloss	совет: WLC		в C и E нет; есть в еврейском тексте (проверено по KJV — переводу с еврейского), в KJV — в скобках	§ 8.1: слова есть в WLC
Лев	24	16	16	[]	Господне	added	по признакам		B: квадратные; C (линия 1882): курсив — слово для связности, которого нет в еврейском	
Лев	25	9	9	[]	день	added	по признакам		B: квадратные; C (линия 1882): курсив — слово для связности, которого нет в еврейском	
Лев	25	31	31	[]	всегда	lxx	по признакам		B: квадратные; в C (линия 1882, без вставок по греческому) нет	
Лев	25	36	36	[]	Я Господь,	lxx	по признакам		B: квадратные; в C (линия 1882, без вставок по греческому) нет	
Лев	26	5	5	[]	вашей	added	по признакам		B: квадратные; C (линия 1882): курсив — слово для связности, которого нет в еврейском	
Лев	26	6	6	[]	вашу	added	по признакам		B: квадратные; C (линия 1882): курсив — слово для связности, которого нет в еврейском	
Лев	26	6	6	[]	вашей	added	по признакам		B: квадратные; C (линия 1882): курсив — слово для связности, которого нет в еврейском	
Лев	26	9	9	[]	и благословлю вас	lxx	R10: вручную		B: квадратные; в C (линия 1882, без вставок по греческому) нет; в KJV нет	
Лев	26	20	20	[]	вашей	lxx	по признакам		B: квадратные; в C (линия 1882, без вставок по греческому) нет	
Лев	26	21	21	[]	после сего	added	по признакам		B: квадратные; C (линия 1882): курсив — слово для связности, которого нет в еврейском	
Лев	26	24	24	[]	в ярости	lxx	по признакам		B: квадратные; в C (линия 1882, без вставок по греческому) нет	
Лев	26	31	31	[]	жертв	added	по признакам		B: квадратные; C (линия 1882): курсив — слово для связности, которого нет в еврейском	
Лев	26	32	32	[]	вашу	added	по признакам		B: квадратные; C (линия 1882): курсив — слово для связности, которого нет в еврейском	
Лев	26	34	34	[]	своего	added	по признакам		B: квадратные; C (линия 1882): курсив — слово для связности, которого нет в еврейском	
Лев	26	35	35	[]	своего	added	по признакам		B: квадратные; C (линия 1882): курсив — слово для связности, которого нет в еврейском	
Лев	26	41	41	[]	в ярости	lxx	по признакам		B: квадратные; в C (линия 1882, без вставок по греческому) нет	
Чис	1	1	1	[]	день	added	по признакам		B: квадратные; C (линия 1882): курсив — слово для связности, которого нет в еврейском	
Чис	1	18	18	[]	день	added	по признакам		B: квадратные; C (линия 1882): курсив — слово для связности, которого нет в еврейском	
Чис	1	24	24	[]	их, поголовно, всех мужеского пола	lxx	R10: вручную		B: квадратные; в C (линия 1882, без вставок по греческому) нет; в KJV нет	
Чис	1	26	26	[]	их, поголовно, всех мужеского пола	lxx	R10: вручную		B: квадратные; в C (линия 1882, без вставок по греческому) нет; в KJV нет	
Чис	1	28	28	[]	их, поголовно, всех мужеского пола	lxx	R10: вручную		B: квадратные; в C (линия 1882, без вставок по греческому) нет; в KJV нет	
Чис	1	30	30	[]	их, поголовно, всех мужеского пола	lxx	R10: вручную		B: квадратные; в C (линия 1882, без вставок по греческому) нет; в KJV нет	
Чис	1	32	32	[]	их, поголовно, всех мужеского пола	lxx	R10: вручную		B: квадратные; в C (линия 1882, без вставок по греческому) нет; в KJV нет	
Чис	1	34	34	[]	их, поголовно, всех мужеского пола	lxx	R10: вручную		B: квадратные; в C (линия 1882, без вставок по греческому) нет; в KJV нет	
Чис	1	36	36	[]	их, поголовно, всех мужеского пола	lxx	R10: вручную		B: квадратные; в C (линия 1882, без вставок по греческому) нет; в KJV нет	
Чис	1	38	38	[]	их, поголовно, всех мужеского пола	lxx	R10: вручную		B: квадратные; в C (линия 1882, без вставок по греческому) нет; в KJV нет	
Чис	1	40	40	[]	их, поголовно, всех мужеского пола	lxx	R10: вручную		B: квадратные; в C (линия 1882, без вставок по греческому) нет; в KJV нет	
Чис	1	42	42	[]	их, поголовно, всех мужеского пола	lxx	R10: вручную		B: квадратные; в C (линия 1882, без вставок по греческому) нет; в KJV нет	
Чис	2	7	7	[]	далее ставит стан	added	по признакам		B: квадратные; C (линия 1882): курсив — слово для связности, которого нет в еврейском	
Чис	2	29	29	[]	ставит стан	lxx	по признакам		B: квадратные; в C (линия 1882, без вставок по греческому) нет	
Чис	3	9	9	[]	брату твоему	lxx	по признакам		B: квадратные; в C (линия 1882, без вставок по греческому) нет	
Чис	3	9	9	[]	священникам	lxx	по признакам		B: квадратные; в C (линия 1882, без вставок по греческому) нет	
Чис	3	10	10	[]	скинию откровения	lxx	по признакам		B: квадратные; в C (линия 1882, без вставок по греческому) нет	
Чис	3	10	10	[]	и все, что при жертвеннике и за завесою	lxx	по признакам		B: квадратные; в C (линия 1882, без вставок по греческому) нет	
Чис	3	12	12	[]	они будут взамен их	lxx	R10: вручную		B: квадратные; в C (линия 1882, без вставок по греческому) нет; в KJV нет	
Чис	3	16	16	[]	и Аарон	lxx	по признакам		B: квадратные; в C (линия 1882, без вставок по греческому) нет	
Чис	3	50	50	[]	сиклей	added	по признакам		B: квадратные; C (линия 1882): курсив — слово для связности, которого нет в еврейском	
Чис	3	51	51	[]	за излишних	lxx	по признакам		B: квадратные; в C (линия 1882, без вставок по греческому) нет	
Чис	4	4	4	[]	левитов по родам их, по семействам их,	lxx	R10: вручную		B: квадратные; в C (линия 1882, без вставок по греческому) нет; в KJV нет	
Чис	4	14	14	[]	И возьмут пурпуровую одежду, и покроют умывальник и подножия его, и положат на них кожаное синее покрывало, и поставят на носилки.	lxx	по признакам		B: квадратные; в C (линия 1882, без вставок по греческому) нет	
Чис	4	44	44	[]	по семействам их,	lxx	R10: вручную		B: квадратные; в C (линия 1882, без вставок по греческому) нет; в KJV нет	
Чис	5	22	22	[]	твой	added	по признакам		B: квадратные; C (линия 1882): курсив — слово для связности, которого нет в еврейском	
Чис	5	22	22	[]	твое	added	по признакам		B: квадратные; C (линия 1882): курсив — слово для связности, которого нет в еврейском	
Чис	6	4	4	[]	и пить	lxx	по признакам		B: квадратные; в C (линия 1882, без вставок по греческому) нет	
Чис	6	27	27	[]	Господь	lxx	по признакам		B: квадратные; в C (линия 1882, без вставок по греческому) нет	
Чис	7	2	2	[]	двенадцать	lxx	по признакам		B: квадратные; в C (линия 1882, без вставок по греческому) нет	
Чис	7	18	18	[]	колена	added	по признакам		B: квадратные; C (линия 1882): курсив — слово для связности, которого нет в еврейском	
Чис	7	88	88	[]	однолетних	lxx	по признакам		B: квадратные; в C (линия 1882, без вставок по греческому) нет	
Чис	7	88	88	[]	без порока	lxx	по признакам		B: квадратные; в C (линия 1882, без вставок по греческому) нет	
Чис	9	13	13	[]	дальней	lxx	по признакам		B: квадратные; в C (линия 1882, без вставок по греческому) нет	
Чис	9	16	16	[]	днем	lxx	совет: WLC, LXX, CSL		B: квадратные; C (линия 1882): курсив — слово для связности, которого нет в еврейском	вид R10 «в» → lxx; § 8.4: «в» → «а»: LXX ἡμέρας
Чис	10	6	6	[]	когда затрубите в третий раз тревогу, поднимутся станы, становящиеся к морю; когда в четвертый раз затрубите тревогу, поднимутся станы, становящиеся к северу;	lxx	по признакам		B: квадратные; в C (линия 1882, без вставок по греческому) нет	
Чис	11	18	18	[]	мясо	lxx	по признакам		B: квадратные; в C (линия 1882, без вставок по греческому) нет	
Чис	11	20	20	[]	будете есть	lxx	R10: вручную		B: квадратные; в C (линия 1882, без вставок по греческому) нет; в KJV нет	
Чис	11	26	26	[]	они были из числа записанных, только не выходили к скинии	gloss	совет: WLC		в C и E нет; есть в еврейском тексте (проверено по KJV — переводу с еврейского)	§ 8.1: слова есть в WLC
Чис	13	18	18	[]	из пустыни Фаран	lxx	по признакам		B: квадратные; в C (линия 1882, без вставок по греческому) нет	
Чис	13	23	23	[]	города	added	по признакам		B: квадратные; C (линия 1882): курсив — слово для связности, которого нет в еврейском	
Чис	13	24	24	[]	и осмотрели ее,	lxx	по признакам		B: квадратные; в C (линия 1882, без вставок по греческому) нет	
Чис	13	30	30	[]	Евеи,	lxx	по признакам		B: квадратные; в C (линия 1882, без вставок по греческому) нет	
Чис	14	1	1	[]	всю	added	по признакам		B: квадратные; C (линия 1882): курсив — слово для связности, которого нет в еврейском	
Чис	14	10	10	[]	в облаке	lxx	по признакам		B: квадратные; в C (линия 1882, без вставок по греческому) нет	
Чис	14	12	12	[]	и от дома отца твоего	lxx	по признакам		B: квадратные; в C (линия 1882, без вставок по греческому) нет	
Чис	14	18	18	[]	и истинен	lxx	по признакам		B: квадратные; в C (линия 1882, без вставок по греческому) нет	
Чис	14	18	18	[]	и грехи	lxx	по признакам		B: квадратные; в C (линия 1882, без вставок по греческому) нет	
Чис	14	20	20	[]	Моисею	added	по признакам		B: квадратные; C (линия 1882): курсив — слово для связности, которого нет в еврейском	
Чис	14	21	21	[]	и всегда живет имя Мое,	lxx	R10: вручную		B: квадратные; в C (линия 1882, без вставок по греческому) нет; в KJV нет	
Чис	14	23	23	[]	только детям их, которые здесь со Мною, которые не знают, что добро, что зло, всем малолетним, ничего не смыслящим, им дам землю, а	lxx	по признакам		B: квадратные; в C (линия 1882, без вставок по греческому) нет	
Чис	14	45	45	[]	и возвратились в стан.	lxx	по признакам		B: квадратные; в C (линия 1882, без вставок по греческому) нет	
Чис	15	4	4	[]	ефы	lxx	совет: WLC, LXX, CSL		B: квадратные; C (линия 1882): курсив — слово для связности, которого нет в еврейском	вид R10 «в» → lxx; § 8.4: «в» → «а»: LXX τοῦ οιφι
Чис	15	5	5	[]	в приятное благоухание Господу	lxx	по признакам		B: квадратные; в C (линия 1882, без вставок по греческому) нет	
Чис	15	15	15	[]	Господне	lxx	совет: WLC, LXX, CSL		B: квадратные; C (линия 1882): курсив — слово для связности, которого нет в еврейском	вид R10 «в» → lxx; § 8.4: «в» → по славянскому (нет в WLC и LXX, есть в CSL): по славянскому
Чис	15	15	15	[]	у вас	lxx	совет: WLC, LXX, CSL		B: квадратные; C (линия 1882): курсив — слово для связности, которого нет в еврейском	вид R10 «в» → lxx; § 8.4: «в» → «а»: LXX ἐν ὑμῖν
Чис	15	23	23	[]	Бог	lxx	по признакам		B: квадратные; в C (линия 1882, без вставок по греческому) нет	
Чис	15	24	24	[]	без порока	lxx	по признакам		B: квадратные; в C (линия 1882, без вставок по греческому) нет	
Чис	15	33	33	[]	в день субботы	lxx	R10: вручную		B: квадратные; в C (линия 1882, без вставок по греческому) нет; в KJV нет	
Чис	15	33	33	[]	сынов Израилевых	lxx	по признакам		B: квадратные; в C (линия 1882, без вставок по греческому) нет	
Чис	16	9	9	[]	Господним	lxx	по признакам		B: квадратные; в C (линия 1882, без вставок по греческому) нет	
Чис	16	26	26	[]	вместе	lxx	по признакам		B: квадратные; в C (линия 1882, без вставок по греческому) нет	
Чис	16	28	28	[]	я делаю сие	added	по признакам		B: квадратные; C (линия 1882): курсив — слово для связности, которого нет в еврейском	
Чис	16	30	30	[]	и домы их и шатры их	lxx	по признакам		B: квадратные; в C (линия 1882, без вставок по греческому) нет	
Чис	16	37	37	[]	медные	lxx	по признакам		B: квадратные; в C (линия 1882, без вставок по греческому) нет	
Чис	16	44	44	[]	и Аарону	lxx	по признакам		B: квадратные; в C (линия 1882, без вставок по греческому) нет	
Чис	16	46	46	[]	и	added	по признакам		B: квадратные; C (линия 1882): курсив — слово для связности, которого нет в еврейском	
Чис	17	3	3	[]	должны они дать	added	по признакам		B: квадратные; C (линия 1882): курсив — слово для связности, которого нет в еврейском	
Чис	17	8	8	[]	и Аарон	lxx	по признакам		B: квадратные; в C (линия 1882, без вставок по греческому) нет	
Чис	18	10	10	[]	ты и сыны твои	lxx	по признакам		B: квадратные; в C (линия 1882, без вставок по греческому) нет	
Чис	18	31	31	[]	сыны ваши и	lxx	по признакам		B: квадратные; в C (линия 1882, без вставок по греческому) нет	
Чис	19	2	2	[]	и	added	по признакам		B: квадратные; C (линия 1882): курсив — слово для связности, которого нет в еврейском	
Чис	19	3	3	[]	на место чистое	lxx	R10: вручную		B: квадратные; в C (линия 1882, без вставок по греческому) нет; в KJV нет	
Чис	19	12	12	[]	водою	added	по признакам		B: квадратные; C (линия 1882): курсив — слово для связности, которого нет в еврейском	
Чис	19	18	18	[]	человеческой	added	по признакам		B: квадратные; C (линия 1882): курсив — слово для связности, которого нет в еврейском	
Чис	19	19	19	[]	тело свое	added	по признакам		B: квадратные; C (линия 1882): курсив — слово для связности, которого нет в еврейском	
Чис	20	14	14	[]	сказать	added	по признакам		B: квадратные; C (линия 1882): курсив — слово для связности, которого нет в еврейском	
Чис	20	17	17	[]	твоих	added	по признакам		B: квадратные; C (линия 1882): курсив — слово для связности, которого нет в еврейском	
Чис	20	20	20	[]	через меня	lxx	R10: вручную		B: квадратные; в C (линия 1882, без вставок по греческому) нет; в KJV нет	
Чис	20	25	25	[]	брата твоего	lxx	по признакам		B: квадратные; в C (линия 1882, без вставок по греческому) нет	
Чис	20	25	25	[]	пред всем обществом	lxx	по признакам		B: квадратные; в C (линия 1882, без вставок по греческому) нет	
Чис	21	2	2	[]	на них и	lxx	по признакам		B: квадратные; в C (линия 1882, без вставок по греческому) нет	
Чис	21	5	5	[]	нам	added	по признакам		B: квадратные; C (линия 1882): курсив — слово для связности, которого нет в еврейском	
Чис	21	6	6	[]	сынов	added	по признакам		B: квадратные; C (линия 1882): курсив — слово для связности, которого нет в еврейском	
Чис	21	7	7	[]	Господу	lxx	по признакам		B: квадратные; в C (линия 1882, без вставок по греческому) нет	
Чис	21	8	8	[]	медного	lxx	по признакам		B: квадратные; в C (линия 1882, без вставок по греческому) нет	
Чис	21	8	8	[]	если ужалит змей какого-либо человека	lxx	R10: вручную		B: квадратные; в C (линия 1882, без вставок по греческому) нет; в KJV нет	
Чис	21	16	16	[]	отправились	added	по признакам		B: квадратные; C (линия 1882): курсив — слово для связности, которого нет в еврейском	
Чис	21	18	18	[]	отправились	added	по признакам		B: квадратные; C (линия 1882): курсив — слово для связности, которого нет в еврейском	
Чис	21	21	21	[]	с предложением мирным,	lxx	по признакам		B: квадратные; в C (линия 1882, без вставок по греческому) нет	
Чис	21	22	22	[]	мы пойдем дорогою,	lxx	R10: вручную		B: квадратные; в C (линия 1882, без вставок по греческому) нет; в KJV нет	
Чис	21	22	22	[]	твоих	added	по признакам		B: квадратные; C (линия 1882): курсив — слово для связности, которого нет в еврейском	
Чис	21	32	32	[]	его и	lxx	по признакам		B: квадратные; в C (линия 1882, без вставок по греческому) нет	
Чис	21	35	35	[]	живого	lxx	по признакам		B: квадратные; в C (линия 1882, без вставок по греческому) нет	
Чис	22	10	10	[]	их	added	по признакам		B: квадратные; C (линия 1882): курсив — слово для связности, которого нет в еврейском	
Чис	22	10	10	[]	сказать	added	по признакам		B: квадратные; C (линия 1882): курсив — слово для связности, которого нет в еврейском	
Чис	22	11	11	[]	и живет подле меня	lxx	R10: вручную		B: квадратные; в C (линия 1882, без вставок по греческому) нет; в KJV нет	
Чис	22	11	11	[]	из земли	lxx	по признакам		B: квадратные; в C (линия 1882, без вставок по греческому) нет	
Чис	22	14	14	[]	ему	added	по признакам		B: квадратные; C (линия 1882): курсив — слово для связности, которого нет в еврейском	
Чис	22	17	17	[]	тебе	added	по признакам		B: квадратные; C (линия 1882): курсив — слово для связности, которого нет в еврейском	
Чис	22	18	18	[]	по своему произволу	added	по признакам		B: квадратные; C (линия 1882): курсив — слово для связности, которого нет в еврейском	
Чис	22	32	32	[]	тебе	lxx	совет: WLC, LXX, CSL		B: квадратные; C (линия 1882): курсив — слово для связности, которого нет в еврейском	вид R10 «в» → lxx; § 8.4: «в» → «а»: LXX εἰς διαβολήν σου
Чис	22	32	32	[]	твой	lxx	совет: WLC, LXX, CSL		B: квадратные; C (линия 1882): курсив — слово для связности, которого нет в еврейском	вид R10 «в» → lxx; § 8.4: «в» → «а»: LXX ἡ ὁδός σου
Чис	23	3	3	[]	остался Валак у всесожжения своего, а Валаам	lxx	R10: вручную		B: квадратные; в C (линия 1882, без вставок по греческому) нет; в KJV нет	
Чис	23	3	3	[]	вопросить Бога	lxx	по признакам		B: квадратные; в C (линия 1882, без вставок по греческому) нет	
Чис	23	4	4	[]	Валаам	added	по признакам		B: квадратные; C (линия 1882): курсив — слово для связности, которого нет в еврейском	
Чис	23	6	6	[]	И был на нем Дух Божий.	lxx	по признакам		B: квадратные; в C (линия 1882, без вставок по греческому) нет	
Чис	23	8	8	[]	на него	added	по признакам		B: квадратные; C (линия 1882): курсив — слово для связности, которого нет в еврейском	
Чис	23	15	15	[]	Валаам	added	по признакам		B: квадратные; C (линия 1882): курсив — слово для связности, которого нет в еврейском	
Чис	23	15	15	[]	пойду	added	по признакам		B: квадратные; C (линия 1882): курсив — слово для связности, которого нет в еврейском	
Чис	23	15	15	[]	Богу	added	по признакам		B: квадратные; C (линия 1882): курсив — слово для связности, которого нет в еврейском	
Чис	23	17	17	[]	все	lxx	по признакам		B: квадратные; в C (линия 1882, без вставок по греческому) нет	
Чис	24	8	8	[]	врага	added	по признакам		B: квадратные; C (линия 1882): курсив — слово для связности, которого нет в еврейском	
Чис	24	23	23	[]	увидев Ога,	lxx	по признакам		B: квадратные; в C (линия 1882, без вставок по греческому) нет	
Чис	24	23	23	[]	горе,	lxx	R10: вручную		B: квадратные; C: без пометы; в KJV нет	
Чис	25	2	2	[]	жертвы их	lxx	совет: WLC, LXX, CSL		B: квадратные; C (линия 1882): курсив — слово для связности, которого нет в еврейском	вид R10 «в» → lxx; § 8.4: «в» → «а»: LXX τῶν θυσιῶν αὐτῶν
Чис	26	14	14	[]	при исчислении их	lxx	R10: вручную		B: квадратные; в C (линия 1882, без вставок по греческому) нет; в KJV нет	
Чис	26	19	19	[]	Шела, Фарес и Зара	lxx	по признакам		B: квадратные; в C (линия 1882, без вставок по греческому) нет	
Чис	26	40	40	[]	от Арда	added	по признакам		B: квадратные; C (линия 1882): курсив — слово для связности, которого нет в еврейском	
Чис	26	61	61	[]	в пустыне Синайской	lxx	по признакам		B: квадратные; в C (линия 1882, без вставок по греческому) нет	
Чис	27	12	12	[]	которая по эту сторону Иордана, на сию гору Ново,	lxx	по признакам		B: квадратные; в C (линия 1882, без вставок по греческому) нет	
Чис	27	12	12	[]	Ханаанскую	lxx	по признакам		B: квадратные; в C (линия 1882, без вставок по греческому) нет	
Чис	27	12	12	[]	во владение	lxx	по признакам		B: квадратные; в C (линия 1882, без вставок по греческому) нет	
Чис	27	13	13	[]	на горе Ор	lxx	по признакам		B: квадратные; в C (линия 1882, без вставок по греческому) нет	
Чис	27	14	14	[]	Это воды Меривы при Кадесе в пустыне Син.	gloss	совет: WLC		в C нет; есть в еврейском тексте (проверено по KJV — переводу с еврейского)	§ 8.1: слова есть в WLC
Чис	27	22	22	[]	Бог	lxx	по признакам		B: квадратные; в C (линия 1882, без вставок по греческому) нет	
Чис	28	5	5	[]	приноси	added	по признакам		B: квадратные; C (линия 1882): курсив — слово для связности, которого нет в еврейском	
Чис	28	9	9	[]	приносите	added	по признакам		B: квадратные; C (линия 1882): курсив — слово для связности, которого нет в еврейском	
Чис	28	18	18	[]	да будет у вас	added	по признакам		B: квадратные; C (линия 1882): курсив — слово для связности, которого нет в еврейском	
Чис	28	27	27	[]	без порока	lxx	по признакам		B: квадратные; в C (линия 1882, без вставок по греческому) нет	
Чис	28	30	30	[]	в жертву за грех	added	по признакам		B: квадратные; C (линия 1882): курсив — слово для связности, которого нет в еврейском	
Чис	28	31	31	[]	сие Мне	added	по признакам		B: квадратные; C (линия 1882): курсив — слово для связности, которого нет в еврейском	
Чис	29	1	1	[]	день	added	по признакам		B: квадратные; C (линия 1882): курсив — слово для связности, которого нет в еврейском	
Чис	29	7	7	[]	день	added	по признакам		B: квадратные; C (линия 1882): курсив — слово для связности, которого нет в еврейском	
Чис	29	11	11	[]	для очищения вас,	lxx	по признакам		B: квадратные; в C (линия 1882, без вставок по греческому) нет	
Чис	29	11	11	[]	по уставу приносимых в приятное благоухание, в жертву Господу	lxx	по признакам		B: квадратные; в C (линия 1882, без вставок по греческому) нет	
Чис	30	9	9	[]	то они не состоятся, потому что запретил ей муж ее,	lxx	по признакам		B: квадратные; в C (линия 1882, без вставок по греческому) нет	
Чис	30	16	16	[]	муж	lxx	по признакам		B: квадратные; в C (линия 1882, без вставок по греческому) нет	
Чис	31	4	4	[]	сынов	lxx	по признакам		B: квадратные; в C (линия 1882, без вставок по греческому) нет	
Чис	31	6	6	[]	сына Аарона,	lxx	по признакам		B: квадратные; в C (линия 1882, без вставок по греческому) нет	
Чис	31	8	8	[]	вместе с убитыми их	lxx	R10: вручную		B: квадратные; в C (линия 1882, без вставок по греческому) нет; в KJV нет	
Чис	31	15	15	[]	для чего	added	по признакам		B: квадратные; C (линия 1882): курсив — слово для связности, которого нет в еврейском	
Чис	32	11	11	[]	знающие добро и зло,	lxx	по признакам		B: квадратные; в C (линия 1882, без вставок по греческому) нет	
Чис	32	30	30	[]	на войну пред Господом, то пошлите пред собою имение их, жен их и скот их в землю Ханаанскую	lxx	по признакам		B: квадратные; в C (линия 1882, без вставок по греческому) нет	
Чис	33	9	9	[]	было	added	по признакам		B: квадратные; C (линия 1882): курсив — слово для связности, которого нет в еврейском	
Чис	33	36	36	[]	Отправившись из пустыни Син, расположились станом в пустыне Фаран,	lxx	по признакам		B: квадратные; в C (линия 1882, без вставок по греческому) нет	
Чис	34	13	13	[]	Манассиина	lxx	по признакам		B: квадратные; в C (линия 1882, без вставок по греческому) нет	
Чис	35	4	4	[]	две	added	по признакам		B: квадратные; C (линия 1882): курсив — слово для связности, которого нет в еврейском	
Чис	35	6	6	[]	будут	added	по признакам		B: квадратные; C (линия 1882): курсив — слово для связности, которого нет в еврейском	
Чис	35	12	12	[]	за кровь	lxx	по признакам		B: квадратные; в C (линия 1882, без вставок по греческому) нет	
Чис	35	32	32	[]	великого	lxx	совет: WLC, LXX, CSL		B: квадратные; C (линия 1882): курсив — слово для связности, которого нет в еврейском	вид R10 «в» → lxx; § 8.4: «в» → «а»: LXX ὁ μέγας
Чис	35	33	33	[]	будете жить	added	по признакам		B: квадратные; C (линия 1882): курсив — слово для связности, которого нет в еврейском	
Чис	36	1	1	[]	и пред Елеазаром священником	lxx	R10: вручную		B: квадратные; в C (линия 1882, без вставок по греческому) нет; в KJV нет	
Чис	36	3	3	[]	женами	lxx	по признакам		B: квадратные; в C (линия 1882, без вставок по греческому) нет	
Чис	36	4	4	[]	женами	lxx	по признакам		B: квадратные; в C (линия 1882, без вставок по греческому) нет	
Втор	1	3	3	[]	день	added	по признакам		B: квадратные; C (линия 1882): курсив — слово для связности, которого нет в еврейском	
Втор	1	3	3	[]	всем	lxx	по признакам		B: квадратные; в C (линия 1882, без вставок по греческому) нет	
Втор	1	15	15	[]	разумных	lxx	по признакам		B: квадратные; в C (линия 1882, без вставок по греческому) нет	
Втор	1	23	23	[]	каждого	added	по признакам		B: квадратные; C (линия 1882): курсив — слово для связности, которого нет в еврейском	
Втор	1	28	28	[]	многочисленнее	lxx	по признакам		B: квадратные; в C (линия 1882, без вставок по греческому) нет	
Втор	1	34	34	[]	Бог	lxx	по признакам		B: квадратные; в C (линия 1882, без вставок по греческому) нет	
Втор	1	41	41	[]	Богом нашим,	lxx	по признакам		B: квадратные; в C (линия 1882, без вставок по греческому) нет	
Втор	2	7	7	[]	и страшной	lxx	по признакам		B: квадратные; в C (линия 1882, без вставок по греческому) нет	
Втор	2	14	14	[]	Бог	lxx	по признакам		B: квадратные; в C (линия 1882, без вставок по греческому) нет	
Втор	2	31	31	[]	царя Есевонского, Аморреянина,	lxx	R10: вручную		B: квадратные; в C (линия 1882, без вставок по греческому) нет; в KJV нет	
Втор	2	32	32	[]	царь Есевонский	lxx	по признакам		B: квадратные; в C (линия 1882, без вставок по греческому) нет	
Втор	2	33	33	[]	в руки наши,	added	по признакам		B: квадратные; C (линия 1882): курсив — слово для связности, которого нет в еврейском	
Втор	2	36	36	[]	горы	lxx	по признакам		B: квадратные; в C (линия 1882, без вставок по греческому) нет	
Втор	2	36	36	[]	в руки наши	added	по признакам		B: квадратные; C (линия 1882): курсив — слово для связности, которого нет в еврейском	
Втор	2	37	37	[]	лежащим	added	по признакам		B: квадратные; C (линия 1882): курсив — слово для связности, которого нет в еврейском	
Втор	2	37	37	[]	которые	lxx	по признакам		B: квадратные; в C (линия 1882, без вставок по греческому) нет	
Втор	2	37	37	[]	нам	added	по признакам		B: квадратные; C (линия 1882): курсив — слово для связности, которого нет в еврейском	
Втор	3	13	13	[]	Она называется землею Рефаимов.	gloss	совет: WLC		в C нет; есть в еврейском тексте (проверено по KJV — переводу с еврейского)	§ 8.1: слова есть в WLC
Втор	3	19	19	[]	ибо я знаю, что скота у вас много,	gloss	совет: WLC		в C нет; есть в еврейском тексте (проверено по KJV — переводу с еврейского), в KJV — в скобках	§ 8.1: слова есть в WLC
Втор	3	20	20	[]	Бог	lxx	по признакам		B: квадратные; в C (линия 1882, без вставок по греческому) нет	
Втор	3	24	24	[]	и силу Твою,	lxx	по признакам		B: квадратные; в C (линия 1882, без вставок по греческому) нет	
Втор	3	24	24	[]	и высокую мышцу	lxx	по признакам		B: квадратные; в C (линия 1882, без вставок по греческому) нет	
Втор	3	28	28	[]	всю	lxx	по признакам		B: квадратные; в C (линия 1882, без вставок по греческому) нет	
Втор	4	1	1	[]	сегодня	lxx	по признакам		B: квадратные; в C (линия 1882, без вставок по греческому) нет	
Втор	4	1	1	[]	и размножились	lxx	по признакам		B: квадратные; в C (линия 1882, без вставок по греческому) нет	
Втор	4	1	1	[]	в наследие	lxx	по признакам		B: квадратные; в C (линия 1882, без вставок по греческому) нет	
Втор	4	2	2	[]	сегодня	lxx	по признакам		B: квадратные; в C (линия 1882, без вставок по греческому) нет	
Втор	4	3	3	[]	все	added	по признакам		B: квадратные; C (линия 1882): курсив — слово для связности, которого нет в еврейском	
Втор	4	3	3	[]	Бог наш	lxx	по признакам		B: квадратные; в C (линия 1882, без вставок по греческому) нет	
Втор	4	10	10	[]	в день собрания,	lxx	по признакам		B: квадратные; в C (линия 1882, без вставок по греческому) нет	
Втор	4	12	12	[]	на горе	lxx	по признакам		B: квадратные; в C (линия 1882, без вставок по греческому) нет	
Втор	4	12	12	[]	Его	added	по признакам		B: квадратные; C (линия 1882): курсив — слово для связности, которого нет в еврейском	
Втор	4	15	15	[]	горе	lxx	по признакам		B: квадратные; в C (линия 1882, без вставок по греческому) нет	
Втор	4	18	18	[]	гада,	added	по признакам		B: квадратные; C (линия 1882): курсив — слово для связности, которого нет в еврейском	
Втор	4	19	19	[]	и	added	по признакам		B: квадратные; C (линия 1882): курсив — слово для связности, которого нет в еврейском	
Втор	4	20	20	[]	Бог	lxx	по признакам		B: квадратные; в C (линия 1882, без вставок по греческому) нет	
Втор	4	21	21	[]	Бог	lxx	по признакам		B: квадратные; в C (линия 1882, без вставок по греческому) нет	
Втор	4	25	25	[]	твоих	added	по признакам		B: квадратные; C (линия 1882): курсив — слово для связности, которого нет в еврейском	
Втор	4	27	27	[]	всем	added	по признакам		B: квадратные; C (линия 1882): курсив — слово для связности, которого нет в еврейском	
Втор	4	28	28	[]	другим	lxx	по признакам		B: квадратные; в C (линия 1882, без вставок по греческому) нет	
Втор	4	29	29	[]	Его	added	по признакам		B: квадратные; C (линия 1882): курсив — слово для связности, которого нет в еврейском	
Втор	4	31	31	[]	благий и	lxx	по признакам		B: квадратные; в C (линия 1882, без вставок по греческому) нет	
Втор	4	33	33	[]	какой	added	по признакам		B: квадратные; C (линия 1882): курсив — слово для связности, которого нет в еврейском	
Втор	4	33	33	[]	живаго	lxx	по признакам		B: квадратные; в C (линия 1882, без вставок по греческому) нет	
Втор	4	35	35	[]	Бог твой	lxx	совет: WLC, LXX, CSL		B: квадратные; в C (линия 1882, без вставок по греческому) нет	§ 8.4: LXX
Втор	4	35	35	[]	и	lxx	совет: WLC, LXX, CSL		B: квадратные; C (линия 1882): курсив — слово для связности, которого нет в еврейском	вид R10 «в» → lxx; § 8.4: «в» → «а»: LXX καί (служебное)
Втор	4	37	37	[]	вас,	added	по признакам		B: квадратные; C (линия 1882): курсив — слово для связности, которого нет в еврейском	
Втор	4	39	39	[]	Бог твой	lxx	по признакам		B: квадратные; в C (линия 1882, без вставок по греческому) нет	
Втор	4	39	39	[]	и	added	по признакам		B: квадратные; C (линия 1882): курсив — слово для связности, которого нет в еврейском	
Втор	4	39	39	[]	кроме Его	added	по признакам		B: квадратные; C (линия 1882): курсив — слово для связности, которого нет в еврейском	
Втор	4	45	45	[]	в пустыне	lxx	по признакам		B: квадратные; в C (линия 1882, без вставок по греческому) нет	
Втор	5	11	11	[]	Бог твой	lxx	по признакам		B: квадратные; в C (линия 1882, без вставок по греческому) нет	
Втор	5	14	14	[]	в оный	added	по признакам		B: квадратные; C (линия 1882): курсив — слово для связности, которого нет в еврейском	
Втор	5	14	14	[]	и осел твой,	lxx	по признакам		B: квадратные; в C (линия 1882, без вставок по греческому) нет	
Втор	5	15	15	[]	ты	added	по признакам		B: квадратные; C (линия 1882): курсив — слово для связности, которого нет в еврейском	
Втор	5	15	15	[]	и свято хранить его	lxx	по признакам		B: квадратные; в C (линия 1882, без вставок по греческому) нет	
Втор	5	21	21	[]	ни всякого скота его,	lxx	по признакам		B: квадратные; в C (линия 1882, без вставок по греческому) нет	
Втор	5	22	22	[]	и бури	lxx	по признакам		B: квадратные; в C (линия 1882, без вставок по греческому) нет	
Втор	5	27	27	[]	тебе	added	по признакам		B: квадратные; C (линия 1882): курсив — слово для связности, которого нет в еврейском	
Втор	5	31	31	[]	так	added	по признакам		B: квадратные; C (линия 1882): курсив — слово для связности, которого нет в еврейском	
Втор	6	1	1	[]	так	lxx	совет: WLC, LXX, CSL		B: квадратные; C (линия 1882): курсив — слово для связности, которого нет в еврейском	вид R10 «в» → lxx; § 8.4: «в» → «а»: LXX οὕτως
Втор	6	2	2	[]	сегодня	lxx	по признакам		B: квадратные; в C (линия 1882, без вставок по греческому) нет	
Втор	6	3	3	[]	что Он даст тебе	added	по признакам		B: квадратные; C (линия 1882): курсив — слово для связности, которого нет в еврейском	
Втор	6	3	3	[]	Сии суть постановления и законы, которые заповедал Господь Бог сынам Израилевым в пустыне, по исшествии их из земли Египетской.	lxx	по признакам		B: квадратные; в C (линия 1882, без вставок по греческому) нет	
Втор	6	6	6	[]	и в душе твоей	lxx	R10: вручную		B: квадратные; в C (линия 1882, без вставок по греческому) нет; в KJV нет	
Втор	6	12	12	[]	не обольстилось сердце твое и	lxx	по признакам		B: квадратные; в C (линия 1882, без вставок по греческому) нет	
Втор	6	13	13	[]	одному	added	по признакам		B: квадратные; C (линия 1882): курсив — слово для связности, которого нет в еврейском	
Втор	6	13	13	[]	и к Нему прилепись,	lxx	по признакам		B: квадратные; в C (линия 1882, без вставок по греческому) нет	
Втор	6	18	18	[]	Бога твоего	lxx	совет: WLC, LXX, CSL		B: квадратные; в C (линия 1882, без вставок по греческому) нет	§ 8.3: выборка «а» подтверждена
Втор	6	21	21	[]	Бог	lxx	по признакам		B: квадратные; в C (линия 1882, без вставок по греческому) нет	
Втор	6	21	21	[]	и мышцею высокою	lxx	по признакам		B: квадратные; в C (линия 1882, без вставок по греческому) нет	
Втор	6	22	22	[]	Бог	lxx	по признакам		B: квадратные; в C (линия 1882, без вставок по греческому) нет	
Втор	6	22	22	[]	и над войском его	lxx	по признакам		B: квадратные; в C (линия 1882, без вставок по греческому) нет	
Втор	6	23	23	[]	Господь, Бог наш,	lxx	R10: вручную		B: квадратные; в C (линия 1882, без вставок по греческому) нет; в KJV нет	
Втор	6	23	23	[]	Господь, Бог наш,	lxx	R10: вручную		B: квадратные; в C (линия 1882, без вставок по греческому) нет; в KJV нет	
Втор	6	23	23	[]	дать нам	added	по признакам		B: квадратные; C (линия 1882): курсив — слово для связности, которого нет в еврейском	
Втор	6	25	25	[]	закона	lxx	по признакам		B: квадратные; в C (линия 1882, без вставок по греческому) нет	
Втор	7	5	5	[]	богов	lxx	по признакам		B: квадратные; в C (линия 1882, без вставок по греческому) нет	
Втор	7	8	8	[]	и мышцею высокою	lxx	по признакам		B: квадратные; в C (линия 1882, без вставок по греческому) нет	
Втор	7	9	9	[]	Свой	added	по признакам		B: квадратные; C (линия 1882): курсив — слово для связности, которого нет в еврейском	
Втор	7	15	15	[]	Бог твой	lxx	по признакам		B: квадратные; в C (линия 1882, без вставок по греческому) нет	
Втор	7	15	15	[]	которые ты видел и	lxx	по признакам		B: квадратные; в C (линия 1882, без вставок по греческому) нет	
Втор	7	19	19	[]	великие	lxx	по признакам		B: квадратные; в C (линия 1882, без вставок по греческому) нет	
Втор	7	22	22	[]	земля не сделалась пуста и	lxx	совет: WLC, LXX, CSL		B: квадратные; в C (линия 1882, без вставок по греческому) нет	§ 8.3: выборка «а» подтверждена
Втор	8	1	1	[]	доброю	lxx	по признакам		B: квадратные; в C (линия 1882, без вставок по греческому) нет	
Втор	8	1	1	[]	Бог	lxx	по признакам		B: квадратные; в C (линия 1882, без вставок по греческому) нет	
Втор	8	3	3	[]	словом	added	по признакам		B: квадратные; C (линия 1882): курсив — слово для связности, которого нет в еврейском	
Втор	8	8	8	[]	где	added	по признакам		B: квадратные; C (линия 1882): курсив — слово для связности, которого нет в еврейском	
Втор	8	12	12	[]	в них	added	по признакам		B: квадратные; C (линия 1882): курсив — слово для связности, которого нет в еврейском	
Втор	8	15	15	[]	источник	added	по признакам		B: квадратные; C (линия 1882): курсив — слово для связности, которого нет в еврейском	
Втор	8	16	16	[]	не знал ты и	lxx	по признакам		B: квадратные; в C (линия 1882, без вставок по греческому) нет	
Втор	8	19	19	[]	небом и землею	lxx	по признакам		B: квадратные; в C (линия 1882, без вставок по греческому) нет	
Втор	8	20	20	[]	Бог	lxx	по признакам		B: квадратные; в C (линия 1882, без вставок по греческому) нет	
Втор	9	2	2	[]	великим,	lxx	по признакам		B: квадратные; в C (линия 1882, без вставок по греческому) нет	
Втор	9	4	4	[]	доброю	lxx	по признакам		B: квадратные; в C (линия 1882, без вставок по греческому) нет	
Втор	9	5	5	[]	и беззакония	lxx	по признакам		B: квадратные; в C (линия 1882, без вставок по греческому) нет	
Втор	9	6	6	[]	ныне	lxx	по признакам		B: квадратные; в C (линия 1882, без вставок по греческому) нет	
Втор	9	10	10	[]	написаны были	lxx	по признакам		B: квадратные; в C (линия 1882, без вставок по греческому) нет	
Втор	9	13	13	[]	Я говорил тебе один и другой раз:	lxx	по признакам		B: квадратные; в C (линия 1882, без вставок по греческому) нет	
Втор	9	14	14	[]	больше,	lxx	по признакам		B: квадратные; в C (линия 1882, без вставок по греческому) нет	
Втор	9	16	16	[]	держаться	added	по признакам		B: квадратные; C (линия 1882): курсив — слово для связности, которого нет в еврейском	
Втор	9	18	18	[]	вторично	lxx	по признакам		B: квадратные; в C (линия 1882, без вставок по греческому) нет	
Втор	9	18	18	[]	Бога вашего	lxx	по признакам		B: квадратные; в C (линия 1882, без вставок по греческому) нет	
Втор	9	22	22	[]	Бога вашего	lxx	по признакам		B: квадратные; в C (линия 1882, без вставок по греческому) нет	
Втор	9	26	26	[]	Царь богов,	lxx	по признакам		B: квадратные; в C (линия 1882, без вставок по греческому) нет	
Втор	9	26	26	[]	крепости	added	по признакам		B: квадратные; C (линия 1882): курсив — слово для связности, которого нет в еврейском	
Втор	9	26	26	[]	и мышцею Твоею высокою	lxx	по признакам		B: квадратные; в C (линия 1882, без вставок по греческому) нет	
Втор	9	27	27	[]	которым Ты клялся Собою	lxx	по признакам		B: квадратные; в C (линия 1882, без вставок по греческому) нет	
Втор	9	28	28	[]	живущие	lxx	совет: WLC, LXX, CSL		B: квадратные; C (линия 1882): курсив — слово для связности, которого нет в еврейском	вид R10 «в» → lxx; § 8.4: «в» → «а»: LXX οἱ κατοικοῦντες
Втор	9	29	29	[]	из земли Египетской	added	по признакам		B: квадратные; C (линия 1882): курсив — слово для связности, которого нет в еврейском	
Втор	10	8	8	[]	и молиться	lxx	по признакам		B: квадратные; в C (линия 1882, без вставок по греческому) нет	
Втор	10	10	10	[]	и	lxx	совет: WLC, LXX, CSL		B: квадратные; C (линия 1882): курсив — слово для связности, которого нет в еврейском	вид R10 «в» → lxx; § 8.4: «в» → «а»: LXX καί (служебное)
Втор	10	11	11	[]	сим	added	по признакам		B: квадратные; C (линия 1882): курсив — слово для связности, которого нет в еврейском	
Втор	10	13	13	[]	Бога твоего	lxx	по признакам		B: квадратные; в C (линия 1882, без вставок по греческому) нет	
Втор	10	20	20	[]	и	added	по признакам		B: квадратные; C (линия 1882): курсив — слово для связности, которого нет в еврейском	
Втор	10	20	20	[]	одному	added	по признакам		B: квадратные; C (линия 1882): курсив — слово для связности, которого нет в еврейском	
Втор	10	22	22	[]	пяти	lxx	по признакам		B: квадратные; в C (линия 1882, без вставок по греческому) нет	
Втор	11	2	2	[]	и	lxx	по признакам		B: квадратные; в C (линия 1882, без вставок по греческому) нет	
Втор	11	4	4	[]	Бог	lxx	по признакам		B: квадратные; в C (линия 1882, без вставок по греческому) нет	
Втор	11	8	8	[]	Его	added	по признакам		B: квадратные; C (линия 1882): курсив — слово для связности, которого нет в еврейском	
Втор	11	8	8	[]	были живы,	lxx	по признакам		B: квадратные; в C (линия 1882, без вставок по греческому) нет	
Втор	11	8	8	[]	за Иордан	lxx	по признакам		B: квадратные; в C (линия 1882, без вставок по греческому) нет	
Втор	11	10	10	[]	ее	added	по признакам		B: квадратные; C (линия 1882): курсив — слово для связности, которого нет в еврейском	
Втор	11	31	31	[]	в удел навсегда	lxx	по признакам		B: квадратные; в C (линия 1882, без вставок по греческому) нет	
Втор	11	32	32	[]	Его	added	по признакам		B: квадратные; C (линия 1882): курсив — слово для связности, которого нет в еврейском	
Втор	12	6	6	[]	и мирные жертвы ваши,	lxx	по признакам		B: квадратные; в C (линия 1882, без вставок по греческому) нет	
Втор	12	11	11	[]	сегодня	lxx	по признакам		B: квадратные; в C (линия 1882, без вставок по греческому) нет	
Втор	12	11	11	[]	Богу вашему	lxx	по признакам		B: квадратные; в C (линия 1882, без вставок по греческому) нет	
Втор	12	14	14	[]	Бог твой	lxx	совет: WLC, LXX, CSL		B: квадратные; в C (линия 1882, без вставок по греческому) нет	§ 8.3: выборка «а» подтверждена
Втор	12	14	14	[]	сегодня	lxx	по признакам		B: квадратные; в C (линия 1882, без вставок по греческому) нет	
Втор	12	18	18	[]	только	lxx	по признакам		B: квадратные; в C (линия 1882, без вставок по греческому) нет	
Втор	12	18	18	[]	и пришелец,	added	по признакам		B: квадратные; C (линия 1882): курсив — слово для связности, которого нет в еврейском	
Втор	12	19	19	[]	которые будешь жить	added	по признакам		B: квадратные; C (линия 1882): курсив — слово для связности, которого нет в еврейском	
Втор	12	21	21	[]	Бог твой	lxx	по признакам		B: квадратные; в C (линия 1882, без вставок по греческому) нет	
Втор	12	22	22	[]	у тебя	lxx	по признакам		B: квадратные; в C (линия 1882, без вставок по греческому) нет	
Втор	12	25	25	[]	во веки	lxx	по признакам		B: квадратные; в C (линия 1882, без вставок по греческому) нет	
Втор	12	25	25	[]	доброе и	lxx	по признакам		B: квадратные; в C (линия 1882, без вставок по греческому) нет	
Втор	12	25	25	[]	Бога твоего	lxx	по признакам		B: квадратные; в C (линия 1882, без вставок по греческому) нет	
Втор	12	26	26	[]	Бог твой, чтобы призываемо было там имя Его	lxx	по признакам		B: квадратные; в C (линия 1882, без вставок по греческому) нет	
Втор	13	6	6	[]	сын отца твоего или	lxx	R10: вручную		B: квадратные; в C (линия 1882, без вставок по греческому) нет; в KJV нет	
Втор	13	17	17	[]	как Он говорил тебе,	lxx	по признакам		B: квадратные; в C (линия 1882, без вставок по греческому) нет	
Втор	13	18	18	[]	доброе и	lxx	по признакам		B: квадратные; в C (линия 1882, без вставок по греческому) нет	
Втор	14	19	19	[]	их	added	по признакам		B: квадратные; C (линия 1882): курсив — слово для связности, которого нет в еврейском	
Втор	14	22	22	[]	твоего	added	по признакам		B: квадратные; C (линия 1882): курсив — слово для связности, которого нет в еврейском	
Втор	14	23	23	[]	приноси	lxx	по признакам		B: квадратные; в C (линия 1882, без вставок по греческому) нет	
Втор	14	28	28	[]	сие	added	по признакам		B: квадратные; C (линия 1882): курсив — слово для связности, которого нет в еврейском	
Втор	15	2	2	[]	Бога твоего	lxx	по признакам		B: квадратные; в C (линия 1882, без вставок по греческому) нет	
Втор	15	9	9	[]	великий	lxx	по признакам		B: квадратные; в C (линия 1882, без вставок по греческому) нет	
Втор	15	10	10	[]	и взаймы дай ему, сколько он просит и сколько ему нужно	lxx	по признакам		B: квадратные; в C (линия 1882, без вставок по греческому) нет	
Втор	15	11	11	[]	твоей	added	по признакам		B: квадратные; C (линия 1882): курсив — слово для связности, которого нет в еврейском	
Втор	15	15	15	[]	и	added	по признакам		B: квадратные; C (линия 1882): курсив — слово для связности, которого нет в еврейском	
Втор	15	20	20	[]	Бог твой	lxx	по признакам		B: квадратные; в C (линия 1882, без вставок по греческому) нет	
Втор	15	21	21	[]	или	added	по признакам		B: квадратные; C (линия 1882): курсив — слово для связности, которого нет в еврейском	
Втор	15	22	22	[]	могут есть,	added	по признакам		B: квадратные; C (линия 1882): курсив — слово для связности, которого нет в еврейском	
Втор	16	15	15	[]	чтобы призываемо было там имя Его	lxx	по признакам		B: квадратные; в C (линия 1882, без вставок по греческому) нет	
Втор	17	8	8	[]	чтобы призываемо было там имя Его,	lxx	по признакам		B: квадратные; в C (линия 1882, без вставок по греческому) нет	
Втор	17	10	10	[]	Бог твой, чтобы призываемо было там имя Его,	lxx	совет: WLC, LXX, CSL		B: квадратные; в C (линия 1882, без вставок по греческому) нет	§ 8.3: выборка «а» подтверждена
Втор	17	12	12	[]	который будет в те дни	lxx	по признакам		B: квадратные; в C (линия 1882, без вставок по греческому) нет	
Втор	17	15	15	[]	царем	added	по признакам		B: квадратные; C (линия 1882): курсив — слово для связности, которого нет в еврейском	
Втор	18	5	5	[]	пред Господом, Богом твоим	added	по признакам		B: квадратные; C (линия 1882): курсив — слово для связности, которого нет в еврейском	
Втор	18	5	5	[]	и благословлял	lxx	по признакам		B: квадратные; в C (линия 1882, без вставок по греческому) нет	
Втор	18	6	6	[]	сынов	added	по признакам		B: квадратные; C (линия 1882): курсив — слово для связности, которого нет в еврейском	
Втор	18	17	17	[]	тебе	lxx	по признакам		B: квадратные; в C (линия 1882, без вставок по греческому) нет	
Втор	18	19	19	[]	Пророк тот	added	по признакам		B: квадратные; C (линия 1882): курсив — слово для связности, которого нет в еврейском	
Втор	19	10	10	[]	вины	added	по признакам		B: квадратные; C (линия 1882): курсив — слово для связности, которого нет в еврейском	
Втор	19	11	11	[]	у тебя	lxx	по признакам		B: квадратные; в C (линия 1882, без вставок по греческому) нет	
Втор	19	15	15	[]	всякое	lxx	по признакам		B: квадратные; в C (линия 1882, без вставок по греческому) нет	
Втор	19	21	21	[]	его	added	по признакам		B: квадратные; C (линия 1882): курсив — слово для связности, которого нет в еврейском	
Втор	19	21	21	[]	Какой кто сделает вред ближнему своему, тем должно отплатить ему.	lxx	по признакам		B: квадратные; в C (линия 1882, без вставок по греческому) нет	
Втор	20	1	1	[]	и	added	совет: WLC, LXX, CSL		B: квадратные; C (линия 1882): курсив — слово для связности, которого нет в еврейском	§ 8.4: «в» подтверждено: служебное слово
Втор	20	4	4	[]	и	added	по признакам		B: квадратные; C (линия 1882): курсив — слово для связности, которого нет в еврейском	
Втор	20	17	17	[]	и Гергесеев,	lxx	по признакам		B: квадратные; в C (линия 1882, без вставок по греческому) нет	
Втор	20	19	19	[]	какой—нибудь	added	по признакам		B: квадратные; C (линия 1882): курсив — слово для связности, которого нет в еврейском	
Втор	21	3	3	[]	и	added	по признакам		B: квадратные; C (линия 1882): курсив — слово для связности, которого нет в еврейском	
Втор	21	5	5	[]	ибо их избрал Господь Бог твой служить Ему и благословлять именем Господа, и по слову их должно решить всякое спорное дело и всякий причиненный вред,	gloss	совет: WLC		в C и E нет (линия 1882 сняла и эти слова); есть в еврейском тексте (проверено по KJV — переводу с еврейского)	§ 8.1: слова есть в WLC
Втор	21	6	6	[]	головою	added	по признакам		B: квадратные; C (линия 1882): курсив — слово для связности, которого нет в еврейском	
Втор	21	8	8	[]	из земли Египетской	lxx	по признакам		B: квадратные; в C (линия 1882, без вставок по греческому) нет	
Втор	21	9	9	[]	доброе и	added	по признакам		B: квадратные; C (линия 1882): курсив — слово для связности, которого нет в еврейском	
Втор	21	9	9	[]	Бога твоего	lxx	по признакам		B: квадратные; в C (линия 1882, без вставок по греческому) нет	
Втор	21	17	17	[]	и	added	по признакам		B: квадратные; C (линия 1882): курсив — слово для связности, которого нет в еврейском	
Втор	21	23	23	[]	всякий	added	по признакам		B: квадратные; C (линия 1882): курсив — слово для связности, которого нет в еврейском	
Втор	21	23	23	[]	на дереве	added	по признакам		B: квадратные; C (линия 1882): курсив — слово для связности, которого нет в еврейском	
Втор	22	9	9	[]	своего	added	по признакам		B: квадратные; C (линия 1882): курсив — слово для связности, которого нет в еврейском	
Втор	22	16	16	[]	ныне	added	по признакам		B: квадратные; C (линия 1882): курсив — слово для связности, которого нет в еврейском	
Втор	22	17	17	[]	на нее	added	по признакам		B: квадратные; C (линия 1882): курсив — слово для связности, которого нет в еврейском	
Втор	22	29	29	[]	сиклей	added	по признакам		B: квадратные; C (линия 1882): курсив — слово для связности, которого нет в еврейском	
Втор	23	10	10	[]	ему	added	по признакам		B: квадратные; C (линия 1882): курсив — слово для связности, которого нет в еврейском	
Втор	23	11	11	[]	тело свое	added	по признакам		B: квадратные; C (линия 1882): курсив — слово для связности, которого нет в еврейском	
Втор	23	13	13	[]	яму	added	по признакам		B: квадратные; C (линия 1882): курсив — слово для связности, которого нет в еврейском	
Втор	23	13	13	[]	ею	added	по признакам		B: квадратные; C (линия 1882): курсив — слово для связности, которого нет в еврейском	
Втор	23	14	14	[]	в руки твои	added	по признакам		B: квадратные; C (линия 1882): курсив — слово для связности, которого нет в еврейском	
Втор	23	16	16	[]	пусть он живет	lxx	совет: WLC, LXX, CSL		B: квадратные; в C (линия 1882, без вставок по греческому) нет; в KJV нет	§ 8.3: выборка «а» подтверждена
Втор	24	4	4	[]	Богом твоим	lxx	по признакам		B: квадратные; в C (линия 1882, без вставок по греческому) нет	
Втор	24	8	8	[]	закон	added	по признакам		B: квадратные; C (линия 1882): курсив — слово для связности, которого нет в еврейском	
Втор	24	12	12	[]	у себя	lxx	по признакам		B: квадратные; в C (линия 1882, без вставок по греческому) нет	
Втор	24	17	17	[]	и вдову	lxx	по признакам		B: квадратные; в C (линия 1882, без вставок по греческому) нет	
Втор	24	18	18	[]	Бог твой	lxx	по признакам		B: квадратные; в C (линия 1882, без вставок по греческому) нет	
Втор	24	19	19	[]	нищему,	lxx	по признакам		B: квадратные; в C (линия 1882, без вставок по греческому) нет	
Втор	24	20	20	[]	И помни, что ты был рабом в земле Египетской: посему я и повелеваю тебе делать сие.	lxx	R10: вручную		B: квадратные; в C (линия 1882, без вставок по греческому) нет; в KJV нет	
Втор	25	9	9	[]	у Израиля	lxx	по признакам		B: квадратные; в C (линия 1882, без вставок по греческому) нет	
Втор	25	11	11	[]	из них	lxx	по признакам		B: квадратные; в C (линия 1882, без вставок по греческому) нет	
Втор	25	12	12	[]	ее	added	по признакам		B: квадратные; C (линия 1882): курсив — слово для связности, которого нет в еврейском	
Втор	25	15	15	[]	в удел	lxx	по признакам		B: квадратные; в C (линия 1882, без вставок по греческому) нет	
Втор	26	8	8	[]	Сам крепостию Своею великою и	lxx	R10: вручную		B: квадратные; в C (линия 1882, без вставок по греческому) нет; в KJV нет	
Втор	26	10	10	[]	от земли, где течет молоко и мед	lxx	R10: вручную		B: квадратные; в C (линия 1882, без вставок по греческому) нет; в KJV нет	
Втор	26	12	12	[]	земли	added	по признакам		B: квадратные; C (линия 1882): курсив — слово для связности, которого нет в еврейском	
Втор	26	13	13	[]	моего	added	по признакам		B: квадратные; C (линия 1882): курсив — слово для связности, которого нет в еврейском	
Втор	26	15	15	[]	дать нам	added	по признакам		B: квадратные; C (линия 1882): курсив — слово для связности, которого нет в еврейском	
Втор	26	16	16	[]	все	lxx	по признакам		B: квадратные; в C (линия 1882, без вставок по греческому) нет	
Втор	27	1	1	[]	сынов	added	по признакам		B: квадратные; C (линия 1882): курсив — слово для связности, которого нет в еврейском	
Втор	27	3	3	[]	камнях	added	по признакам		B: квадратные; C (линия 1882): курсив — слово для связности, которого нет в еврейском	
Втор	27	3	3	[]	Иордан	added	по признакам		B: квадратные; C (линия 1882): курсив — слово для связности, которого нет в еврейском	
Втор	27	7	7	[]	и насыщайся	lxx	по признакам		B: квадратные; в C (линия 1882, без вставок по греческому) нет	
Втор	27	8	8	[]	сих	lxx	по признакам		B: квадратные; в C (линия 1882, без вставок по греческому) нет	
Втор	27	10	10	[]	все	lxx	по признакам		B: квадратные; в C (линия 1882, без вставок по греческому) нет	
Втор	27	23	23	[]	Проклят, кто ляжет с сестрою жены своей! И весь народ скажет: аминь.	lxx	по признакам		B: квадратные; в C (линия 1882, без вставок по греческому) нет	
Втор	27	26	26	[]	всякий человек	lxx	по признакам		B: квадратные; в C (линия 1882, без вставок по греческому) нет	
Втор	27	26	26	[]	всех	lxx	по признакам		B: квадратные; в C (линия 1882, без вставок по греческому) нет	
Втор	28	1	1	[]	за Иордан в землю, которую Господь Бог ваш дает вам	lxx	R10: вручную		B: квадратные; в C (линия 1882, без вставок по греческому) нет; в KJV нет	
Втор	28	9	9	[]	Бог твой	lxx	R10: вручную		B: квадратные; в C (линия 1882, без вставок по греческому) нет; в KJV нет	
Втор	28	9	9	[]	и отцам твоим	lxx	по признакам		B: квадратные; в C (линия 1882, без вставок по греческому) нет	
Втор	28	10	10	[]	Бога твоего	lxx	совет: WLC, LXX, CSL		B: квадратные; в C (линия 1882, без вставок по греческому) нет	§ 8.3: выборка «а» подтверждена
Втор	28	11	11	[]	Бог твой	lxx	по признакам		B: квадратные; в C (линия 1882, без вставок по греческому) нет	
Втор	28	12	12	[]	и будешь господствовать над многими народами, а они над тобою не будут господствовать	lxx	по признакам		B: квадратные; в C (линия 1882, без вставок по греческому) нет	
Втор	28	13	13	[]	Бог твой	lxx	по признакам		B: квадратные; в C (линия 1882, без вставок по греческому) нет	
Втор	28	16	16	[]	будешь	added	по признакам		B: квадратные; C (линия 1882): курсив — слово для связности, которого нет в еврейском	
Втор	28	16	16	[]	будешь	added	по признакам		B: квадратные; C (линия 1882): курсив — слово для связности, которого нет в еврейском	
Втор	28	17	17	[]	будут	added	по признакам		B: квадратные; C (линия 1882): курсив — слово для связности, которого нет в еврейском	
Втор	28	18	18	[]	будет	added	по признакам		B: квадратные; C (линия 1882): курсив — слово для связности, которого нет в еврейском	
Втор	28	19	19	[]	будешь	added	по признакам		B: квадратные; C (линия 1882): курсив — слово для связности, которого нет в еврейском	
Втор	28	24	24	[]	доколе не погубит тебя и	lxx	по признакам		B: квадратные; в C (линия 1882, без вставок по греческому) нет	
Втор	28	35	35	[]	головы	added	по признакам		B: квадратные; C (линия 1882): курсив — слово для связности, которого нет в еврейском	
Втор	28	37	37	[]	Бог	lxx	по признакам		B: квадратные; в C (линия 1882, без вставок по греческому) нет	
Втор	28	39	39	[]	их	added	по признакам		B: квадратные; C (линия 1882): курсив — слово для связности, которого нет в еврейском	
Втор	28	48	48	[]	Бог твой	lxx	по признакам		B: квадратные; в C (линия 1882, без вставок по греческому) нет	
Втор	28	56	56	[]	Женщина	added	по признакам		B: квадратные; C (линия 1882): курсив — слово для связности, которого нет в еврейском	
Втор	28	60	60	[]	злые	lxx	по признакам		B: квадратные; в C (линия 1882, без вставок по греческому) нет	
Втор	28	61	61	[]	и всякую написанную	lxx	R10: вручную		B: квадратные; в C (линия 1882, без вставок по греческому) нет; в KJV нет	
Втор	28	64	64	[]	Бог твой	lxx	по признакам		B: квадратные; в C (линия 1882, без вставок по греческому) нет	
Втор	29	2	2	[]	сынов	added	по признакам		B: квадратные; C (линия 1882): курсив — слово для связности, которого нет в еврейском	
Втор	29	3	3	[]	руку крепкую и мышцу простертую	lxx	по признакам		B: квадратные; в C (линия 1882, без вставок по греческому) нет	
Втор	29	4	4	[]	Бог	lxx	по признакам		B: квадратные; в C (линия 1882, без вставок по греческому) нет	
Втор	29	9	9	[]	все	lxx	по признакам		B: квадратные; в C (линия 1882, без вставок по греческому) нет	
Втор	29	10	10	[]	судьи ваши,	lxx	по признакам		B: квадратные; в C (линия 1882, без вставок по греческому) нет	
Втор	29	20	20	[]	завета сего	added	по признакам		B: квадратные; C (линия 1882): курсив — слово для связности, которого нет в еврейском	
Втор	29	20	20	[]	закона	lxx	по признакам		B: квадратные; в C (линия 1882, без вставок по греческому) нет	
Втор	29	27	27	[]	завета	added	по признакам		B: квадратные; C (линия 1882): курсив — слово для связности, которого нет в еврейском	
Втор	29	27	27	[]	закона	lxx	совет: WLC, LXX, CSL		B: квадратные; в C (линия 1882, без вставок по греческому) нет	§ 8.3: выборка «а» подтверждена
Втор	30	4	4	[]	от края неба	lxx	R10: вручную		B: квадратные; в C (линия 1882, без вставок по греческому) нет; в KJV нет	
Втор	30	5	5	[]	оттуда	lxx	по признакам		B: квадратные; в C (линия 1882, без вставок по греческому) нет	
Втор	30	8	8	[]	Бога твоего	lxx	по признакам		B: квадратные; в C (линия 1882, без вставок по греческому) нет	
Втор	30	9	9	[]	Бог твой	lxx	по признакам		B: квадратные; в C (линия 1882, без вставок по греческому) нет	
Втор	30	10	10	[]	и исполняя все	lxx	по признакам		B: квадратные; в C (линия 1882, без вставок по греческому) нет	
Втор	30	10	10	[]	и законы Его	lxx	по признакам		B: квадратные; в C (линия 1882, без вставок по греческому) нет	
Втор	30	16	16	[]	Если будешь слушать заповеди Господа Бога твоего,	lxx	по признакам		B: квадратные; в C (линия 1882, без вставок по греческому) нет	
Втор	30	16	16	[]	всем	lxx	по признакам		B: квадратные; в C (линия 1882, без вставок по греческому) нет	
Втор	30	18	18	[]	которую Господь Бог дает тебе,	lxx	R10: вручную		B: квадратные; в C (линия 1882, без вставок по греческому) нет; в KJV нет	
Втор	30	20	20	[]	Бог	lxx	по признакам		B: квадратные; в C (линия 1882, без вставок по греческому) нет	
Втор	31	1	1	[]	сынам	added	по признакам		B: квадратные; C (линия 1882): курсив — слово для связности, которого нет в еврейском	
Втор	31	4	4	[]	которые были по эту сторону Иордана,	lxx	по признакам		B: квадратные; в C (линия 1882, без вставок по греческому) нет	
Втор	31	6	6	[]	не ужасайтесь	lxx	совет: WLC, LXX, CSL		B: квадратные; в C (линия 1882, без вставок по греческому) нет	§ 8.4: LXX μηδὲ δειλία
Втор	31	6	6	[]	и	added	совет: WLC, LXX, CSL		B: квадратные; C (линия 1882): курсив — слово для связности, которого нет в еврейском	§ 8.4: «в» подтверждено: нет в LXX
Втор	31	9	9	[]	сынов	added	по признакам		B: квадратные; C (линия 1882): курсив — слово для связности, которого нет в еврейском	
Втор	31	11	11	[]	Господь	added	по признакам		B: квадратные; C (линия 1882): курсив — слово для связности, которого нет в еврейском	
Втор	31	14	14	[]	входа	lxx	по признакам		B: квадратные; в C (линия 1882, без вставок по греческому) нет	
Втор	31	14	14	[]	входа	lxx	по признакам		B: квадратные; в C (линия 1882, без вставок по греческому) нет	
Втор	31	15	15	[]	собрания	lxx	по признакам		B: квадратные; в C (линия 1882, без вставок по греческому) нет	
Втор	31	17	17	[]	Господа	lxx	по признакам		B: квадратные; в C (линия 1882, без вставок по греческому) нет	
Втор	31	18	18	[]	от него	added	по признакам		B: квадратные; C (линия 1882): курсив — слово для связности, которого нет в еврейском	
Втор	31	19	19	[]	слова	added	по признакам		B: квадратные; C (линия 1882): курсив — слово для связности, которого нет в еврейском	
Втор	31	20	20	[]	добрую	lxx	по признакам		B: квадратные; в C (линия 1882, без вставок по греческому) нет	
Втор	31	20	20	[]	который Я завещал им	lxx	R10: вручную		B: квадратные; в C (линия 1882, без вставок по греческому) нет; в KJV нет	
Втор	31	21	21	[]	из уст их и	lxx	R10: вручную		B: квадратные; в C (линия 1882, без вставок по греческому) нет; в KJV нет	
Втор	31	21	21	[]	добрую	lxx	по признакам		B: квадратные; в C (линия 1882, без вставок по греческому) нет	
Втор	31	21	21	[]	отцам их	lxx	по признакам		B: квадратные; в C (линия 1882, без вставок по греческому) нет	
Втор	31	23	23	[]	ему	added	по признакам		B: квадратные; C (линия 1882): курсив — слово для связности, которого нет в еврейском	
Втор	31	28	28	[]	и судей ваших	lxx	по признакам		B: квадратные; в C (линия 1882, без вставок по греческому) нет	
Втор	31	29	29	[]	Бога	lxx	по признакам		B: квадратные; в C (линия 1882, без вставок по греческому) нет	
Втор	32	4	4	[]	в Нем	added	по признакам		B: квадратные; C (линия 1882): курсив — слово для связности, которого нет в еврейском	
Втор	32	15	15	[]	ел Иаков, и	lxx	R10: вручную		B: квадратные; в C (линия 1882, без вставок по греческому) нет; в KJV нет	
Втор	32	16	16	[]	своими	lxx	совет: WLC, LXX, CSL		B: квадратные; в C (линия 1882, без вставок по греческому) нет; в KJV нет	§ 8.3: выборка «а» подтверждена
Втор	32	19	19	[]	и вознегодовал	lxx	по признакам		B: квадратные; в C (линия 1882, без вставок по греческому) нет	
Втор	32	20	20	[]	и	added	по признакам		B: квадратные; C (линия 1882): курсив — слово для связности, которого нет в еврейском	
Втор	32	37	37	[]	Господь	added	по признакам		B: квадратные; C (линия 1882): курсив — слово для связности, которого нет в еврейском	
Втор	32	38	38	[]	и	added	по признакам		B: квадратные; C (линия 1882): курсив — слово для связности, которого нет в еврейском	
Втор	32	39	39	[]	видите,	lxx	по признакам		B: квадратные; в C (линия 1882, без вставок по греческому) нет	
Втор	32	40	40	[]	клянусь десницею Моею и	lxx	по признакам		B: квадратные; в C (линия 1882, без вставок по греческому) нет	
Втор	32	43	43	[]	Веселитесь, небеса, вместе с Ним, и поклонитесь Ему, все Ангелы Божии.	lxx	по признакам		B: квадратные; в C (линия 1882, без вставок по греческому) нет	
Втор	32	43	43	[]	и да укрепятся все сыны Божии	lxx	по признакам		B: квадратные; в C (линия 1882, без вставок по греческому) нет	
Втор	32	43	43	[]	и ненавидящим Его воздаст,	lxx	по признакам		B: квадратные; в C (линия 1882, без вставок по греческому) нет	
Втор	32	43	43	[]	Господь	lxx	по признакам		B: квадратные; в C (линия 1882, без вставок по греческому) нет	
Втор	32	44	44	[]	И написал Моисей песнь сию в тот день, и научил ей сынов Израилевых.	lxx	по признакам		B: квадратные; в C (линия 1882, без вставок по греческому) нет	
Втор	32	44	44	[]	к народу	added	по признакам		B: квадратные; C (линия 1882): курсив — слово для связности, которого нет в еврейском	
Втор	33	3	3	[]	Свой	added	по признакам		B: квадратные; C (линия 1882): курсив — слово для связности, которого нет в еврейском	
Втор	33	6	6	[]	Симеон	lxx	по признакам		B: квадратные; в C (линия 1882, без вставок по греческому) нет	
Втор	33	12	12	[]	Бог	added	по признакам		B: квадратные; C (линия 1882): курсив — слово для связности, которого нет в еврейском	
Втор	33	27	27	[]	твое	added	по признакам		B: квадратные; C (линия 1882): курсив — слово для связности, которого нет в еврейском	
Втор	33	27	27	[]	ты	added	по признакам		B: квадратные; C (линия 1882): курсив — слово для связности, которого нет в еврейском	
Втор	34	2	2	[]	землю	added	по признакам		B: квадратные; C (линия 1882): курсив — слово для связности, которого нет в еврейском	
Втор	34	2	2	[]	всю	added	по признакам		B: квадратные; C (линия 1882): курсив — слово для связности, которого нет в еврейском	
Втор	34	8	8	[]	у Иордана близ Иерихона	lxx	по признакам		B: квадратные; в C (линия 1882, без вставок по греческому) нет	
Нав	1	11	11	[]	отцов	added	по признакам		B: квадратные; C (линия 1882): курсив — слово для связности, которого нет в еврейском	
Нав	1	15	15	[]	Бог ваш	lxx	по признакам		B: квадратные; в C (линия 1882, без вставок по греческому) нет	
Нав	2	1	1	[]	Два юноши	added	по признакам		B: квадратные; C (линия 1882): курсив — слово для связности, которого нет в еврейском	
Нав	2	1	1	[]	в Иерихон и вошли	lxx	по признакам		B: квадратные; в C (линия 1882, без вставок по греческому) нет	
Нав	2	3	3	[]	ночью	lxx	по признакам		B: квадратные; в C (линия 1882, без вставок по греческому) нет	
Нав	2	10	10	[]	Бог	lxx	по признакам		B: квадратные; в C (линия 1882, без вставок по греческому) нет	
Нав	2	11	11	[]	из нас	added	по признакам		B: квадратные; C (линия 1882): курсив — слово для связности, которого нет в еврейском	
Нав	2	12	12	[]	Богом нашим	lxx	по признакам		надписание/слово есть только у нас; в B нет, в C нет	
Нав	2	14	14	[]	ныне	lxx	по признакам		B: квадратные; в C (линия 1882, без вставок по греческому) нет	
Нав	2	16	16	[]	за вами	added	по признакам		B: квадратные; C (линия 1882): курсив — слово для связности, которого нет в еврейском	
Нав	2	19	19	[]	будем от сей клятвы твоей	added	по признакам		B: квадратные; C (линия 1882): курсив — слово для связности, которого нет в еврейском	
Нав	2	19	19	[]	твоем	added	по признакам		B: квадратные; C (линия 1882): курсив — слово для связности, которого нет в еврейском	
Нав	2	20	20	[]	кто нас обидит, или	lxx	по признакам		B: квадратные; в C (линия 1882, без вставок по греческому) нет	
Нав	2	23	23	[]	Иордан	added	по признакам		B: квадратные; C (линия 1882): курсив — слово для связности, которого нет в еврейском	
Нав	2	24	24	[]	Бог наш	lxx	по признакам		B: квадратные; в C (линия 1882, без вставок по греческому) нет	
Нав	3	3	3	[]	наших и	lxx	по признакам		B: квадратные; в C (линия 1882, без вставок по греческому) нет	
Нав	3	5	5	[]	к утру	lxx	по признакам		B: квадратные; в C (линия 1882, без вставок по греческому) нет	
Нав	3	6	6	[]	Господня	lxx	R10: вручную		B: квадратные; в C (линия 1882, без вставок по греческому) нет; в KJV нет	
Нав	3	6	6	[]	Священники	added	по признакам		B: квадратные; C (линия 1882): курсив — слово для связности, которого нет в еврейском	
Нав	3	6	6	[]	Господня	lxx	R10: вручную		B: квадратные; в C (линия 1882, без вставок по греческому) нет; в KJV нет	
Нав	3	7	7	[]	сынов	added	по признакам		B: квадратные; C (линия 1882): курсив — слово для связности, которого нет в еврейском	
Нав	3	14	14	[]	Господня	lxx	по признакам		B: квадратные; в C (линия 1882, без вставок по греческому) нет	
Нав	3	15	15	[]	завета Господня	lxx	по признакам		B: квадратные; в C (линия 1882, без вставок по греческому) нет	
Нав	3	17	17	[]	сыны	added	по признакам		B: квадратные; C (линия 1882): курсив — слово для связности, которого нет в еврейском	
Нав	4	5	5	[]	возьмите оттуда и	added	по признакам		B: квадратные; C (линия 1882): курсив — слово для связности, которого нет в еврейском	
Нав	4	6	6	[]	лежащим всегда	lxx	по признакам		B: квадратные; в C (линия 1882, без вставок по греческому) нет	
Нав	4	7	7	[]	всей земли	lxx	по признакам		B: квадратные; в C (линия 1882, без вставок по греческому) нет	
Нав	4	7	7	[]	у вас	lxx	по признакам		B: квадратные; в C (линия 1882, без вставок по греческому) нет	
Нав	4	9	9	[]	другие	added	по признакам		B: квадратные; C (линия 1882): курсив — слово для связности, которого нет в еврейском	
Нав	4	9	9	[]	Господня	lxx	по признакам		B: квадратные; в C (линия 1882, без вставок по греческому) нет	
Нав	4	10	10	[]	завета Господня	lxx	по признакам		B: квадратные; в C (линия 1882, без вставок по греческому) нет	
Нав	4	10	10	[]	Иисусом	lxx	по признакам		B: квадратные; в C (линия 1882, без вставок по греческому) нет	
Нав	4	11	11	[]	Иордан	lxx	R10: вручную		B: квадратные; C: без пометы; в KJV нет	
Нав	4	11	11	[]	завета	added	по признакам		B: квадратные; C (линия 1882): курсив — слово для связности, которого нет в еврейском	
Нав	4	23	23	[]	Господь, Бог ваш,	lxx	по признакам		B: квадратные; в C (линия 1882, без вставок по греческому) нет	
Нав	5	1	1	[]	Бог	lxx	по признакам		B: квадратные; в C (линия 1882, без вставок по греческому) нет	
Нав	5	1	1	[]	они ужаснулись	lxx	по признакам		B: квадратные; в C (линия 1882, без вставок по греческому) нет	
Нав	5	2	2	[]	каменные	lxx	по признакам		B: квадратные; в C (линия 1882, без вставок по греческому) нет	
Нав	5	3	3	[]	каменные	lxx	по признакам		B: квадратные; в C (линия 1882, без вставок по греческому) нет	
Нав	5	3	3	[]	месте, названном	added	по признакам		B: квадратные; C (линия 1882): курсив — слово для связности, которого нет в еврейском	
Нав	5	4	4	[]	сынов Израилевых, которые тогда родились на пути, и которые из вышедших из Египта не были тогда обрезаны, всех их обрезал Иисус	lxx	R10: вручную		B: квадратные; в C (линия 1882, без вставок по греческому) нет; в KJV нет	
Нав	5	6	6	[]	два	lxx	R10: вручную		B: квадратные; в C (линия 1882, без вставок по греческому) нет; в KJV нет	
Нав	5	6	6	[]	потому многие и не были обрезаны	lxx	по признакам		B: квадратные; в C (линия 1882, без вставок по греческому) нет	
Нав	5	7	7	[]	как родившихся	lxx	по признакам		B: квадратные; в C (линия 1882, без вставок по греческому) нет	
Нав	5	14	14	[]	сюда	added	по признакам		B: квадратные; C (линия 1882): курсив — слово для связности, которого нет в еврейском	
Нав	5	16	16	[]	из него	added	по признакам		B: квадратные; C (линия 1882): курсив — слово для связности, которого нет в еврейском	
Нав	6	1	1	[]	и находящихся в нем	added	по признакам		B: квадратные; C (линия 1882): курсив — слово для связности, которого нет в еврейском	
Нав	6	2	2	[]	в день	added	по признакам		B: квадратные; C (линия 1882): курсив — слово для связности, которого нет в еврейском	
Нав	6	4	4	[]	весь	added	по признакам		B: квадратные; C (линия 1882): курсив — слово для связности, которого нет в еврейском	
Нав	6	4	4	[]	в город, устремившись	added	по признакам		B: квадратные; C (линия 1882): курсив — слово для связности, которого нет в еврейском	
Нав	6	5	5	[]	Израилевых	added	по признакам		B: квадратные; C (линия 1882): курсив — слово для связности, которого нет в еврейском	
Нав	6	6	6	[]	им, чтоб они сказали	lxx	R10: вручную		B: квадратные; в C (линия 1882, без вставок по греческому) нет; в KJV нет	
Нав	6	7	7	[]	громогласно	lxx	по признакам		B: квадратные; в C (линия 1882, без вставок по греческому) нет	
Нав	6	8	8	[]	завета Господня	lxx	по признакам		B: квадратные; в C (линия 1882, без вставок по греческому) нет	
Нав	6	10	10	[]	завета	added	по признакам		B: квадратные; C (линия 1882): курсив — слово для связности, которого нет в еврейском	
Нав	6	11	11	[]	На другой день	added	по признакам		B: квадратные; C (линия 1882): курсив — слово для связности, которого нет в еврейском	
Нав	6	11	11	[]	завета	added	по признакам		B: квадратные; C (линия 1882): курсив — слово для связности, которого нет в еврейском	
Нав	6	12	12	[]	завета	added	по признакам		B: квадратные; C (линия 1882): курсив — слово для связности, которого нет в еврейском	
Нав	6	16	16	[]	сил	lxx	по признакам		B: квадратные; в C (линия 1882, без вставок по греческому) нет	
Нав	6	17	17	[]	сынов	added	по признакам		B: квадратные; C (линия 1882): курсив — слово для связности, которого нет в еврейском	
Нав	6	19	19	[]	весь вместе	lxx	по признакам		B: квадратные; в C (линия 1882, без вставок по греческому) нет	
Нав	6	19	19	[]	и сильным	lxx	по признакам		B: квадратные; в C (линия 1882, без вставок по греческому) нет	
Нав	6	19	19	[]	вся	lxx	по признакам		B: квадратные; в C (линия 1882, без вставок по греческому) нет	
Нав	6	19	19	[]	города	added	по признакам		B: квадратные; C (линия 1882): курсив — слово для связности, которого нет в еврейском	
Нав	6	19	19	[]	весь	lxx	по признакам		B: квадратные; в C (линия 1882, без вставок по греческому) нет	
Нав	6	20	20	[]	всё	added	по признакам		B: квадратные; C (линия 1882): курсив — слово для связности, которого нет в еврейском	
Нав	6	22	22	[]	город, в дом женщины	added	по признакам		B: квадратные; C (линия 1882): курсив — слово для связности, которого нет в еврейском	
Нав	6	22	22	[]	блудницу	lxx	по признакам		B: квадратные; в C (линия 1882, без вставок по греческому) нет	
Нав	6	23	23	[]	чтобы внести Господу	lxx	R10: вручную		B: квадратные; в C (линия 1882, без вставок по греческому) нет; в KJV нет	
Нав	6	25	25	[]	Так и сделал Азан, родом из Вефиля: он на Авироне, первенце своем, основал его и на меньшем, спасенном, поставил ворота его.	lxx	по признакам		B: квадратные; в C (линия 1882, без вставок по греческому) нет	
Нав	7	1	1	[]	великое	lxx	по признакам		B: квадратные; в C (линия 1882, без вставок по греческому) нет	
Нав	7	1	1	[]	и взяли	added	по признакам		B: квадратные; C (линия 1882): курсив — слово для связности, которого нет в еврейском	
Нав	7	3	3	[]	там	added	по признакам		B: квадратные; C (линия 1882): курсив — слово для связности, которого нет в еврейском	
Нав	7	14	14	[]	все	added	по признакам		B: квадратные; C (линия 1882): курсив — слово для связности, которого нет в еврейском	
Нав	7	17	17	[]	семейство	added	по признакам		B: квадратные; C (линия 1882): курсив — слово для связности, которого нет в еврейском	
Нав	7	21	21	[]	спрятано	lxx	по признакам		B: квадратные; в C (линия 1882, без вставок по греческому) нет	
Нав	7	22	22	[]	в стан	lxx	по признакам		B: квадратные; в C (линия 1882, без вставок по греческому) нет	
Нав	7	24	24	[]	со всем	lxx	по признакам		B: квадратные; в C (линия 1882, без вставок по греческому) нет	
Нав	8	5	5	[]	жители Гая	added	по признакам		B: квадратные; C (линия 1882): курсив — слово для связности, которого нет в еврейском	
Нав	8	11	11	[]	с восточной стороны, засада же была к западу от города	lxx	R10: вручную		B: квадратные; в C (линия 1882, без вставок по греческому) нет; в KJV нет	
Нав	8	14	14	[]	его	lxx	по признакам		B: квадратные; в C (линия 1882, без вставок по греческому) нет	
Нав	8	18	18	[]	и засада тотчас встанет с места своего	lxx	по признакам		B: квадратные; в C (линия 1882, без вставок по греческому) нет	
Нав	8	18	18	[]	руку свою и	lxx	по признакам		B: квадратные; в C (линия 1882, без вставок по греческому) нет	
Нав	8	21	21	[]	к небу	added	по признакам		B: квадратные; C (линия 1882): курсив — слово для связности, которого нет в еврейском	
Нав	8	27	27	[]	сыны	added	по признакам		B: квадратные; C (линия 1882): курсив — слово для связности, которого нет в еврейском	
Нав	8	27	27	[]	Господь	added	по признакам		B: квадратные; C (линия 1882): курсив — слово для связности, которого нет в еврейском	
Нав	8	29	29	[]	и был он на дереве	lxx	R10: вручную		B: квадратные; в C (линия 1882, без вставок по греческому) нет; в KJV нет	
Нав	8	32	32	[]	Иисус	added	по признакам		B: квадратные; C (линия 1882): курсив — слово для связности, которого нет в еврейском	
Нав	8	33	33	[]	его	added	по признакам		B: квадратные; C (линия 1882): курсив — слово для связности, которого нет в еврейском	
Нав	8	33	33	[]	и	added	по признакам		B: квадратные; C (линия 1882): курсив — слово для связности, которого нет в еврейском	
Нав	8	34	34	[]	Иисус	added	по признакам		B: квадратные; C (линия 1882): курсив — слово для связности, которого нет в еврейском	
Нав	8	35	35	[]	Иисусу	added	по признакам		B: квадратные; C (линия 1882): курсив — слово для связности, которого нет в еврейском	
Нав	8	35	35	[]	пред мужами,	lxx	по признакам		B: квадратные; в C (линия 1882, без вставок по греческому) нет	
Нав	9	1	1	[]	Аморрейские	lxx	по признакам		B: квадратные; в C (линия 1882, без вставок по греческому) нет	
Нав	9	1	1	[]	и которые	lxx	по признакам		B: квадратные; в C (линия 1882, без вставок по греческому) нет	
Нав	9	1	1	[]	Гергесеи,	lxx	по признакам		B: квадратные; в C (линия 1882, без вставок по греческому) нет	
Нав	9	5	5	[]	и раскрошенный	lxx	по признакам		B: квадратные; в C (линия 1882, без вставок по греческому) нет	
Нав	9	6	6	[]	Израильский	added	по признакам		B: квадратные; C (линия 1882): курсив — слово для связности, которого нет в еврейском	
Нав	9	10	10	[]	были	lxx	по признакам		B: квадратные; в C (линия 1882, без вставок по греческому) нет	
Нав	9	10	10	[]	жил	added	по признакам		B: квадратные; C (линия 1882): курсив — слово для связности, которого нет в еврейском	
Нав	9	10	10	[]	и Едреи	lxx	по признакам		B: квадратные; в C (линия 1882, без вставок по греческому) нет	
Нав	9	11	11	[]	Слыша сие,	added	по признакам		B: квадратные; C (линия 1882): курсив — слово для связности, которого нет в еврейском	
Нав	9	17	17	[]	были	added	по признакам		B: квадратные; C (линия 1882): курсив — слово для связности, которого нет в еврейском	
Нав	9	18	18	[]	Иисус и	lxx	по признакам		B: квадратные; в C (линия 1882, без вставок по греческому) нет	
Нав	9	18	18	[]	все	lxx	по признакам		B: квадратные; в C (линия 1882, без вставок по греческому) нет	
Нав	9	18	18	[]	Израилево	added	по признакам		B: квадратные; C (линия 1882): курсив — слово для связности, которого нет в еврейском	
Нав	9	21	21	[]	И сделало все общество	lxx	совет: WLC, LXX, CSL		B: квадратные; C (линия 1882): курсив — слово для связности, которого нет в еврейском	вид R10 «в» → lxx; § 8.4: «в» → по славянскому (нет в WLC и LXX, есть в CSL): CSL «И сотвори весь сонм»
Нав	9	23	23	[]	меня и для	lxx	R10: вручную		B: квадратные; в C (линия 1882, без вставок по греческому) нет; в KJV нет	
Нав	9	24	24	[]	нас и	lxx	по признакам		B: квадратные; в C (линия 1882, без вставок по греческому) нет	
Нав	9	27	27	[]	всего	lxx	по признакам		B: квадратные; в C (линия 1882, без вставок по греческому) нет	
Нав	9	27	27	[]	посему жители Гаваона сделались дровосеками и водоносами для жертвенника Божия	lxx	R10: вручную		B: квадратные; C: без пометы; в KJV нет	
Нав	9	27	27	[]	Господь	added	по признакам		B: квадратные; C (линия 1882): курсив — слово для связности, которого нет в еврейском	
Нав	10	1	1	[]	с Иисусом и	lxx	по признакам		B: квадратные; в C (линия 1882, без вставок по греческому) нет	
Нав	10	2	2	[]	был	added	по признакам		B: квадратные; C (линия 1882): курсив — слово для связности, которого нет в еврейском	
Нав	10	6	6	[]	Израильский	added	по признакам		B: квадратные; C (линия 1882): курсив — слово для связности, которого нет в еврейском	
Нав	10	9	9	[]	потому что	added	по признакам		B: квадратные; C (линия 1882): курсив — слово для связности, которого нет в еврейском	
Нав	10	11	11	[]	града	lxx	по признакам		B: квадратные; в C (линия 1882, без вставок по греческому) нет	
Нав	10	11	11	[]	на сражении	lxx	по признакам		B: квадратные; в C (линия 1882, без вставок по греческому) нет	
Нав	10	12	12	[]	Бог	lxx	R10: вручную		B: квадратные; в C (линия 1882, без вставок по греческому) нет; в KJV нет	
Нав	10	14	14	[]	так	added	по признакам		B: квадратные; C (линия 1882): курсив — слово для связности, которого нет в еврейском	
Нав	10	19	19	[]	здесь	lxx	по признакам		B: квадратные; в C (линия 1882, без вставок по греческому) нет	
Нав	10	28	28	[]	его	added	по признакам		B: квадратные; C (линия 1882): курсив — слово для связности, которого нет в еврейском	
Нав	10	28	28	[]	и избежал	lxx	по признакам		B: квадратные; в C (линия 1882, без вставок по греческому) нет	
Нав	10	30	30	[]	и взяли ее	lxx	по признакам		B: квадратные; в C (линия 1882, без вставок по греческому) нет	
Нав	10	30	30	[]	и избежал	lxx	по признакам		B: квадратные; в C (линия 1882, без вставок по греческому) нет	
Нав	10	32	32	[]	и истребил его	lxx	по признакам		B: квадратные; в C (линия 1882, без вставок по греческому) нет	
Нав	10	33	33	[]	мечом	added	по признакам		B: квадратные; C (линия 1882): курсив — слово для связности, которого нет в еврейском	
Нав	10	33	33	[]	и избежал	lxx	по признакам		B: квадратные; в C (линия 1882, без вставок по греческому) нет	
Нав	10	35	35	[]	и предал его Господь в руки Израиля,	lxx	по признакам		B: квадратные; в C (линия 1882, без вставок по греческому) нет	
Нав	10	39	39	[]	их и	lxx	по признакам		B: квадратные; в C (линия 1882, без вставок по греческому) нет	
Нав	11	6	6	[]	их	added	по признакам		B: квадратные; C (линия 1882): курсив — слово для связности, которого нет в еврейском	
Нав	11	6	6	[]	сынам	added	по признакам		B: квадратные; C (линия 1882): курсив — слово для связности, которого нет в еврейском	
Нав	11	8	8	[]	и избежал	lxx	по признакам		B: квадратные; в C (линия 1882, без вставок по греческому) нет	
Нав	11	10	10	[]	Асор же прежде был главою всех царств сих	gloss	совет: WLC		C: круглые скобки; есть в еврейском тексте (проверено по KJV — переводу с еврейского)	§ 8.1: слова есть в WLC
Нав	11	11	11	[]	все	lxx	по признакам		B: квадратные; в C (линия 1882, без вставок по греческому) нет	
Нав	11	14	14	[]	весь	lxx	по признакам		B: квадратные; в C (линия 1882, без вставок по греческому) нет	
Нав	11	14	14	[]	из них	lxx	по признакам		B: квадратные; в C (линия 1882, без вставок по греческому) нет	
Нав	11	16	16	[]	при горе	lxx	по признакам		B: квадратные; в C (линия 1882, без вставок по греческому) нет	
Нав	11	19	19	[]	ни одного	lxx	по признакам		B: квадратные; в C (линия 1882, без вставок по греческому) нет	
Нав	11	21	21	[]	всех	lxx	по признакам		B: квадратные; в C (линия 1882, без вставок по греческому) нет	
Нав	11	22	22	[]	ни одного	added	по признакам		B: квадратные; C (линия 1882): курсив — слово для связности, которого нет в еврейском	
Нав	12	7	7	[]	Аморрейской	added	по признакам		B: квадратные; C (линия 1882): курсив — слово для связности, которого нет в еврейском	
Нав	13	2	2	[]	и Хананейская	lxx	по признакам		B: квадратные; в C (линия 1882, без вставок по греческому) нет	
Нав	13	5	5	[]	Филистимская	lxx	по признакам		B: квадратные; в C (линия 1882, без вставок по греческому) нет	
Нав	13	7	7	[]	от Иордана до моря великого к западу отдай ее им; великое море будет пределом	lxx	по признакам		B: квадратные; в C (линия 1882, без вставок по греческому) нет	
Нав	13	8	8	[]	солнца	lxx	по признакам		B: квадратные; в C (линия 1882, без вставок по греческому) нет	
Нав	13	13	13	[]	и Хананеев	lxx	по признакам		B: квадратные; в C (линия 1882, без вставок по греческому) нет	
Нав	13	14	14	[]	Вот разделение, какое сделал Моисей сынам Израилевым по племенам их на равнинах Моавитских за Иорданом, напротив Иерихона:	lxx	совет: WLC, LXX, CSL		B: квадратные; в C (линия 1882, без вставок по греческому) нет	§ 8.3: выборка «а» подтверждена
Нав	13	21	21	[]	той	added	по признакам		B: квадратные; C (линия 1882): курсив — слово для связности, которого нет в еврейском	
Нав	13	31	31	[]	даны	added	по признакам		B: квадратные; C (линия 1882): курсив — слово для связности, которого нет в еврейском	
Нав	14	2	2	[]	Манассиина	added	по признакам		B: квадратные; C (линия 1882): курсив — слово для связности, которого нет в еврейском	
Нав	14	3	3	[]	Манассиина	added	по признакам		B: квадратные; C (линия 1882): курсив — слово для связности, которого нет в еврейском	
Нав	14	4	4	[]	а только	added	по признакам		B: квадратные; C (линия 1882): курсив — слово для связности, которого нет в еврейском	
Нав	14	12	12	[]	живут	added	совет: WLC, LXX, CSL		B: квадратные; C (линия 1882): курсив — слово для связности, которого нет в еврейском	§ 8.4: «в» подтверждено: глагол-связка
Нав	14	12	12	[]	будет	added	совет: WLC, LXX, CSL		B: квадратные; C (линия 1882): курсив — слово для связности, которого нет в еврейском	§ 8.4: «в» подтверждено: глагол-связка
Нав	14	13	13	[]	Кенезеянину,	lxx	по признакам		B: квадратные; в C (линия 1882, без вставок по греческому) нет	
Нав	14	14	14	[]	повелению	added	по признакам		B: квадратные; C (линия 1882): курсив — слово для связности, которого нет в еврейском	
Нав	15	3	3	[]	идет на западной стороне Кадеса,	lxx	R10: вручную		B: квадратные; в C (линия 1882, без вставок по греческому) нет; в KJV нет	
Нав	15	5	5	[]	все	lxx	по признакам		B: квадратные; в C (линия 1882, без вставок по греческому) нет	
Нав	15	10	10	[]	и идет	lxx	по признакам		B: квадратные; в C (линия 1882, без вставок по греческому) нет	
Нав	15	11	11	[]	земли	lxx	по признакам		B: квадратные; в C (линия 1882, без вставок по греческому) нет	
Нав	15	13	13	[]	Иисус	added	по признакам		B: квадратные; C (линия 1882): курсив — слово для связности, которого нет в еврейском	
Нав	15	13	13	[]	и дал ему Иисус	lxx	R10: вручную		B: квадратные; в C (линия 1882, без вставок по греческому) нет; в KJV нет	
Нав	15	14	14	[]	сын Иефонниин	lxx	по признакам		B: квадратные; в C (линия 1882, без вставок по греческому) нет	
Нав	15	15	15	[]	Халев	lxx	совет: WLC, LXX, CSL		B: квадратные; в C (линия 1882, без вставок по греческому) нет	§ 8.1: LXX Χαλεβ
Нав	15	15	15	[]	имя Давиру прежде было Кириаф-Сефер	gloss	совет: WLC		C: круглые скобки; есть в еврейском тексте (проверено по KJV — переводу с еврейского)	§ 8.1: слова есть в WLC
Нав	15	17	17	[]	младший	lxx	по признакам		B: квадратные; в C (линия 1882, без вставок по греческому) нет	
Нав	15	28	28	[]	и села их и предместья их,	lxx	R10: вручную		B: квадратные; в C (линия 1882, без вставок по греческому) нет; в KJV нет	
Нав	15	35	35	[]	Немра,	lxx	по признакам		B: квадратные; в C (линия 1882, без вставок по греческому) нет	
Нав	15	44	44	[]	и Едом	lxx	по признакам		B: квадратные; в C (линия 1882, без вставок по греческому) нет	
Нав	15	59	59	[]	Феко, Ефрафа, иначе Вифлеем, Фагор, Етам, Кулон, Татами, Сорес, Карем, Галлим, Вефир и Манохо: одиннадцать городов с их селами.	lxx	по признакам		B: квадратные; в C (линия 1882, без вставок по греческому) нет	
Нав	15	60	60	[]	и предместьями	lxx	по признакам		B: квадратные; в C (линия 1882, без вставок по греческому) нет	
Нав	16	5	5	[]	и Газары	lxx	по признакам		B: квадратные; в C (линия 1882, без вставок по греческому) нет	
Нав	16	10	10	[]	Ефремляне	added	по признакам		B: квадратные; C (линия 1882): курсив — слово для связности, которого нет в еврейском	
Нав	16	10	10	[]	Наконец пришел фараон, царь Египетский, и взял город, и сжег его огнем, и Хананеев и Ферезеев и жителей Газера перебили, и отдал его фараон в приданое дочери своей.	lxx	по признакам		B: квадратные; в C (линия 1882, без вставок по греческому) нет	
Нав	17	3	3	[]	только	added	по признакам		B: квадратные; C (линия 1882): курсив — слово для связности, которого нет в еврейском	
Нав	17	6	6	[]	сынов	lxx	по признакам		B: квадратные; в C (линия 1882, без вставок по греческому) нет	
Нав	17	7	7	[]	сынов	lxx	по признакам		B: квадратные; в C (линия 1882, без вставок по греческому) нет	
Нав	17	11	11	[]	с селами его	lxx	по признакам		B: квадратные; в C (линия 1882, без вставок по греческому) нет	
Нав	17	15	15	[]	место	added	по признакам		B: квадратные; C (линия 1882): курсив — слово для связности, которого нет в еврейском	
Нав	17	18	18	[]	ты одолеешь их	lxx	по признакам		B: квадратные; в C (линия 1882, без вставок по греческому) нет	
Нав	18	9	9	[]	осмотрели ее	lxx	по признакам		B: квадратные; в C (линия 1882, без вставок по греческому) нет	
Нав	18	11	11	[]	Первый	added	по признакам		B: квадратные; C (линия 1882): курсив — слово для связности, которого нет в еврейском	
Нав	19	9	9	[]	колену	added	по признакам		B: квадратные; C (линия 1882): курсив — слово для связности, которого нет в еврейском	
Нав	19	27	27	[]	и входит в пределы Асафы	lxx	по признакам		B: квадратные; в C (линия 1882, без вставок по греческому) нет	
Нав	19	33	33	[]	и	added	по признакам		B: квадратные; C (линия 1882): курсив — слово для связности, которого нет в еврейском	
Нав	19	47	47	[]	Аморреи оставались жить в Еломе и Саламине, но рука Ефремова одолела их, и сделались они данниками ему.	lxx	R10: вручную		B: квадратные; в C (линия 1882, без вставок по греческому) нет; в KJV нет	
Нав	19	48	48	[]	Сыны Дановы не истребили Аморреев, которые стеснили их на горе, и не давали им Аморреи выходить на долину и отняли у них предел их участка.	lxx	по признакам		B: квадратные; в C (линия 1882, без вставок по греческому) нет	
Нав	20	3	3	[]	города сии	added	по признакам		B: квадратные; C (линия 1882): курсив — слово для связности, которого нет в еврейском	
Нав	20	3	3	[]	чтобы не умер убивший	lxx	по признакам		B: квадратные; в C (линия 1882, без вставок по греческому) нет	
Нав	20	3	3	[]	доколе не предстанет пред общество на суд	lxx	по признакам		B: квадратные; в C (линия 1882, без вставок по греческому) нет	
Нав	20	9	9	[]	на суд	added	по признакам		B: квадратные; C (линия 1882): курсив — слово для связности, которого нет в еврейском	
Нав	21	9	9	[]	и от колена сынов Вениаминовых	lxx	совет: WLC, LXX, CSL		B: квадратные; в C (линия 1882, без вставок по греческому) нет; в KJV нет	§ 8.3: выборка «а» подтверждена
Нав	21	10	10	[]	так как жребий их был первый	gloss	совет: WLC		C: без скобок; есть в еврейском тексте (проверено по KJV — переводу с еврейского)	§ 8.1: слова есть в WLC
Нав	21	36	36	[]	по ту сторону Иордана против Иерихона	lxx	по признакам		B: квадратные; в C (линия 1882, без вставок по греческому) нет	
Нав	21	36	36	[]	дан город убежища для убийцы	lxx	по признакам		B: квадратные; в C (линия 1882, без вставок по греческому) нет	
Нав	21	36	36	[]	в пустыне Мисор	lxx	по признакам		B: квадратные; в C (линия 1882, без вставок по греческому) нет	
Нав	21	42	42	[]	Когда Иисус кончил разделение земли по пределам ее, тогда сыны Израилевы дали часть Иисусу по повелению Господню, дали ему город, которого он просил, Фимнаф-Сару дали ему на горе Ефремовой, и построил Иисус город, которого просил, и жил в нем. И взял Иисус каменные ножи, которыми обрезал сынов Израилевых, родившихся на пути в пустыне, ибо они не были обрезаны в пустыне; и положил их в Фимнаф-Саре.	lxx	по признакам		B: квадратные; в C (линия 1882, без вставок по греческому) нет	
Нав	22	16	16	[]	Господом	lxx	по признакам		B: квадратные; в C (линия 1882, без вставок по греческому) нет	
Нав	22	16	16	[]	Бога Израилева	lxx	по признакам		B: квадратные; в C (линия 1882, без вставок по греческому) нет	
Нав	22	18	18	[]	Господь	added	по признакам		B: квадратные; C (линия 1882): курсив — слово для связности, которого нет в еврейском	
Нав	22	23	23	[]	Бога нашего	lxx	по признакам		B: квадратные; в C (линия 1882, без вставок по греческому) нет	
Нав	22	28	28	[]	и между сынами нашими	lxx	по признакам		B: квадратные; в C (линия 1882, без вставок по греческому) нет	
Нав	22	30	30	[]	все	lxx	по признакам		B: квадратные; в C (линия 1882, без вставок по греческому) нет	
Нав	22	32	32	[]	и от половины колена Манассиина	lxx	R10: вручную		B: квадратные; в C (линия 1882, без вставок по греческому) нет; в KJV нет	
Нав	22	33	33	[]	и половина колена Манассиина	lxx	по признакам		B: квадратные; в C (линия 1882, без вставок по греческому) нет	
Нав	22	34	34	[]	и половина колена Манассиина	lxx	по признакам		B: квадратные; в C (линия 1882, без вставок по греческому) нет	
Нав	23	1	1	[]	Бог	lxx	по признакам		B: квадратные; в C (линия 1882, без вставок по греческому) нет	
Нав	23	2	2	[]	сынов	added	по признакам		B: квадратные; C (линия 1882): курсив — слово для связности, которого нет в еврейском	
Нав	23	5	5	[]	доколе не погибнут; и пошлет на них диких зверей, доколе не истребит их и царей их от лица вашего	lxx	по признакам		B: квадратные; в C (линия 1882, без вставок по греческому) нет	
Нав	23	7	7	[]	ими	added	по признакам		B: квадратные; C (линия 1882): курсив — слово для связности, которого нет в еврейском	
Нав	23	16	16	[]	Господь	added	по признакам		B: квадратные; C (линия 1882): курсив — слово для связности, которого нет в еврейском	
Нав	24	1	1	[]	Господа	added	по признакам		B: квадратные; C (линия 1882): курсив — слово для связности, которого нет в еврейском	
Нав	24	4	4	[]	и сделались там народом великим, сильным и многочисленным, и стали притеснять их Египтяне	lxx	по признакам		B: квадратные; в C (линия 1882, без вставок по греческому) нет	
Нав	24	6	6	[]	Чермному	added	по признакам		B: квадратные; C (линия 1882): курсив — слово для связности, которого нет в еврейском	
Нав	24	7	7	[]	облако и	lxx	по признакам		B: квадратные; в C (линия 1882, без вставок по греческому) нет	
Нав	24	15	15	[]	ибо Он свят	lxx	R10: вручную		B: квадратные; в C (линия 1882, без вставок по греческому) нет; в KJV нет	
Нав	24	19	19	[]	Богу	lxx	по признакам		B: квадратные; в C (линия 1882, без вставок по греческому) нет	
Нав	24	25	25	[]	пред скиниею Господа Бога Израилева	lxx	по признакам		B: квадратные; в C (линия 1882, без вставок по греческому) нет	
Нав	24	27	27	[]	сегодня	lxx	по признакам		B: квадратные; в C (линия 1882, без вставок по греческому) нет	
Нав	24	27	27	[]	в последующие дни	lxx	по признакам		B: квадратные; в C (линия 1882, без вставок по греческому) нет	
Нав	24	27	27	[]	Господом	lxx	по признакам		B: квадратные; в C (линия 1882, без вставок по греческому) нет	
Нав	24	30	30	[]	И положили там с ним во гробе, в котором похоронили его, каменные ножи, которыми Иисус обрезал сынов Израилевых в Галгале, когда вывел их из Египта, как повелел Господь; и они там даже до сего дня.	lxx	по признакам		B: квадратные; в C (линия 1882, без вставок по греческому) нет	
Нав	24	33	33	[]	После сего	lxx	совет: WLC, LXX, CSL		B: квадратные; C (линия 1882): курсив — слово для связности, которого нет в еврейском	вид R10 «в» → lxx; § 8.5, § 9 п. 4: «в» → «а», LXX μετὰ ταῦτα
Нав	24	33	33	[]	первосвященник	lxx	совет: WLC, LXX, CSL		B: квадратные; в C (линия 1882, без вставок по греческому) нет	§ 8.3: выборка «а» подтверждена
Нав	24	34	36	[]	В тот день сыны Израилевы, взяв ковчег Божий, носили с собою, и Финеес был священником вместо Елеазара, отца своего, доколе не умер и не был погребен в городе своем Гаваофе. ¦ И сыны Израилевы пошли каждый в свое место и в свой город. ¦ И стали сыны Израилевы служить Астарте и Астарофу и богам окрестных народов; и предал их Господь в руки Еглона, царя Моавитского, и он владел ими восемнадцать лет.	lxx	по признакам		B: квадратные; в C (линия 1882, без вставок по греческому) нет	
Суд	1	7	7	[]	крохи	added	по признакам		B: квадратные; C (линия 1882): курсив — слово для связности, которого нет в еврейском	
Суд	1	10	10	[]	имя же Хеврону было прежде Кириаф-Арбы	gloss	совет: WLC		C: круглые скобки; есть в еврейском тексте (проверено по KJV — переводу с еврейского)	§ 8.1: слова есть в WLC
Суд	1	10	10	[]	от рода Енакова	lxx	совет: WLC, LXX, CSL		B: квадратные; в C (линия 1882, без вставок по греческому) нет; в KJV нет	§ 8.1
Суд	1	15	15	[]	Ахса	added	по признакам		B: квадратные; C (линия 1882): курсив — слово для связности, которого нет в еврейском	
Суд	1	15	15	[]	Халев по желанию ее	lxx	R10: вручную		B: квадратные; в C (линия 1882, без вставок по греческому) нет; в KJV нет	
Суд	1	16	16	[]	Иофора	added	по признакам		B: квадратные; C (линия 1882): курсив — слово для связности, которого нет в еврейском	
Суд	1	18	18	[]	и Азот с окрестностями его	lxx	по признакам		B: квадратные; в C (линия 1882, без вставок по греческому) нет	
Суд	1	20	20	[]	и получил он там в наследие три города сынов Енаковых	lxx	по признакам		B: квадратные; в C (линия 1882, без вставок по греческому) нет	
Суд	1	23	23	[]	И остановились	lxx	совет: WLC, LXX, CSL		B: квадратные; C: без пометы; в KJV нет	§ 8.1: LXX παρενέβαλον
Суд	1	23	23	[]	имя же городу было прежде Луз	gloss	совет: WLC		C: круглые скобки; есть в еврейском тексте (проверено по KJV — переводу с еврейского)	§ 8.1: слова есть в WLC
Суд	1	24	24	[]	и взяли его	lxx	R10: вручную		B: квадратные; в C (линия 1882, без вставок по греческому) нет; в KJV нет	
Суд	1	26	26	[]	там	lxx	по признакам		B: квадратные; в C (линия 1882, без вставок по греческому) нет	
Суд	1	27	27	[]	который есть Скифополь	lxx	по признакам		B: квадратные; в C (линия 1882, без вставок по греческому) нет	
Суд	1	29	29	[]	и платили им дань	lxx	по признакам		B: квадратные; в C (линия 1882, без вставок по греческому) нет	
Суд	1	31	31	[]	которые платили ему дань, и жителей Дора	lxx	R10: вручную		B: квадратные; в C (линия 1882, без вставок по греческому) нет; в KJV нет	
Суд	1	35	35	[]	где медведи и лисицы	lxx	по признакам		B: квадратные; в C (линия 1882, без вставок по греческому) нет	
Суд	1	35	35	[]	Аморреев	added	по признакам		B: квадратные; C (линия 1882): курсив — слово для связности, которого нет в еврейском	
Суд	2	1	1	[]	и в Вефиль и к дому Израилеву	lxx	по признакам		B: квадратные; в C (линия 1882, без вставок по греческому) нет	
Суд	2	1	1	[]	им: так говорит Господь	lxx	по признакам		B: квадратные; в C (линия 1882, без вставок по греческому) нет	
Суд	2	1	1	[]	дать вам	added	по признакам		B: квадратные; C (линия 1882): курсив — слово для связности, которого нет в еврейском	
Суд	2	2	2	[]	богам их не поклоняйтесь, изваяния их разбейте,	lxx	по признакам		B: квадратные; в C (линия 1882, без вставок по греческому) нет	
Суд	2	3	3	[]	не стану уже переселять людей сих, которых Я хотел изгнать,	lxx	по признакам		B: квадратные; в C (линия 1882, без вставок по греческому) нет	
Суд	2	6	6	[]	каждый в свой дом и	lxx	по признакам		B: квадратные; в C (линия 1882, без вставок по греческому) нет	
Суд	2	16	16	[]	им	added	по признакам		B: квадратные; C (линия 1882): курсив — слово для связности, которого нет в еврейском	
Суд	2	17	17	[]	и раздражали Господа	lxx	R10: вручную		B: квадратные; в C (линия 1882, без вставок по греческому) нет; в KJV нет	
Суд	2	19	19	[]	не отступали	lxx	по признакам		B: квадратные; в C (линия 1882, без вставок по греческому) нет	
Суд	2	21	21	[]	сын Навин, на земле,	lxx	по признакам		B: квадратные; в C (линия 1882, без вставок по греческому) нет	
Суд	3	5	5	[]	Гергесеев	lxx	по признакам		B: квадратные; в C (линия 1882, без вставок по греческому) нет	
Суд	3	10	10	[]	против Хусарсафема	lxx	по признакам		B: квадратные; в C (линия 1882, без вставок по греческому) нет	
Суд	3	13	13	[]	всех	lxx	по признакам		B: квадратные; в C (линия 1882, без вставок по греческому) нет	
Суд	3	17	17	[]	и пришел,	lxx	по признакам		B: квадратные; в C (линия 1882, без вставок по греческому) нет	
Суд	3	20	20	[]	царь,	lxx	по признакам		B: квадратные; в C (линия 1882, без вставок по греческому) нет	
Суд	3	20	20	[]	Еглон	added	по признакам		B: квадратные; C (линия 1882): курсив — слово для связности, которого нет в еврейском	
Суд	3	20	20	[]	пред ним	lxx	по признакам		B: квадратные; в C (линия 1882, без вставок по греческому) нет	
Суд	3	21	21	[]	Когда он встал,	lxx	R10: вручную		B: квадратные; в C (линия 1882, без вставок по греческому) нет; в KJV нет	
Суд	3	26	26	[]	и никто о нем не думал,	lxx	по признакам		B: квадратные; в C (линия 1882, без вставок по греческому) нет	
Суд	3	27	27	[]	в землю Израилеву, Аод	lxx	R10: вручную		B: квадратные; в C (линия 1882, без вставок по греческому) нет; в KJV нет	
Суд	3	28	28	[]	Бог	lxx	по признакам		B: квадратные; в C (линия 1882, без вставок по греческому) нет	
Суд	3	30	30	[]	И был Аод судьею их до самой смерти.	lxx	по признакам		B: квадратные; в C (линия 1882, без вставок по греческому) нет	
Суд	4	5	5	[]	туда	lxx	по признакам		B: квадратные; в C (линия 1882, без вставок по греческому) нет	
Суд	4	6	6	[]	Девора	added	по признакам		B: квадратные; C (линия 1882): курсив — слово для связности, которого нет в еврейском	
Суд	4	6	6	[]	тебе	added	по признакам		B: квадратные; C (линия 1882): курсив — слово для связности, которого нет в еврейском	
Суд	4	7	7	[]	войско	added	по признакам		B: квадратные; C (линия 1882): курсив — слово для связности, которого нет в еврейском	
Суд	4	8	8	[]	ибо я не знаю дня, в который пошлет Господь Ангела со мною	lxx	по признакам		B: квадратные; в C (линия 1882, без вставок по греческому) нет	
Суд	4	9	9	[]	ему	added	по признакам		B: квадратные; C (линия 1882): курсив — слово для связности, которого нет в еврейском	
Суд	4	9	9	[]	знай, что	lxx	по признакам		B: квадратные; в C (линия 1882, без вставок по греческому) нет	
Суд	4	15	15	[]	своей	lxx	по признакам		B: квадратные; в C (линия 1882, без вставок по греческому) нет	
Суд	4	16	16	[]	его	added	по признакам		B: квадратные; C (линия 1882): курсив — слово для связности, которого нет в еврейском	
Суд	4	18	18	[]	своим	lxx	по признакам		B: квадратные; в C (линия 1882, без вставок по греческому) нет	
Суд	4	19	19	[]	Сисара	added	по признакам		B: квадратные; C (линия 1882): курсив — слово для связности, которого нет в еврейском	
Суд	4	20	20	[]	Сисара	added	по признакам		B: квадратные; C (линия 1882): курсив — слово для связности, которого нет в еврейском	
Суд	4	23	23	[]	Господь	lxx	по признакам		B: квадратные; в C (линия 1882, без вставок по греческому) нет	
Суд	5	26	26	[]	Левую	added	по признакам		B: квадратные; C (линия 1882): курсив — слово для связности, которого нет в еврейском	
Суд	6	13	13	[]	бедствие	lxx	по признакам		B: квадратные; в C (линия 1882, без вставок по греческому) нет	
Суд	6	15	15	[]	Гедеон	added	по признакам		B: квадратные; C (линия 1882): курсив — слово для связности, которого нет в еврейском	
Суд	6	17	17	[]	Гедеон	added	по признакам		B: квадратные; C (линия 1882): курсив — слово для связности, которого нет в еврейском	
Суд	6	26	26	[]	явившемуся тебе	lxx	по признакам		B: квадратные; в C (линия 1882, без вставок по греческому) нет	
Суд	6	33	33	[]	реку	added	по признакам		B: квадратные; C (линия 1882): курсив — слово для связности, которого нет в еврейском	
Суд	7	15	15	[]	Господу	added	по признакам		B: квадратные; C (линия 1882): курсив — слово для связности, которого нет в еврейском	
Суд	7	18	18	[]	меч	added	по признакам		B: квадратные; C (линия 1882): курсив — слово для связности, которого нет в еврейском	
Суд	8	2	2	[]	Гедеон	added	по признакам		B: квадратные; C (линия 1882): курсив — слово для связности, которого нет в еврейском	
Суд	8	4	4	[]	и голодны	lxx	по признакам		B: квадратные; в C (линия 1882, без вставок по греческому) нет	
Суд	8	19	19	[]	Гедеон	added	по признакам		B: квадратные; C (линия 1882): курсив — слово для связности, которого нет в еврейском	
Суд	8	24	24	[]	Ибо у неприятелей много было золотых серег, потому что они были Измаильтяне.	gloss	совет: WLC		C: круглые скобки; есть в еврейском тексте (проверено по KJV — переводу с еврейского)	§ 8.1: слова есть в WLC
Суд	8	26	26	[]	сиклей	added	по признакам		B: квадратные; C (линия 1882): курсив — слово для связности, которого нет в еврейском	
Суд	8	26	26	[]	золотых	added	по признакам		B: квадратные; C (линия 1882): курсив — слово для связности, которого нет в еврейском	
Суд	9	19	19	[]	да будет на вас благословение и	lxx	по признакам		B: квадратные; в C (линия 1882, без вставок по греческому) нет	
Суд	9	35	35	[]	Поутру	lxx	по признакам		B: квадратные; в C (линия 1882, без вставок по греческому) нет	
Суд	9	54	54	[]	Авимелех	added	по признакам		B: квадратные; C (линия 1882): курсив — слово для связности, которого нет в еврейском	
Суд	10	4	4	[]	два	lxx	по признакам		B: квадратные; в C (линия 1882, без вставок по греческому) нет	
Суд	10	4	4	[]	двух	lxx	по признакам		B: квадратные; в C (линия 1882, без вставок по греческому) нет	
Суд	10	4	4	[]	два	lxx	по признакам		B: квадратные; в C (линия 1882, без вставок по греческому) нет	
Суд	10	16	16	[]	только	lxx	по признакам		B: квадратные; в C (линия 1882, без вставок по греческому) нет	
Суд	11	13	13	[]	и я отступлю	lxx	R10: вручную		B: квадратные; в C (линия 1882, без вставок по греческому) нет; в KJV нет	
Суд	11	14	14	[]	И возвратились послы к Иеффаю.	lxx	по признакам		B: квадратные; в C (линия 1882, без вставок по греческому) нет	
Суд	11	26	26	[]	их	added	по признакам		B: квадратные; C (линия 1882): курсив — слово для связности, которого нет в еврейском	
Суд	11	35	35	[]	о тебе	added	по признакам		B: квадратные; C (линия 1882): курсив — слово для связности, которого нет в еврейском	
Суд	12	9	9	[]	в замужество	added	по признакам		B: квадратные; C (линия 1882): курсив — слово для связности, которого нет в еврейском	
Суд	13	11	11	[]	Ангел	added	по признакам		B: квадратные; C (линия 1882): курсив — слово для связности, которого нет в еврейском	
Суд	14	1	1	[]	и она понравилась ему	lxx	по признакам		B: квадратные; в C (линия 1882, без вставок по греческому) нет	
Суд	14	10	10	[]	семидневный	lxx	по признакам		B: квадратные; в C (линия 1882, без вставок по греческому) нет	
Суд	15	6	6	[]	дом	lxx	по признакам		B: квадратные; в C (линия 1882, без вставок по греческому) нет	
Суд	16	3	3	[]	и положил их там	lxx	по признакам		B: квадратные; в C (линия 1882, без вставок по греческому) нет	
Суд	16	9	9	[]	Между тем один скрытно сидел у нее в спальне.	gloss	совет: WLC		C: круглые скобки; есть в еврейском тексте (проверено по KJV — переводу с еврейского)	§ 8.1: слова есть в WLC
Суд	16	12	12	[]	Между тем один скрытно сидел в спальне.	gloss	совет: WLC		C: круглые скобки; есть в еврейском тексте (проверено по KJV — переводу с еврейского)	§ 8.1: слова есть в WLC
Суд	16	13	13	[]	то я буду бессилен, как и прочие люди	lxx	по признакам		B: квадратные; в C (линия 1882, без вставок по греческому) нет	
Суд	16	14	14	[]	И усыпила его Далида на коленях своих. И когда он уснул, взяла Далида семь кос головы его,	lxx	по признакам		B: квадратные; в C (линия 1882, без вставок по греческому) нет	
Суд	16	14	14	[]	и не узнана сила его	lxx	по признакам		B: квадратные; в C (линия 1882, без вставок по греческому) нет	
Суд	16	15	15	[]	Далида	added	по признакам		B: квадратные; C (линия 1882): курсив — слово для связности, которого нет в еврейском	
Суд	16	19	19	[]	Далида	added	по признакам		B: квадратные; C (линия 1882): курсив — слово для связности, которого нет в еврейском	
Суд	16	25	25	[]	из дома темничного	lxx	R10: вручную		B: квадратные; в C (линия 1882, без вставок по греческому) нет; в KJV нет	
Суд	16	25	25	[]	и заушали его	lxx	R10: вручную		B: квадратные; в C (линия 1882, без вставок по греческому) нет; в KJV нет	
Суд	16	26	26	[]	Отрок так и сделал.	lxx	R10: вручную		B: квадратные; в C (линия 1882, без вставок по греческому) нет; в KJV нет	
Суд	16	30	30	[]	Самсон	added	по признакам		B: квадратные; C (линия 1882): курсив — слово для связности, которого нет в еврейском	
Суд	16	31	31	[]	После Самсона восстал Емегар, сын Енана, и убил из иноплеменников шестьсот человек, кроме скота. И он спас Израиля.	lxx	по признакам		B: квадратные; в C (линия 1882, без вставок по греческому) нет	
Суд	17	3	3	[]	тебя,	lxx	по признакам		B: квадратные; в C (линия 1882, без вставок по греческому) нет	
Суд	18	8	8	[]	оные пять человек	lxx	по признакам		B: квадратные; в C (линия 1882, без вставок по греческому) нет	
Суд	18	20	20	[]	и литый кумир	lxx	R10: вручную		B: квадратные; в C (линия 1882, без вставок по греческому) нет; в KJV нет	
Суд	18	22	22	[]	Миха и	lxx	по признакам		B: квадратные; в C (линия 1882, без вставок по греческому) нет	
Суд	18	23	23	[]	Сыны Дановы	added	по признакам		B: квадратные; C (линия 1882): курсив — слово для связности, которого нет в еврейском	
Суд	18	24	24	()	Миха	lxx	совет: WLC, LXX, CSL		B: квадратные; C: курсив; в KJV нет, в славянском («рече Миха») есть; у нас ошибочно круглые	§ 8.2: нет в WLC; есть в LXX
Суд	18	27	27	[]	сыны Дановы	added	по признакам		B: квадратные; C (линия 1882): курсив — слово для связности, которого нет в еврейском	
Суд	18	28	28	[]	Город сей	added	по признакам		B: квадратные; C (линия 1882): курсив — слово для связности, которого нет в еврейском	
Суд	19	8	8	[]	хлебом	added	по признакам		B: квадратные; C (линия 1882): курсив — слово для связности, которого нет в еврейском	
Суд	19	8	8	[]	и пили	lxx	по признакам		B: квадратные; в C (линия 1882, без вставок по греческому) нет	
Суд	19	21	21	[]	его	added	по признакам		B: квадратные; C (линия 1882): курсив — слово для связности, которого нет в еврейском	
Суд	19	28	28	[]	потому что она умерла	added	по признакам		B: квадратные; C (линия 1882): курсив — слово для связности, которого нет в еврейском	
Суд	19	30	30	[]	Посланным же от себя людям он дал приказание и сказал: так говорите всему Израилю: бывало ли когда подобное сему?	lxx	по признакам		B: квадратные; в C (линия 1882, без вставок по греческому) нет	
Суд	20	2	2	[]	пред Господа	lxx	по признакам		B: квадратные; в C (линия 1882, без вставок по греческому) нет	
Суд	20	5	5	[]	надругавшись над нею,	lxx	совет: WLC, LXX, CSL		B: квадратные; в C (линия 1882, без вставок по греческому) нет	§ 8.3: выборка «а» подтверждена
Суд	20	9	9	[]	пойдем	added	по признакам		B: квадратные; C (линия 1882): курсив — слово для связности, которого нет в еврейском	
Суд	20	18	18	[]	пойдет	added	по признакам		B: квадратные; C (линия 1882): курсив — слово для связности, которого нет в еврейском	
Суд	20	27	28	[]	в то время ковчег завета Божия находился там, ¦ и Финеес, сын Елеазара, сына Ааронова, предстоял пред ним	gloss	совет: WLC		C: круглые скобки; есть в еврейском тексте (проверено по KJV — переводу с еврейского)	§ 8.1: слова есть в WLC
Суд	20	32	32	[]	И сделали так.	lxx	по признакам		B: квадратные; в C (линия 1882, без вставок по греческому) нет	
Суд	20	45	45	[]	Оставшиеся	added	по признакам		B: квадратные; C (линия 1882): курсив — слово для связности, которого нет в еврейском	
Суд	20	45	45	[]	Израильтяне	added	по признакам		B: квадратные; C (линия 1882): курсив — слово для связности, которого нет в еврейском	
Суд	20	47	47	[]	оставшиеся	added	по признакам		B: квадратные; C (линия 1882): курсив — слово для связности, которого нет в еврейском	
Суд	20	48	48	[]	во всех городах	lxx	R10: вручную		B: квадратные; в C (линия 1882, без вставок по греческому) нет; в KJV нет	
Суд	21	11	11	[]	а девиц оставляйте в живых. И сделали так	lxx	по признакам		B: квадратные; в C (линия 1882, без вставок по греческому) нет	
Суд	21	14	14	[]	к Израильтянам	lxx	по признакам		B: квадратные; в C (линия 1882, без вставок по греческому) нет	
Суд	21	14	14	()	Израильтяне	lxx	совет: WLC, LXX, CSL		B: квадратные; C: курсив; в KJV нет, в славянском («сынове Израилевы») есть; у нас ошибочно круглые	§ 8.2: нет в WLC; есть в LXX
Руф	1	5	5	[]	сына ее	added	по признакам		B: квадратные; C (линия 1882): курсив — слово для связности, которого нет в еврейском	
Руф	1	14	14	[]	и возвратилась к народу своему	lxx	по признакам		B: квадратные; в C (линия 1882, без вставок по греческому) нет	
Руф	1	15	15	[]	Ноеминь	added	по признакам		B: квадратные; C (линия 1882): курсив — слово для связности, которого нет в еврейском	
Руф	1	15	15	[]	Руфи	added	по признакам		B: квадратные; C (линия 1882): курсив — слово для связности, которого нет в еврейском	
Руф	1	18	18	[]	Ноеминь,	added	по признакам		B: квадратные; C (линия 1882): курсив — слово для связности, которого нет в еврейском	
Руф	2	16	16	[]	и ест	lxx	по признакам		B: квадратные; в C (линия 1882, без вставок по греческому) нет	
Руф	2	18	18	[]	Руфь из пазухи своей	added	по признакам		B: квадратные; C (линия 1882): курсив — слово для связности, которого нет в еврейском	
Руф	2	19	19	[]	Руфь!	added	по признакам		B: квадратные; C (линия 1882): курсив — слово для связности, которого нет в еврейском	
Руф	2	21	21	[]	свекрови своей	lxx	по признакам		B: квадратные; в C (линия 1882, без вставок по греческому) нет	
Руф	2	23	23	[]	колосья	added	по признакам		B: квадратные; C (линия 1882): курсив — слово для связности, которого нет в еврейском	
Руф	3	3	3	[]	нарядные	added	по признакам		B: квадратные; C (линия 1882): курсив — слово для связности, которого нет в еврейском	
Руф	3	5	5	[]	Руфь	added	по признакам		B: квадратные; C (линия 1882): курсив — слово для связности, которого нет в еврейском	
Руф	3	9	9	[]	ей Вооз	added	по признакам		B: квадратные; C (линия 1882): курсив — слово для связности, которого нет в еврейском	
Руф	3	10	10	[]	Вооз	added	по признакам		B: квадратные; C (линия 1882): курсив — слово для связности, которого нет в еврейском	
Руф	3	10	10	[]	Бога	lxx	по признакам		B: квадратные; в C (линия 1882, без вставок по греческому) нет	
Руф	3	15	15	[]	ей	added	по признакам		B: квадратные; C (линия 1882): курсив — слово для связности, которого нет в еврейском	
Руф	3	16	16	[]	Руфь	added	по признакам		B: квадратные; C (линия 1882): курсив — слово для связности, которого нет в еврейском	
Руф	3	16	16	[]	ей	added	по признакам		B: квадратные; C (линия 1882): курсив — слово для связности, которого нет в еврейском	
Руф	3	17	17	[]	ей	added	по признакам		B: квадратные; C (линия 1882): курсив — слово для связности, которого нет в еврейском	
Руф	4	1	1	[]	Вооз	lxx	совет: WLC, LXX, CSL		B: квадратные; C (линия 1882): курсив — слово для связности, которого нет в еврейском	вид R10 «в» → lxx; § 8.4: «в» → «а»: LXX Βοος
Руф	4	2	2	[]	Вооз	added	по признакам		B: квадратные; C (линия 1882): курсив — слово для связности, которого нет в еврейском	
Руф	4	3	3	[]	Вооз	added	по признакам		B: квадратные; C (линия 1882): курсив — слово для связности, которого нет в еврейском	
Руф	4	7	7	[]	который принимал право родственника,	lxx	по признакам		B: квадратные; в C (линия 1882, без вставок по греческому) нет	
Руф	4	8	8	[]	и дал ему	lxx	по признакам		B: квадратные; в C (линия 1882, без вставок по греческому) нет	
1Цар	1	3	3	[]	Илий и	added	по признакам		B: квадратные; C (линия 1882): курсив — слово для связности, которого нет в еврейском	
1Цар	1	5	5	[]	так как у нее не было детей	lxx	по признакам		B: квадратные; в C (линия 1882, без вставок по греческому) нет	
1Цар	1	5	5	[]	более, нежели Феннану	lxx	по признакам		B: квадратные; в C (линия 1882, без вставок по греческому) нет	
1Цар	1	7	7	[]	и сетовала	lxx	по признакам		B: квадратные; в C (линия 1882, без вставок по греческому) нет	
1Цар	1	8	8	[]	Она отвечала ему: вот я. И сказал ей:	lxx	по признакам		B: квадратные; в C (линия 1882, без вставок по греческому) нет	
1Цар	1	9	9	[]	и стала пред Господом	lxx	по признакам		B: квадратные; в C (линия 1882, без вставок по греческому) нет	
1Цар	1	11	11	[]	Всемогущий Боже	lxx	по признакам		B: квадратные; в C (линия 1882, без вставок по греческому) нет	
1Цар	1	11	11	[]	в дар	lxx	по признакам		B: квадратные; в C (линия 1882, без вставок по греческому) нет	
1Цар	1	11	11	[]	и вина и сикера не будет он пить,	lxx	по признакам		B: квадратные; в C (линия 1882, без вставок по греческому) нет	
1Цар	1	14	14	[]	и иди от лица Господня	lxx	по признакам		B: квадратные; в C (линия 1882, без вставок по греческому) нет	
1Цар	1	20	20	[]	говорила она	added	по признакам		B: квадратные; C (линия 1882): курсив — слово для связности, которого нет в еврейском	
1Цар	1	20	20	[]	Бога Саваофа	lxx	по признакам		B: квадратные; в C (линия 1882, без вставок по греческому) нет	
1Цар	1	21	21	[]	в Силом	lxx	по признакам		B: квадратные; в C (линия 1882, без вставок по греческому) нет	
1Цар	1	21	21	[]	и все десятины от земли своей	lxx	по признакам		B: квадратные; в C (линия 1882, без вставок по греческому) нет	
1Цар	1	22	22	[]	с ним	lxx	совет: WLC, LXX, CSL		B: квадратные; в C (линия 1882, без вставок по греческому) нет	§ 8.3: выборка «а» подтверждена
1Цар	1	23	23	[]	вышедшее из уст твоих	added	по признакам		B: квадратные; C (линия 1882): курсив — слово для связности, которого нет в еврейском	
1Цар	1	24	24	[]	и хлебы	lxx	по признакам		B: квадратные; в C (линия 1882, без вставок по греческому) нет	
1Цар	1	24	24	[]	и отрок с ними	lxx	по признакам		B: квадратные; в C (линия 1882, без вставок по греческому) нет	
1Цар	1	25	25	[]	И привели его пред лице Господа; и принес отец его жертву, какую в установленные дни приносил Господу. И привели отрока	lxx	по признакам		B: квадратные; в C (линия 1882, без вставок по греческому) нет	
1Цар	1	25	25	[]	Анна мать	lxx	по признакам		B: квадратные; в C (линия 1882, без вставок по греческому) нет	
1Цар	2	10	10	[]	Господь свят. Да не хвалится мудрый мудростью своею, и да не хвалится сильный силою своею, и да не хвалится богатый богатством своим, но желающий хвалиться да хвалится тем, что разумеет и знает Господа.	lxx	по признакам		B: квадратные; в C (линия 1882, без вставок по греческому) нет	
1Цар	2	11	11	[]	И оставили Самуила там пред Господом,	lxx	R10: вручную		B: квадратные; в C (линия 1882, без вставок по греческому) нет; в KJV нет	
1Цар	2	23	23	[]	Господня	lxx	по признакам		B: квадратные; в C (линия 1882, без вставок по греческому) нет	
1Цар	2	24	24	[]	о вас, не делайте так, ибо нехороша молва, которую я слышу	lxx	по признакам		B: квадратные; в C (линия 1882, без вставок по греческому) нет	
1Цар	2	31	31	[]	никогда	lxx	по признакам		B: квадратные; в C (линия 1882, без вставок по греческому) нет	
1Цар	3	4	4	[]	Самуил, Самуил!	lxx	по признакам		B: квадратные; в C (линия 1882, без вставок по греческому) нет	
1Цар	3	6	6	[]	Самуил, Самуил!	lxx	по признакам		B: квадратные; в C (линия 1882, без вставок по греческому) нет	
1Цар	3	9	9	[]	Зовущий	added	по признакам		B: квадратные; C (линия 1882): курсив — слово для связности, которого нет в еврейском	
1Цар	3	10	10	[]	Господи,	added	по признакам		B: квадратные; C (линия 1882): курсив — слово для связности, которого нет в еврейском	
1Цар	3	15	15	[]	и встал рано	lxx	по признакам		B: квадратные; в C (линия 1882, без вставок по греческому) нет	
1Цар	3	18	18	[]	Илий	added	по признакам		B: квадратные; C (линия 1882): курсив — слово для связности, которого нет в еврейском	
1Цар	3	21	21	[]	И уверились во всем Израиле, от конца до конца земли, что Самуил есть пророк Господень. Илий же сделался очень стар, а сыновья его продолжали ходить беззаконным путем своим пред Господом.	lxx	по признакам		B: квадратные; в C (линия 1882, без вставок по греческому) нет	
1Цар	4	1	1	[]	И собрались Филистимляне воевать с Израильтянами.	lxx	по признакам		B: квадратные; в C (линия 1882, без вставок по греческому) нет	
1Цар	4	21	21	[]	со смертью	added	по признакам		B: квадратные; C (линия 1882): курсив — слово для связности, которого нет в еврейском	
1Цар	5	4	4	[]	обе ноги его и	lxx	R10: вручную		B: квадратные; в C (линия 1882, без вставок по греческому) нет; в KJV нет	
1Цар	5	4	4	[]	лежали	added	по признакам		B: квадратные; C (линия 1882): курсив — слово для связности, которого нет в еврейском	
1Цар	5	5	5	[]	а переступают чрез него	lxx	по признакам		B: квадратные; в C (линия 1882, без вставок по греческому) нет	
1Цар	5	6	6	[]	а внутри страны размножились мыши, и было в городе великое отчаяние	lxx	по признакам		B: квадратные; в C (линия 1882, без вставок по греческому) нет	
1Цар	5	8	8	[]	Гефяне	lxx	по признакам		B: квадратные; в C (линия 1882, без вставок по греческому) нет	
1Цар	5	8	8	[]	к нам	lxx	по признакам		B: квадратные; в C (линия 1882, без вставок по греческому) нет	
1Цар	5	11	11	[]	когда пришел туда ковчег Бога Израилева	lxx	по признакам		B: квадратные; в C (линия 1882, без вставок по греческому) нет	
1Цар	6	1	1	[]	и наполнилась земля та мышами	lxx	R10: вручную		B: квадратные; в C (линия 1882, без вставок по греческому) нет; в KJV нет	
1Цар	6	2	2	[]	и заклинателей	lxx	по признакам		B: квадратные; в C (линия 1882, без вставок по греческому) нет	
1Цар	6	3	3	[]	завета Господа	lxx	по признакам		B: квадратные; в C (линия 1882, без вставок по греческому) нет	
1Цар	6	19	19	[]	Не порадовались сыны Иехониины среди мужей Вефсамисских, что видели ковчег Господа	lxx	R10: вручную		B: квадратные; в C (линия 1882, без вставок по греческому) нет; в KJV нет	
1Цар	7	8	8	[]	И сказал Самуил: да не будет этого со мною, чтоб отступить от Господа Бога моего, и не взывать о вас в молитве!	lxx	по признакам		B: квадратные; в C (линия 1882, без вставок по греческому) нет	
1Цар	7	9	9	[]	со всем народом	lxx	по признакам		B: квадратные; в C (линия 1882, без вставок по греческому) нет	
1Цар	9	24	24	[]	Самуил	added	по признакам		B: квадратные; C (линия 1882): курсив — слово для связности, которого нет в еврейском	
1Цар	9	25	25	[]	и постлали Саулу на кровле, и он спал	lxx	R10: вручную		B: квадратные; в C (линия 1882, без вставок по греческому) нет; в KJV нет	
1Цар	10	1	1	[]	в Израиле, и ты будешь царствовать над народом Господним и спасешь их от руки врагов их, окружающих их, и вот тебе знамение, что помазал тебя Господь в царя над наследием Своим	lxx	по признакам		B: квадратные; в C (линия 1882, без вставок по греческому) нет	
1Цар	10	5	5	[]	там начальники Филистимские;	lxx	R10: вручную		B: квадратные; в C (линия 1882, без вставок по греческому) нет; в KJV нет	
1Цар	11	1	1	[]	было спустя около месяца,	lxx	по признакам		B: квадратные; в C (линия 1882, без вставок по греческому) нет	
1Цар	11	10	10	[]	Наасу	added	по признакам		B: квадратные; C (линия 1882): курсив — слово для связности, которого нет в еврейском	
1Цар	12	6	6	[]	свидетель	added	по признакам		B: квадратные; C (линия 1882): курсив — слово для связности, которого нет в еврейском	
1Цар	12	14	14	[]	то рука Господа не будет против вас	lxx	по признакам		B: квадратные; в C (линия 1882, без вставок по греческому) нет	
1Цар	13	15	15	[]	оставшиеся люди пошли за Саулом навстречу неприятельскому ополчению, которое нападало на них, когда они шли из Галгала в Гиву Вениаминову;	lxx	по признакам		B: квадратные; в C (линия 1882, без вставок по греческому) нет	
1Цар	13	16	16	[]	и плакали	lxx	по признакам		B: квадратные; в C (линия 1882, без вставок по греческому) нет	
1Цар	13	22	22	[]	Михмасской	lxx	по признакам		B: квадратные; в C (линия 1882, без вставок по греческому) нет	
1Цар	14	15	15	[]	и не хотели сражаться	lxx	по признакам		B: квадратные; в C (линия 1882, без вставок по греческому) нет	
1Цар	14	19	19	[]	распространялось и	added	по признакам		B: квадратные; C (линия 1882): курсив — слово для связности, которого нет в еврейском	
1Цар	14	23	23	[]	Всех людей было с Саулом до десяти тысяч, и битва происходила по всему городу на горе Ефремовой.	lxx	по признакам		B: квадратные; в C (линия 1882, без вставок по греческому) нет	
1Цар	14	24	24	[]	весьма безрассудно	lxx	по признакам		B: квадратные; в C (линия 1882, без вставок по греческому) нет	
1Цар	14	34	34	[]	и свою овцу	lxx	по признакам		B: квадратные; в C (линия 1882, без вставок по греческому) нет	
1Цар	14	41	41	[]	отчего Ты ныне не отвечал рабу Твоему? моя ли в том вина, или сына моего Ионафана? Господи, Боже Израилев!	lxx	по признакам		B: квадратные; в C (линия 1882, без вставок по греческому) нет	
1Цар	14	41	41	[]	Если же она в народе Твоем Израиле, дай ему освящение.	lxx	по признакам		B: квадратные; в C (линия 1882, без вставок по греческому) нет	
1Цар	14	42	42	[]	и кого объявит Господь, тот да умрет. И сказал народ Саулу: да не будет так! Но Саул настоял. И бросили жребий между ним и Ионафаном, сыном его,	lxx	по признакам		B: квадратные; в C (линия 1882, без вставок по греческому) нет	
1Цар	14	47	47	[]	и с Вефором	lxx	R10: вручную		B: квадратные; C: без пометы; в KJV нет	
1Цар	15	3	3	[]	и Иерима	lxx	по признакам		B: квадратные; в C (линия 1882, без вставок по греческому) нет	
1Цар	15	3	3	[]	не бери себе ничего у них, но уничтожь и предай заклятию все, что у него;	lxx	по признакам		B: квадратные; в C (линия 1882, без вставок по греческому) нет	
1Цар	15	8	8	[]	и Иерима умертвил	lxx	R10: вручную		B: квадратные; в C (линия 1882, без вставок по греческому) нет; в KJV нет	
1Цар	15	12	12	[]	но оттуда возвратил колесницу	lxx	R10: вручную		B: квадратные; в C (линия 1882, без вставок по греческому) нет; в KJV нет	
1Цар	15	23	23	[]	над Израилем	lxx	по признакам		B: квадратные; в C (линия 1882, без вставок по греческому) нет	
1Цар	15	25	25	[]	Богу твоему	lxx	по признакам		B: квадратные; в C (линия 1882, без вставок по греческому) нет	
1Цар	15	27	27	[]	Саул	added	по признакам		B: квадратные; C (линия 1882): курсив — слово для связности, которого нет в еврейском	
1Цар	15	30	30	[]	Саул	added	по признакам		B: квадратные; C (линия 1882): курсив — слово для связности, которого нет в еврейском	
1Цар	16	3	3	[]	и сыновей его	lxx	по признакам		B: квадратные; в C (линия 1882, без вставок по греческому) нет	
1Цар	17	36	36	[]	Не пойти ли мне и поразить его, чтобы снять поношение с Израиля? Ибо кто этот необрезанный?	lxx	R10: вручную		B: квадратные; в C (линия 1882, без вставок по греческому) нет; в KJV нет	
1Цар	17	43	43	[]	и с камнями	lxx	по признакам		B: квадратные; в C (линия 1882, без вставок по греческому) нет	
1Цар	17	43	43	[]	И сказал Давид: нет, но хуже собаки.	lxx	по признакам		B: квадратные; в C (линия 1882, без вставок по греческому) нет	
1Цар	17	46	46	[]	труп твой и	lxx	R10: вручную		B: квадратные; в C (линия 1882, без вставок по греческому) нет; в KJV нет	
1Цар	18	28	28	[]	и весь Израиль любит его,	lxx	R10: вручную		B: квадратные; в C (линия 1882, без вставок по греческому) нет; в KJV нет	
1Цар	19	18	18	[]	в Раме	lxx	по признакам		B: квадратные; в C (линия 1882, без вставок по греческому) нет	
1Цар	19	22	22	[]	Разгневавшись,	lxx	по признакам		B: квадратные; в C (линия 1882, без вставок по греческому) нет	
1Цар	20	2	2	[]	Ионафан	added	по признакам		B: квадратные; C (линия 1882): курсив — слово для связности, которого нет в еврейском	
1Цар	20	43	43	[]	Давид	added	по признакам		B: квадратные; C (линия 1882): курсив — слово для связности, которого нет в еврейском	
1Цар	21	4	4	[]	пусть съедят	lxx	по признакам		B: квадратные; в C (линия 1882, без вставок по греческому) нет	
1Цар	21	9	9	[]	И дал ему.	lxx	R10: вручную		B: квадратные; в C (линия 1882, без вставок по греческому) нет; в KJV нет	
1Цар	21	13	13	[]	кидался на руки свои	lxx	по признакам		B: квадратные; в C (линия 1882, без вставок по греческому) нет	
1Цар	23	3	3	[]	мы попадем в плен к Филистимлянам.	lxx	по признакам		B: квадратные; в C (линия 1882, без вставок по греческому) нет	
1Цар	23	6	6	[]	и пошел с ним	lxx	R10: вручную		B: квадратные; в C (линия 1882, без вставок по греческому) нет; в KJV нет	
1Цар	23	9	9	[]	Господень	lxx	по признакам		B: квадратные; в C (линия 1882, без вставок по греческому) нет	
1Цар	24	9	9	[]	ему	added	по признакам		B: квадратные; C (линия 1882): курсив — слово для связности, которого нет в еврейском	
1Цар	25	4	4	[]	на Кармиле	lxx	по признакам		B: квадратные; в C (линия 1882, без вставок по греческому) нет	
1Цар	25	6	6	[]	здравствуй,	lxx	по признакам		B: квадратные; в C (линия 1882, без вставок по греческому) нет	
1Цар	25	10	10	[]	вскочил	lxx	по признакам		B: квадратные; в C (линия 1882, без вставок по греческому) нет	
1Цар	25	10	10	[]	и	lxx	по признакам		B: квадратные; в C (линия 1882, без вставок по греческому) нет	
1Цар	25	11	11	[]	и вино мое	lxx	по признакам		B: квадратные; в C (линия 1882, без вставок по греческому) нет	
1Цар	25	31	31	[]	и окажешь милость ей	lxx	совет: WLC, LXX, CSL		B: квадратные; в C (линия 1882, без вставок по греческому) нет; в KJV нет	§ 8.3: выборка «а» подтверждена
1Цар	26	1	1	[]	с юга	lxx	по признакам		B: квадратные; в C (линия 1882, без вставок по греческому) нет	
1Цар	26	4	4	[]	из Кеиля	lxx	по признакам		B: квадратные; в C (линия 1882, без вставок по греческому) нет	
1Цар	26	5	5	[]	тайно	lxx	по признакам		B: квадратные; в C (линия 1882, без вставок по греческому) нет	
1Цар	26	7	7	[]	Сауловым	added	по признакам		B: квадратные; C (линия 1882): курсив — слово для связности, которого нет в еврейском	
1Цар	26	24	24	[]	и да покроет Он меня	lxx	по признакам		B: квадратные; в C (линия 1882, без вставок по греческому) нет	
1Цар	28	13	13	[]	скажи,	lxx	по признакам		B: квадратные; в C (линия 1882, без вставок по греческому) нет	
1Цар	28	15	15	[]	ни в видении	lxx	по признакам		B: квадратные; в C (линия 1882, без вставок по греческому) нет	
1Цар	29	10	10	[]	и идите на место, которое я назначил вам, и не имей худой мысли на сердце твоем, ибо ты предо мною хорош	lxx	по признакам		B: квадратные; в C (линия 1882, без вставок по греческому) нет	
1Цар	29	11	11	[]	на войну	added	по признакам		B: квадратные; C (линия 1882): курсив — слово для связности, которого нет в еврейском	
1Цар	30	2	2	[]	и всех	added	по признакам		B: квадратные; C (линия 1882): курсив — слово для связности, которого нет в еврейском	
1Цар	30	16	16	[]	Давид поклялся ему,	lxx	R10: вручную		B: квадратные; в C (линия 1882, без вставок по греческому) нет; в KJV нет	
1Цар	30	17	17	[]	И напал на них	lxx	по признакам		B: квадратные; в C (линия 1882, без вставок по греческому) нет	
1Цар	30	24	24	[]	Они не хуже нас.	lxx	по признакам		B: квадратные; в C (линия 1882, без вставок по греческому) нет	
1Цар	30	27	27	[]	и в Гефоре,	lxx	R10: вручную		B: квадратные; C: без пометы; в KJV нет	
1Цар	30	28	28	[]	и в Аммаде,	lxx	R10: вручную		B: квадратные; в C (линия 1882, без вставок по греческому) нет; в KJV нет	
1Цар	30	28	28	[]	и в Гефе,	lxx	R10: вручную		B: квадратные; в C (линия 1882, без вставок по греческому) нет; в KJV нет	
1Цар	30	29	29	[]	в Кинане, в Сафене, в Фимафе,	lxx	R10: вручную		B: квадратные; в C (линия 1882, без вставок по греческому) нет; в KJV нет	
1Цар	31	9	9	[]	поворотили его и	lxx	по признакам		B: квадратные; в C (линия 1882, без вставок по греческому) нет	
2Цар	1	2	2	[]	ему	added	по признакам		B: квадратные; C (линия 1882): курсив — слово для связности, которого нет в еврейском	
2Цар	1	10	10	[]	царский	lxx	по признакам		B: квадратные; в C (линия 1882, без вставок по греческому) нет	
2Цар	1	11	11	[]	разодрали одежды свои,	lxx	по признакам		B: квадратные; в C (линия 1882, без вставок по греческому) нет	
2Цар	1	21	21	[]	не сойдет	added	по признакам		B: квадратные; C (линия 1882): курсив — слово для связности, которого нет в еврейском	
2Цар	2	5	5	[]	помазаннику Господню,	lxx	по признакам		B: квадратные; в C (линия 1882, без вставок по греческому) нет	
2Цар	2	5	5	[]	и Ионафана, сына его	lxx	по признакам		B: квадратные; в C (линия 1882, без вставок по греческому) нет	
2Цар	2	23	23	[]	и где это бывает? возвратись к брату твоему Иоаву.	lxx	R10: вручную		B: квадратные; в C (линия 1882, без вставок по греческому) нет; в KJV нет	
2Цар	3	2	2	[]	шесть	lxx	по признакам		B: квадратные; в C (линия 1882, без вставок по греческому) нет	
2Цар	3	3	3	[]	сын	lxx	совет: WLC, LXX, CSL		B: квадратные; C (линия 1882): курсив — слово для связности, которого нет в еврейском	вид R10 «в» → lxx; § 8.5: нет в WLC и LXX, есть в CSL — по славянскому (§ 10 п. 2); сыновство — 1Пар 3:1
2Цар	3	7	7	[]	и вошел к ней Авенир	lxx	по признакам		B: квадратные; в C (линия 1882, без вставок по греческому) нет	
2Цар	3	7	7	[]	Иевосфей	lxx	совет: WLC, LXX, CSL		B: квадратные; C (линия 1882): курсив — слово для связности, которого нет в еврейском	вид R10 «в» → lxx; § 8.5: WLC без подлежащего; LXX «Мемфивосфей, сын Саула»; CSL «Иевосфей» — свидетели расходятся, по славянскому
2Цар	3	9	9	[]	в сей день	lxx	по признакам		B: квадратные; в C (линия 1882, без вставок по греческому) нет	
2Цар	3	12	12	[]	в Хеврон, где он находился	lxx	по признакам		B: квадратные; в C (линия 1882, без вставок по греческому) нет	
2Цар	3	13	13	[]	Давид	added	по признакам		B: квадратные; C (линия 1882): курсив — слово для связности, которого нет в еврейском	
2Цар	4	1	1	[]	Иевосфей,	added	по признакам		B: квадратные; C (линия 1882): курсив — слово для связности, которого нет в еврейском	
2Цар	4	2	2	[]	Иевосфея,	lxx	совет: WLC, LXX, CSL		B: квадратные; C (линия 1882): курсив — слово для связности, которого нет в еврейском	вид R10 «в» → lxx; § 8.4: «в» → по славянскому (нет в WLC и LXX, есть в CSL): WLC «בן שאול» без имени; LXX «Мемфивосфей, сын Саула»; CSL «Иевосфеа» — свидетели расходятся
2Цар	4	6	6	[]	А привратник дома, очищавший пшеницу, задремал и уснул	lxx	по признакам		B: квадратные; в C (линия 1882, без вставок по греческому) нет	
2Цар	4	7	7	[]	Иевосфей	added	по признакам		B: квадратные; C (линия 1882): курсив — слово для связности, которого нет в еврейском	
2Цар	4	8	8	[]	врагу твоему	lxx	по признакам		B: квадратные; в C (линия 1882, без вставок по греческому) нет	
2Цар	4	10	10	[]	и Ионафан	lxx	по признакам		B: квадратные; в C (линия 1882, без вставок по греческому) нет	
2Цар	5	3	3	[]	всем	lxx	по признакам		B: квадратные; в C (линия 1882, без вставок по греческому) нет	
2Цар	5	8	8	[]	Господень	added	по признакам		B: квадратные; C (линия 1882): курсив — слово для связности, которого нет в еврейском	
2Цар	5	16	16	[]	Самае, Иосиваф, Нафан, Галамаан, Иеваар, Феисус, Елифалаф, Нагев, Нафек, Ионафан, Леасамис, Ваалимаф и Елифааф	lxx	по признакам		B: квадратные; в C (линия 1882, без вставок по греческому) нет	
2Цар	5	21	21	[]	Филистимляне	added	по признакам		B: квадратные; C (линия 1882): курсив — слово для связности, которого нет в еврейском	
2Цар	5	21	21	[]	и велел сжечь их в огне	lxx	R10: вручную		B: квадратные; в C (линия 1882, без вставок по греческому) нет; в KJV нет	
2Цар	5	23	23	[]	идти ли мне против Филистимлян, и предашь ли их в руки мои?	lxx	по признакам		B: квадратные; в C (линия 1882, без вставок по греческому) нет	
2Цар	6	4	4	[]	Господним	lxx	по признакам		B: квадратные; в C (линия 1882, без вставок по греческому) нет	
2Цар	6	6	6	[]	чтобы придержать его	lxx	по признакам		B: квадратные; в C (линия 1882, без вставок по греческому) нет	
2Цар	6	19	19	[]	от Дана даже до Вирсавии	lxx	по признакам		B: квадратные; в C (линия 1882, без вставок по греческому) нет	
2Цар	6	20	20	[]	и приветствовала его	lxx	R10: вручную		B: квадратные; в C (линия 1882, без вставок по греческому) нет; в KJV нет	
2Цар	6	21	21	[]	плясать буду. И благословен Господь	lxx	по признакам		B: квадратные; в C (линия 1882, без вставок по греческому) нет	
2Цар	7	18	18	[]	мой	lxx	совет: WLC, LXX, CSL		B: квадратные; в C (линия 1882, без вставок по греческому) нет	§ 8.3: выборка «а» подтверждена
2Цар	7	29	29	[]	чтоб быть ему пред Тобою	lxx	по признакам		B: квадратные; в C (линия 1882, без вставок по греческому) нет	
2Цар	8	3	3	[]	Евфрате	added	по признакам		B: квадратные; C (линия 1882): курсив — слово для связности, которого нет в еврейском	
2Цар	8	4	4	[]	себе	added	по признакам		B: квадратные; C (линия 1882): курсив — слово для связности, которого нет в еврейском	
2Цар	8	7	7	[]	Их взял потом Сусаким, царь Египетский, во время нашествия своего на Иерусалим, во дни Ровоама, сына Соломонова.	lxx	по признакам		B: квадратные; в C (линия 1882, без вставок по греческому) нет	
2Цар	8	8	8	[]	из которой Соломон устроил медное море и столбы, и умывальницы и все сосуды	lxx	по признакам		B: квадратные; в C (линия 1882, без вставок по греческому) нет	
2Цар	9	6	6	[]	царю	lxx	по признакам		B: квадратные; в C (линия 1882, без вставок по греческому) нет	
2Цар	9	8	8	[]	Мемфивосфей	lxx	совет: WLC, LXX, CSL		B: квадратные; C (линия 1882): курсив — слово для связности, которого нет в еврейском	вид R10 «в» → lxx; § 8.4: «в» → «а»: LXX Μεμφιβοσθε
2Цар	9	11	11	[]	Давида	added	по признакам		B: квадратные; C (линия 1882): курсив — слово для связности, которого нет в еврейском	
2Цар	10	6	6	[]	Амаликитского	lxx	по признакам		B: квадратные; в C (линия 1882, без вставок по греческому) нет	
2Цар	10	16	16	[]	Халамаком	lxx	по признакам		B: квадратные; в C (линия 1882, без вставок по греческому) нет	
2Цар	11	11	11	[]	Божий	lxx	по признакам		B: квадратные; в C (линия 1882, без вставок по греческому) нет	
2Цар	11	21	21	[]	и поразила его	lxx	R10: вручную		B: квадратные; в C (линия 1882, без вставок по греческому) нет; в KJV нет	
2Цар	11	21	21	[]	поражен и	lxx	по признакам		B: квадратные; в C (линия 1882, без вставок по греческому) нет	
2Цар	11	22	22	[]	посланный от Иоава к царю в Иерусалим	lxx	по признакам		B: квадратные; в C (линия 1882, без вставок по греческому) нет	
2Цар	11	22	22	[]	И разгневался Давид на Иоава и сказал посланному: зачем вы близко подходили к городу сражаться? разве вы не знали, что вас поражать будут со стены? кто убил Авимелеха, сына Иероваалова? не женщина ли бросила на него со стены обломок жернова, и он умер в Тевеце? Зачем вы близко подходили к стене?	lxx	по признакам		B: квадратные; в C (линия 1882, без вставок по греческому) нет	
2Цар	12	1	1	[]	пророка	lxx	по признакам		B: квадратные; в C (линия 1882, без вставок по греческому) нет	
2Цар	12	4	4	[]	обед	added	по признакам		B: квадратные; C (линия 1882): курсив — слово для связности, которого нет в еврейском	
2Цар	12	7	7	[]	который сделал это	lxx	R10: вручную		B: квадратные; в C (линия 1882, без вставок по греческому) нет; в KJV нет	
2Цар	12	8	8	[]	для тебя	added	по признакам		B: квадратные; C (линия 1882): курсив — слово для связности, которого нет в еврейском	
2Цар	12	21	21	[]	и не спал	lxx	по признакам		B: квадратные; в C (линия 1882, без вставок по греческому) нет	
2Цар	12	21	21	[]	и пил	lxx	по признакам		B: квадратные; в C (линия 1882, без вставок по греческому) нет	
2Цар	12	24	24	[]	зачала и	lxx	по признакам		B: квадратные; в C (линия 1882, без вставок по греческому) нет	
2Цар	13	16	16	[]	Фамарь	added	по признакам		B: квадратные; C (линия 1882): курсив — слово для связности, которого нет в еврейском	
2Цар	13	16	16	[]	брат	lxx	по признакам		B: квадратные; в C (линия 1882, без вставок по греческому) нет	
2Цар	13	21	21	[]	но не опечалил духа Амнона, сына своего, ибо любил его, потому что он был первенец его	lxx	по признакам		B: квадратные; в C (линия 1882, без вставок по греческому) нет	
2Цар	13	27	27	[]	и сделал Авессалом пир, как царь делает пир	lxx	по признакам		B: квадратные; в C (линия 1882, без вставок по греческому) нет	
2Цар	13	32	32	[]	царь	lxx	по признакам		B: квадратные; в C (линия 1882, без вставок по греческому) нет	
2Цар	13	34	34	[]	И пришел страж, и возвестил царю, и сказал: я видел людей на дороге Оронской на скате горы.	lxx	по признакам		B: квадратные; в C (линия 1882, без вставок по греческому) нет	
2Цар	13	37	37	[]	в землю Хамаахадскую	lxx	по признакам		B: квадратные; в C (линия 1882, без вставок по греческому) нет	
2Цар	13	37	37	[]	царь	lxx	по признакам		B: квадратные; в C (линия 1882, без вставок по греческому) нет	
2Цар	14	4	4	[]	помоги	lxx	по признакам		B: квадратные; в C (линия 1882, без вставок по греческому) нет	
2Цар	14	5	5	[]	давно	lxx	по признакам		B: квадратные; в C (линия 1882, без вставок по греческому) нет	
2Цар	14	20	20	[]	царь	lxx	по признакам		B: квадратные; в C (линия 1882, без вставок по греческому) нет	
2Цар	14	21	21	[]	по слову твоему	added	по признакам		B: квадратные; C (линия 1882): курсив — слово для связности, которого нет в еврейском	
2Цар	14	27	27	[]	и сделалась женою Ровоама, сына Соломонова, и родила ему Авию	lxx	по признакам		B: квадратные; в C (линия 1882, без вставок по греческому) нет	
2Цар	14	30	30	[]	Авессалом	added	по признакам		B: квадратные; C (линия 1882): курсив — слово для связности, которого нет в еврейском	
2Цар	14	30	30	[]	И пришли слуги Иоава к нему, разодрав одежды свои, и сказали: слуги Авессалома выжгли участок твой огнем.	lxx	по признакам		B: квадратные; в C (линия 1882, без вставок по греческому) нет	
2Цар	14	33	33	[]	поклонился ему	lxx	по признакам		B: квадратные; в C (линия 1882, без вставок по греческому) нет	
2Цар	15	16	16	[]	своих	added	по признакам		B: квадратные; C (линия 1882): курсив — слово для связности, которого нет в еврейском	
2Цар	15	20	20	[]	да сотворит Господь	lxx	по признакам		B: квадратные; в C (линия 1882, без вставок по греческому) нет	
2Цар	15	20	20	[]	с тобою	added	по признакам		B: квадратные; C (линия 1882): курсив — слово для связности, которого нет в еврейском	
2Цар	15	23	23	[]	и царь	lxx	по признакам		B: квадратные; в C (линия 1882, без вставок по греческому) нет	
2Цар	15	24	24	[]	священник	lxx	по признакам		B: квадратные; в C (линия 1882, без вставок по греческому) нет	
2Цар	15	25	25	[]	и пусть он стоит на своем месте	lxx	по признакам		B: квадратные; в C (линия 1882, без вставок по греческому) нет	
2Цар	15	31	31	[]	Боже мой!	lxx	R10: вручную		B: квадратные; в C (линия 1882, без вставок по греческому) нет; в KJV нет	
2Цар	15	34	34	[]	прошли мимо братья твои, и царь отец твой прошел, и ныне	lxx	по признакам		B: квадратные; в C (линия 1882, без вставок по греческому) нет	
2Цар	15	34	34	[]	оставь меня в живых;	lxx	R10: вручную		B: квадратные; в C (линия 1882, без вставок по греческому) нет; в KJV нет	
2Цар	16	6	6	[]	царя	added	по признакам		B: квадратные; C (линия 1882): курсив — слово для связности, которого нет в еврейском	
2Цар	16	10	10	[]	оставьте его,	lxx	R10: вручную		B: квадратные; в C (линия 1882, без вставок по греческому) нет; в KJV нет	
2Цар	16	18	18	[]	я пойду вслед того,	lxx	по признакам		B: квадратные; в C (линия 1882, без вставок по греческому) нет	
2Цар	17	8	8	[]	и как вепрь свирепый на поле,	lxx	по признакам		B: квадратные; в C (линия 1882, без вставок по греческому) нет	
2Цар	17	28	28	[]	десять приготовленных	lxx	по признакам		B: квадратные; в C (линия 1882, без вставок по греческому) нет	
2Цар	17	28	28	[]	десять	lxx	по признакам		B: квадратные; в C (линия 1882, без вставок по греческому) нет	
2Цар	18	7	7	[]	человек	added	по признакам		B: квадратные; C (линия 1882): курсив — слово для связности, которого нет в еврейском	
2Цар	18	23	23	[]	И сказал Ахимаас:	added	по признакам		B: квадратные; C (линия 1882): курсив — слово для связности, которого нет в еврейском	
2Цар	18	23	23	[]	Иоав	added	по признакам		B: квадратные; C (линия 1882): курсив — слово для связности, которого нет в еврейском	
2Цар	18	29	29	[]	там	added	по признакам		B: квадратные; C (линия 1882): курсив — слово для связности, которого нет в еврейском	
2Цар	18	31	31	[]	вслед за ним	lxx	по признакам		B: квадратные; в C (линия 1882, без вставок по греческому) нет	
2Цар	18	31	31	[]	царю	lxx	по признакам		B: квадратные; в C (линия 1882, без вставок по греческому) нет	
2Цар	19	8	8	[]	к воротам	lxx	по признакам		B: квадратные; в C (линия 1882, без вставок по греческому) нет	
2Цар	19	9	9	[]	Давид	lxx	по признакам		B: квадратные; в C (линия 1882, без вставок по греческому) нет	
2Цар	19	9	9	[]	из царства своего	lxx	R10: вручную		B: квадратные; в C (линия 1882, без вставок по греческому) нет; в KJV нет	
2Цар	19	10	10	[]	И эти слова всего Израиля дошли до царя.	lxx	по признакам		B: квадратные; в C (линия 1882, без вставок по греческому) нет	
2Цар	19	17	17	[]	и приготовили для царя переправу чрез Иордан	lxx	по признакам		B: квадратные; в C (линия 1882, без вставок по греческому) нет	
2Цар	19	18	18	[]	на лице свое	lxx	R10: вручную		B: квадратные; в C (линия 1882, без вставок по греческому) нет; в KJV нет	
2Цар	19	24	24	[]	Ионафана, сына	lxx	совет: WLC, LXX, CSL		B: квадратные; C (линия 1882): курсив — слово для связности, которого нет в еврейском	вид R10 «в» → lxx; § 8.5, § 9 п. 4: «в» → «а», LXX υἱὸς Ιωναθαν
2Цар	19	24	24	[]	не обрезывал ногтей,	lxx	по признакам		B: квадратные; в C (линия 1882, без вставок по греческому) нет	
2Цар	19	37	37	[]	сын мой	lxx	совет: WLC, LXX, CSL		B: квадратные; C (линия 1882): курсив — слово для связности, которого нет в еврейском	вид R10 «в» → lxx; § 8.4: «в» → по славянскому (нет в WLC и LXX, есть в CSL): CSL «сын мой Хамаам»; родство — только «толк.»
2Цар	19	42	42	[]	Или от податей освободил он нас?	lxx	по признакам		B: квадратные; в C (линия 1882, без вставок по греческому) нет	
2Цар	19	43	43	[]	мы первенец, а не вы;	lxx	по признакам		B: квадратные; в C (линия 1882, без вставок по греческому) нет	
2Цар	20	12	12	[]	мертвый	lxx	по признакам		B: квадратные; в C (линия 1882, без вставок по греческому) нет	
2Цар	20	14	14	[]	все жители городов	lxx	по признакам		B: квадратные; в C (линия 1882, без вставок по греческому) нет	
2Цар	20	18	18	[]	Остались ли такие, которые положили пребыть верными Израильтянами? Пусть спросят в Авеле: остались ли?	lxx	по признакам		B: квадратные; в C (линия 1882, без вставок по греческому) нет	
2Цар	20	19	19	[]	городов	added	по признакам		B: квадратные; C (линия 1882): курсив — слово для связности, которого нет в еврейском	
2Цар	20	22	22	[]	и говорила ко всему городу, чтобы отсекли голову Савею, сыну Бихри	lxx	по признакам		B: квадратные; в C (линия 1882, без вставок по греческому) нет	
2Цар	20	22	22	[]	Иоав	added	по признакам		B: квадратные; C (линия 1882): курсив — слово для связности, которого нет в еврейском	
2Цар	20	22	22	[]	люди	added	по признакам		B: квадратные; C (линия 1882): курсив — слово для связности, которого нет в еврейском	
2Цар	21	6	6	[]	на солнце	lxx	по признакам		B: квадратные; в C (линия 1882, без вставок по греческому) нет	
2Цар	21	9	9	[]	на солнце	lxx	по признакам		B: квадратные; в C (линия 1882, без вставок по греческому) нет	
2Цар	21	11	11	[]	И истлели они; и взял их Дан, сын Иои, из потомков исполинов.	lxx	по признакам		B: квадратные; в C (линия 1882, без вставок по греческому) нет	
2Цар	21	13	13	[]	на солнце	lxx	по признакам		B: квадратные; в C (линия 1882, без вставок по греческому) нет	
2Цар	21	14	14	[]	и кости повешенных на солнце	lxx	по признакам		B: квадратные; в C (линия 1882, без вставок по греческому) нет	
2Цар	21	17	17	[]	и спас Давида Авесса	lxx	по признакам		B: квадратные; в C (линия 1882, без вставок по греческому) нет	
2Цар	22	7	7	[]	святого	lxx	по признакам		B: квадратные; в C (линия 1882, без вставок по греческому) нет	
2Цар	22	8	8	[]	на них Господь	added	по признакам		B: квадратные; C (линия 1882): курсив — слово для связности, которого нет в еврейском	
2Цар	22	15	15	[]	блеснул	added	по признакам		B: квадратные; C (линия 1882): курсив — слово для связности, которого нет в еврейском	
2Цар	23	24	24	[]	Вот имена сильных царя Давида:	lxx	по признакам		B: квадратные; в C (линия 1882, без вставок по греческому) нет	
2Цар	24	2	2	[]	и Иудиным	lxx	по признакам		B: квадратные; в C (линия 1882, без вставок по греческому) нет	
2Цар	24	14	14	[]	И избрал себе Давид моровую язву во время жатвы пшеницы.	lxx	по признакам		B: квадратные; в C (линия 1882, без вставок по греческому) нет	
2Цар	24	15	15	[]	и началась язва в народе	lxx	по признакам		B: квадратные; в C (линия 1882, без вставок по греческому) нет	
2Цар	24	16	16	[]	Божий	lxx	по признакам		B: квадратные; в C (линия 1882, без вставок по греческому) нет	
2Цар	24	17	17	[]	пастырь	lxx	по признакам		B: квадратные; в C (линия 1882, без вставок по греческому) нет	
2Цар	24	19	19	[]	пророка	lxx	по признакам		B: квадратные; в C (линия 1882, без вставок по греческому) нет	
2Цар	24	25	25	[]	После Соломон распространил жертвенник, потому что он мал был.	lxx	R10: вручную		B: квадратные; в C (линия 1882, без вставок по греческому) нет; в KJV нет	
3Цар	1	48	48	[]	от семени моего	lxx	по признакам		B: квадратные; в C (линия 1882, без вставок по греческому) нет	
3Цар	2	13	13	[]	и поклонился ей	lxx	по признакам		B: квадратные; в C (линия 1882, без вставок по греческому) нет	
3Цар	2	22	22	[]	военачальник, друг	lxx	по признакам		B: квадратные; в C (линия 1882, без вставок по греческому) нет	
3Цар	2	29	29	[]	и похорони его	lxx	R10: вручную		B: квадратные; в C (линия 1882, без вставок по греческому) нет; в KJV нет	
3Цар	2	35	35	[]	управление же царством было в Иерусалиме,	lxx	по признакам		B: квадратные; в C (линия 1882, без вставок по греческому) нет	
3Цар	2	35	35	[]	первосвященником	lxx	по признакам		B: квадратные; в C (линия 1882, без вставок по греческому) нет	
3Цар	2	35	35	[]	И дал Господь Соломону разум и мудрость весьма великую и обширный ум, как песок при море. И Соломон имел разум выше разума всех сынов востока и всех мудрых Египтян. И взял за себя дочь фараона и ввел ее в город Давидов, доколе не построил дома своего и, во-первых, дома Господня и стены вокруг Иерусалима; в семь лет окончил он строение. И было у Соломона семьдесят тысяч человек, носящих тяжести, и восемьдесят тысяч каменосеков в горах. И сделал Соломон море и подпоры, и большие бани и столбы, и источник на дворе и медное море, и построил замок и укрепления его, и разделил город Давидов. Тогда дочь фараона перешла из города Давидова в дом свой, который он построил ей; тогда построил Соломон стену вокруг города. И приносил Соломон три раза в год всесожжения и мирные жертвы на жертвеннике, который он устроил Господу, и курение совершал на нем пред Господом, и окончил строение дома. Главных приставников над работами Соломоновыми было три тысячи шестьсот, которые управляли народом, производившим работы. И построил он Ассур, и Магдон, и Газер, и Вефорон вышний и Валалаф; но эти города он построил после построения дома Господня и стены вокруг Иерусалима. И еще при жизни Давид завещал Соломону, говоря: вот у тебя Семей, сын Геры, сына Иеминиина из Бахурима; он злословил меня тяжким злословием, как я шел в Маханаим; но он вышел навстречу мне у Иордана, и я поклялся ему Господом, говоря: "я не умерщвлю тебя мечом". Ты же не оставь его безнаказанным, ибо ты человек мудрый и знаешь, что тебе сделать с ним, чтобы низвести седину его в крови в преисподнюю.	lxx	по признакам		B: квадратные; в C (линия 1882, без вставок по греческому) нет	
3Цар	3	1	1	[]	Когда утвердилось царство в руках Соломона,	lxx	по признакам		B: квадратные; в C (линия 1882, без вставок по греческому) нет	
3Цар	3	15	15	[]	пред жертвенником	lxx	по признакам		B: квадратные; в C (линия 1882, без вставок по греческому) нет	
3Цар	5	18	18	[]	три года	lxx	по признакам		B: квадратные; в C (линия 1882, без вставок по греческому) нет	
3Цар	6	37	37	[]	в месяц второй,	lxx	R10: вручную		B: квадратные; в C (линия 1882, без вставок по греческому) нет; в KJV нет	
3Цар	8	16	16	[]	но избрал Иерусалим для пребывания в нем имени Моего	lxx	по признакам		B: квадратные; в C (линия 1882, без вставок по греческому) нет	
3Цар	8	27	27	[]	имени Твоему	lxx	по признакам		B: квадратные; в C (линия 1882, без вставок по греческому) нет	
3Цар	8	52	52	[]	уши Твои и	lxx	по признакам		B: квадратные; в C (линия 1882, без вставок по греческому) нет	
3Цар	8	56	56	[]	Бог	lxx	по признакам		B: квадратные; в C (линия 1882, без вставок по греческому) нет	
3Цар	8	59	59	[]	ныне	lxx	по признакам		B: квадратные; в C (линия 1882, без вставок по греческому) нет	
3Цар	8	65	65	[]	и ели, и пили, и молились пред Господом Богом нашим у построенного храма	lxx	по признакам		B: квадратные; в C (линия 1882, без вставок по греческому) нет	
3Цар	9	3	3	[]	сделал все по молитве твоей	lxx	по признакам		B: квадратные; в C (линия 1882, без вставок по греческому) нет	
3Цар	9	20	20	[]	Хананеев,	lxx	по признакам		B: квадратные; в C (линия 1882, без вставок по греческому) нет	
3Цар	9	20	20	[]	Гергесеев	lxx	по признакам		B: квадратные; в C (линия 1882, без вставок по греческому) нет	
3Цар	10	24	24	[]	цари	added	по признакам		B: квадратные; C (линия 1882): курсив — слово для связности, которого нет в еврейском	
3Цар	10	26	26	[]	И господствовал он над всеми морями от реки до земли Филистимской и до пределов Египта.	lxx	по признакам		B: квадратные; в C (линия 1882, без вставок по греческому) нет	
3Цар	11	10	10	[]	Бог	lxx	по признакам		B: квадратные; в C (линия 1882, без вставок по греческому) нет	
3Цар	11	18	18	[]	Адер вошел к фараону, и	lxx	по признакам		B: квадратные; в C (линия 1882, без вставок по греческому) нет	
3Цар	11	22	22	[]	И возвратился Адер в землю свою.	lxx	по признакам		B: квадратные; в C (линия 1882, без вставок по греческому) нет	
3Цар	12	3	3	[]	царю	lxx	по признакам		B: квадратные; в C (линия 1882, без вставок по греческому) нет	
3Цар	12	20	20	[]	из Египта	lxx	совет: WLC, LXX, CSL		B: квадратные; в C (линия 1882, без вставок по греческому) нет	§ 8.3: выборка «а» подтверждена
3Цар	12	20	20	[]	и Вениаминова	lxx	совет: WLC, LXX, CSL		B: квадратные; C (линия 1882): курсив — слово для связности, которого нет в еврейском	вид R10 «в» → lxx; § 8.5, § 9 п. 4: «в» → «а», LXX καὶ Βενιαμιν
3Цар	12	28	28	[]	народу	added	по признакам		B: квадратные; C (линия 1882): курсив — слово для связности, которого нет в еврейском	
3Цар	12	30	30	[]	и оставили храм Господень	lxx	по признакам		B: квадратные; в C (линия 1882, без вставок по греческому) нет	
3Цар	13	6	6	[]	Иеровоам	lxx	по признакам		B: квадратные; в C (линия 1882, без вставок по греческому) нет	
3Цар	14	3	3	[]	для человека Божия	lxx	по признакам		B: квадратные; в C (линия 1882, без вставок по греческому) нет	
3Цар	14	16	16	[]	Господь	added	по признакам		B: квадратные; C (линия 1882): курсив — слово для связности, которого нет в еврейском	
3Цар	14	26	26	[]	и золотые щиты, которые взял Давид от рабов Адраазара, царя Сувского, и внес в Иерусалим	lxx	R10: вручную		B: квадратные; в C (линия 1882, без вставок по греческому) нет; в KJV нет	
3Цар	16	33	33	[]	и погубил душу свою	lxx	по признакам		B: квадратные; в C (линия 1882, без вставок по греческому) нет	
3Цар	17	1	1	[]	пророк	lxx	по признакам		B: квадратные; в C (линия 1882, без вставок по греческому) нет	
3Цар	18	22	22	[]	и четыреста пророков дубравных	lxx	R10: вручную		B: квадратные; в C (линия 1882, без вставок по греческому) нет; в KJV нет	
3Цар	18	24	24	[]	пусть будет так	lxx	по признакам		B: квадратные; в C (линия 1882, без вставок по греческому) нет	
3Цар	18	29	29	[]	И сказал Илия Фесвитянин пророкам Вааловым: теперь отойдите, чтоб и я совершил мое жертвоприношение. Они отошли и умолкли.	lxx	по признакам		B: квадратные; в C (линия 1882, без вставок по греческому) нет	
3Цар	18	33	33	[]	на жертвенник	lxx	по признакам		B: квадратные; в C (линия 1882, без вставок по греческому) нет	
3Цар	18	34	34	[]	И сделали так.	lxx	по признакам		B: квадратные; в C (линия 1882, без вставок по греческому) нет	
3Цар	18	36	36	[]	и воззвал на небо	lxx	R10: вручную		B: квадратные; в C (линия 1882, без вставок по греческому) нет; в KJV нет	
3Цар	18	36	36	[]	Услышь меня, Господи, услышь меня ныне в огне!	lxx	R10: вручную		B: квадратные; в C (линия 1882, без вставок по греческому) нет; в KJV нет	
3Цар	18	36	36	[]	люди сии	lxx	по признакам		B: квадратные; в C (линия 1882, без вставок по греческому) нет	
3Цар	18	37	37	[]	к Тебе	added	совет: WLC, LXX, CSL		B: квадратные; C (линия 1882): курсив — слово для связности, которого нет в еврейском	§ 8.4: «в» подтверждено: LXX ὀπίσω; CSL «вслед Тебе»
3Цар	18	44	44	[]	колесницу твою	added	по признакам		B: квадратные; C (линия 1882): курсив — слово для связности, которого нет в еврейском	
3Цар	18	45	45	[]	заплакал	lxx	совет: WLC, LXX, CSL		B: квадратные; в C (линия 1882, без вставок по греческому) нет	§ 8.3: выборка «а» подтверждена
3Цар	19	2	2	[]	если ты Илия, а я Иезавель, то	lxx	по признакам		B: квадратные; в C (линия 1882, без вставок по греческому) нет	
3Цар	19	5	5	[]	и пей	lxx	по признакам		B: квадратные; в C (линия 1882, без вставок по греческому) нет	
3Цар	19	7	7	[]	и пей	lxx	по признакам		B: квадратные; в C (линия 1882, без вставок по греческому) нет	
3Цар	19	12	12	[]	и там Господь	lxx	R10: вручную		B: квадратные; в C (линия 1882, без вставок по греческому) нет; в KJV нет	
3Цар	19	18	18	[]	мужей	added	по признакам		B: квадратные; C (линия 1882): курсив — слово для связности, которого нет в еврейском	
3Цар	19	19	19	[]	волов	added	по признакам		B: квадратные; C (линия 1882): курсив — слово для связности, которого нет в еврейском	
3Цар	19	20	20	[]	Елисей	added	по признакам		B: квадратные; C (линия 1882): курсив — слово для связности, которого нет в еврейском	
3Цар	20	14	14	[]	Ахав	lxx	совет: WLC, LXX, CSL		B: квадратные; C (линия 1882): курсив — слово для связности, которого нет в еврейском	вид R10 «в» → lxx; § 8.4: «в» → «а»: LXX καὶ εἶπεν Αχααβ
3Цар	20	15	15	[]	Ахав	added	по признакам		B: квадратные; C (линия 1882): курсив — слово для связности, которого нет в еврейском	
3Цар	20	23	23	[]	а не Бог долин,	lxx	R10: вручную		B: квадратные; в C (линия 1882, без вставок по греческому) нет; в KJV нет	
3Цар	21	4	4	[]	в смущенном духе	lxx	R10: вручную		B: квадратные; в C (линия 1882, без вставок по греческому) нет; в KJV нет	
3Цар	21	6	6	[]	наследства отцов моих	lxx	по признакам		B: квадратные; в C (линия 1882, без вставок по греческому) нет	
3Цар	21	16	16	[]	Изреелитянин	lxx	R10: вручную		B: квадратные; в C (линия 1882, без вставок по греческому) нет; в KJV нет	
3Цар	21	16	16	[]	разодрал одежды свои и надел на себя вретище, а потом	lxx	по признакам		B: квадратные; в C (линия 1882, без вставок по греческому) нет	
3Цар	21	20	20	[]	и раздражать Его	lxx	R10: вручную		B: квадратные; в C (линия 1882, без вставок по греческому) нет; в KJV нет	
3Цар	21	21	21	[]	Так говорит Господь:	added	по признакам		B: квадратные; C (линия 1882): курсив — слово для связности, которого нет в еврейском	
3Цар	21	27	27	[]	умилился пред Господом, ходил и плакал,	lxx	по признакам		B: квадратные; в C (линия 1882, без вставок по греческому) нет	
3Цар	21	28	28	[]	об Ахаве	lxx	по признакам		B: квадратные; в C (линия 1882, без вставок по греческому) нет	
3Цар	22	19	19	[]	Михей	added	по признакам		B: квадратные; C (линия 1882): курсив — слово для связности, которого нет в еврейском	
3Цар	22	19	19	[]	не так; не я, а	lxx	по признакам		B: квадратные; в C (линия 1882, без вставок по греческому) нет	
3Цар	22	48	48	[]	Царь	lxx	по признакам		B: квадратные; в C (линия 1882, без вставок по греческому) нет	
3Цар	22	51	51	[]	в Самарии	lxx	по признакам		B: квадратные; в C (линия 1882, без вставок по греческому) нет	
4Цар	1	2	2	[]	И пошли они спрашивать.	lxx	по признакам		B: квадратные; в C (линия 1882, без вставок по греческому) нет	
4Цар	1	4	4	[]	и сказал им	lxx	по признакам		B: квадратные; в C (линия 1882, без вставок по греческому) нет	
4Цар	1	17	17	[]	брат Охозии	lxx	по признакам		B: квадратные; в C (линия 1882, без вставок по греческому) нет	
4Цар	4	41	41	[]	Гиезию	added	по признакам		B: квадратные; C (линия 1882): курсив — слово для связности, которого нет в еврейском	
4Цар	5	5	5	[]	Нееману	added	по признакам		B: квадратные; C (линия 1882): курсив — слово для связности, которого нет в еврейском	
4Цар	6	32	32	[]	царь	added	по признакам		B: квадратные; C (линия 1882): курсив — слово для связности, которого нет в еврейском	
4Цар	7	13	13	[]	из всего ополчения Израильтян только и осталось в нем, из всего ополчения Израильтян, которое погибло	gloss	совет: WLC		C: круглые скобки; есть в еврейском тексте (проверено по KJV — переводу с еврейского)	§ 8.1: слова есть в WLC
4Цар	8	13	13	[]	мертвый	lxx	по признакам		B: квадратные; в C (линия 1882, без вставок по греческому) нет	
4Цар	9	15	15	[]	со мною	lxx	по признакам		B: квадратные; в C (линия 1882, без вставок по греческому) нет	
4Цар	9	16	16	[]	царь Израильский, для лечения ран, которые причинили ему Сирияне в Рамофе, когда он воевал с Азаилом, царем Сирийским, сильным и могущественным	lxx	по признакам		B: квадратные; в C (линия 1882, без вставок по греческому) нет	
4Цар	10	6	6	[]	Царских же сыновей было семьдесят человек; воспитывали их знатнейшие в городе.	gloss	совет: WLC		C: круглые скобки; есть в еврейском тексте (проверено по KJV — переводу с еврейского)	§ 8.1: слова есть в WLC
4Цар	13	18	18	[]	Елисей	added	по признакам		B: квадратные; C (линия 1882): курсив — слово для связности, которого нет в еврейском	
4Цар	15	19	19	[]	Израилеву	added	по признакам		B: квадратные; C (линия 1882): курсив — слово для связности, которого нет в еврейском	
4Цар	19	16	16	[]	меня	lxx	по признакам		B: квадратные; в C (линия 1882, без вставок по греческому) нет	
4Цар	19	16	16	[]	Тебя,	lxx	по признакам		B: квадратные; в C (линия 1882, без вставок по греческому) нет	
4Цар	19	29	29	[]	Езекия,	added	по признакам		B: квадратные; C (линия 1882): курсив — слово для связности, которого нет в еврейском	
4Цар	20	2	2	[]	Езекия	added	по признакам		B: квадратные; C (линия 1882): курсив — слово для связности, которого нет в еврейском	
4Цар	23	16	16	[]	когда Иеровоам, во время праздника, стоял пред жертвенником. Потом, обратившись, увидел могилу человека Божия, предрекшего сии события,	lxx	по признакам		B: квадратные; в C (линия 1882, без вставок по греческому) нет	
4Цар	23	33	33	[]	сто	lxx	по признакам		B: квадратные; в C (линия 1882, без вставок по греческому) нет	
1Пар	1	5	5	[]	Елиса,	lxx	по признакам		B: квадратные; в C (линия 1882, без вставок по греческому) нет	
1Пар	1	17	17	[]	Сыновья Арама:	lxx	по признакам		B: квадратные; в C (линия 1882, без вставок по греческому) нет	
1Пар	1	18	18	[]	родил Каинана, Каинан же	lxx	по признакам		B: квадратные; в C (линия 1882, без вставок по греческому) нет	
1Пар	1	24	24	[]	Сыновья же	lxx	по признакам		B: квадратные; в C (линия 1882, без вставок по греческому) нет	
1Пар	1	24	24	[]	Каинан,	lxx	по признакам		B: квадратные; в C (линия 1882, без вставок по греческому) нет	
1Пар	1	32	32	[]	Сыновья Дедановы: Рагуил, Навдеил, Ассуриим, Астусиим и Асомин.	lxx	R10: вручную		B: квадратные; в C (линия 1882, без вставок по греческому) нет; в KJV нет	
1Пар	1	36	36	[]	Фимна же, наложница Елифазова, родила ему	lxx	по признакам		B: квадратные; в C (линия 1882, без вставок по греческому) нет	
1Пар	1	41	41	[]	и Оливема дочь Аны	lxx	R10: вручную		B: квадратные; в C (линия 1882, без вставок по греческому) нет; в KJV нет	
1Пар	2	19	19	[]	жену	lxx	по признакам		B: квадратные; в C (линия 1882, без вставок по греческому) нет	
1Пар	2	35	35	[]	рабу своему	gloss	совет: WLC		C: без скобок; есть в еврейском тексте (проверено по KJV — переводу с еврейского)	§ 8.1: слова есть в WLC
1Пар	4	12	12	[]	брата Селома Кенезиина и Ахазова	lxx	по признакам		B: квадратные; в C (линия 1882, без вставок по греческому) нет	
1Пар	6	27	27	[]	Самуил, сын его	lxx	R10: вручную		B: квадратные; C: без пометы; в KJV нет	
1Пар	8	29	29	[]	Иеил,	lxx	по признакам		B: квадратные; в C (линия 1882, без вставок по греческому) нет	
1Пар	8	30	30	[]	Нер,	lxx	по признакам		B: квадратные; в C (линия 1882, без вставок по греческому) нет	
1Пар	9	41	41	[]	и Ахаз	lxx	совет: WLC, LXX, CSL		B: квадратные; C (линия 1882): курсив — слово для связности, которого нет в еврейском	вид R10 «в» → lxx; § 8.4: «в» → по славянскому (нет в WLC и LXX, есть в CSL): CSL «и Хааз»; Ахаз — в основном тексте 1Пар 8:35; 9:42
1Пар	13	2	2	[]	Давид	added	по признакам		B: квадратные; C (линия 1882): курсив — слово для связности, которого нет в еврейском	
1Пар	16	27	27	[]	святом	lxx	по признакам		B: квадратные; в C (линия 1882, без вставок по греческому) нет	
1Пар	26	7	7	[]	и Иеваком	lxx	совет: WLC, LXX, CSL		B: квадратные; в C (линия 1882, без вставок по греческому) нет	§ 8.3: выборка «а» подтверждена
2Пар	2	13	13	[]	тебе	added	по признакам		B: квадратные; C (линия 1882): курсив — слово для связности, которого нет в еврейском	
2Пар	3	7	7	[]	и окна	lxx	по признакам		B: квадратные; в C (линия 1882, без вставок по греческому) нет	
2Пар	3	9	9	[]	в каждом гвозде	lxx	R10: вручную		B: квадратные; в C (линия 1882, без вставок по греческому) нет; в KJV нет	
2Пар	4	11	11	[]	и кадильницы, и все жертвенные сосуды	lxx	по признакам		B: квадратные; в C (линия 1882, без вставок по греческому) нет	
2Пар	6	2	2	[]	Святый,	lxx	по признакам		B: квадратные; в C (линия 1882, без вставок по греческому) нет	
2Пар	6	16	16	[]	муж,	added	по признакам		B: квадратные; C (линия 1882): курсив — слово для связности, которого нет в еврейском	
2Пар	7	18	18	[]	муж,	added	по признакам		B: квадратные; C (линия 1882): курсив — слово для связности, которого нет в еврейском	
2Пар	9	19	19	[]	престола	added	по признакам		B: квадратные; C (линия 1882): курсив — слово для связности, которого нет в еврейском	
2Пар	9	27	27	[]	золото и	lxx	по признакам		B: квадратные; в C (линия 1882, без вставок по греческому) нет	
2Пар	10	7	7	[]	ныне	lxx	по признакам		B: квадратные; в C (линия 1882, без вставок по греческому) нет	
2Пар	10	11	11	[]	буду бить вас	added	по признакам		B: квадратные; C (линия 1882): курсив — слово для связности, которого нет в еврейском	
2Пар	10	14	14	[]	буду бить вас	lxx	совет: WLC, LXX, CSL		B: квадратные; C (линия 1882): курсив — слово для связности, которого нет в еврейском	вид R10 «в» → lxx; § 8.4: «в» → «а»: LXX παιδεύσω ὑμᾶς
2Пар	11	22	22	[]	и	added	по признакам		B: квадратные; C (линия 1882): курсив — слово для связности, которого нет в еврейском	
2Пар	13	5	5	[]	вечному	lxx	совет: WLC, LXX, CSL		B: квадратные; в C (линия 1882, без вставок по греческому) нет	§ 8.3: выборка «а» подтверждена
2Пар	14	4	4	[]	Его	added	по признакам		B: квадратные; C (линия 1882): курсив — слово для связности, которого нет в еврейском	
2Пар	15	8	8	[]	Азарии	lxx	по признакам		B: квадратные; в C (линия 1882, без вставок по греческому) нет	
2Пар	19	3	3	[]	Иудейской	added	по признакам		B: квадратные; C (линия 1882): курсив — слово для связности, которого нет в еврейском	
2Пар	21	9	9	[]	и побежал народ в жилища свои	lxx	R10: вручную		B: квадратные; в C (линия 1882, без вставок по греческому) нет; в KJV нет	
2Пар	22	9	9	[]	велел	added	по признакам		B: квадратные; C (линия 1882): курсив — слово для связности, которого нет в еврейском	
2Пар	23	14	14	[]	из храма	lxx	по признакам		B: квадратные; в C (линия 1882, без вставок по греческому) нет	
2Пар	23	18	18	[]	и восстановил дневные череды священников и левитов,	lxx	R10: вручную		B: квадратные; в C (линия 1882, без вставок по греческому) нет; в KJV нет	
2Пар	24	21	21	[]	Иоаса	lxx	по признакам		B: квадратные; в C (линия 1882, без вставок по греческому) нет	
2Пар	26	18	18	[]	будет	added	по признакам		B: квадратные; C (линия 1882): курсив — слово для связности, которого нет в еврейском	
2Пар	28	6	6	[]	царь Израильский,	lxx	по признакам		B: квадратные; в C (линия 1882, без вставок по греческому) нет	
2Пар	28	13	13	[]	Господня	added	по признакам		B: квадратные; C (линия 1882): курсив — слово для связности, которого нет в еврейском	
2Пар	29	9	9	[]	в земле не своей	lxx	по признакам		B: квадратные; в C (линия 1882, без вставок по греческому) нет	
2Пар	30	9	9	[]	будут	added	по признакам		B: квадратные; C (линия 1882): курсив — слово для связности, которого нет в еврейском	
2Пар	30	14	14	[]	идолам	added	по признакам		B: квадратные; C (линия 1882): курсив — слово для связности, которого нет в еврейском	
2Пар	30	16	16	[]	принимая ее	added	по признакам		B: квадратные; C (линия 1882): курсив — слово для связности, которого нет в еврейском	
2Пар	32	4	4	[]	и да не укрепятся	lxx	R10: вручную		B: квадратные; в C (линия 1882, без вставок по греческому) нет; в KJV нет	
2Пар	35	8	8	[]	овец, агнцев и козлов	added	по признакам		B: квадратные; C (линия 1882): курсив — слово для связности, которого нет в еврейском	
2Пар	35	9	9	[]	овец	added	по признакам		B: квадратные; C (линия 1882): курсив — слово для связности, которого нет в еврейском	
2Пар	35	20	20	[]	и как сжег огнем царь Иосия и чревовещателей, и волхвов, и капища, и идолов, и дубравы, бывшие в Иерусалиме и Иудее, чтобы утвердить слова закона, написанные в книге, которую нашел Хелкия священник в доме Господнем, не было подобного ему прежде него, кто обратился бы к Господу всем сердцем своим, и всею душею своею, и всею крепостию своею, по всему закону Моисееву; не восстал и после него подобный ему. Однако же не отвратился Господь от великой ярости гнева Своего, — ярости, которою разгневался Господь на Иудею за все оскорбления, которыми прогневал Манассия. И сказал Господь: и Иуду отвергну от лица Моего, как отверг дом Израилев, и отвергну город Иерусалим, который избрал, и храм, о котором сказал: будет там имя Мое,	lxx	по признакам		B: квадратные; в C (линия 1882, без вставок по греческому) нет	
2Пар	36	1	1	[]	и помазали его	lxx	по признакам		B: квадратные; в C (линия 1882, без вставок по греческому) нет	
2Пар	36	2	2	[]	Имя матери его — Амитал, дочь Иеремии из Ловны. И сделал он лукавое пред Господом по всему, что сделали отцы его. И оковал его фараон Нехао в Девлафе, в земле Емафской, чтобы не царствовать ему в Иерусалиме.	lxx	по признакам		B: квадратные; в C (линия 1882, без вставок по греческому) нет	
2Пар	36	3	3	[]	и привел его царь в Египет	lxx	по признакам		B: квадратные; в C (линия 1882, без вставок по греческому) нет	
2Пар	36	4	4	[]	и он умер там. И серебро и золото давал фараону: тогда земля начала давать серебро по слову фараона, и каждый, по власти, требовал серебра и золота от народа земли для дани фараону Нехао	lxx	по признакам		B: квадратные; в C (линия 1882, без вставок по греческому) нет	
2Пар	36	5	5	[]	имя матери его Зехора, дочь Нириева из Рамы	lxx	R10: вручную		B: квадратные; в C (линия 1882, без вставок по греческому) нет; в KJV нет	
2Пар	36	5	5	[]	по всему, что делали отцы его. Во дни его пришел Навуходоносор, царь Вавилонский, на землю, и он служил ему три года и отступил от него. И послал Господь на них Халдеев и разбойников Сирских, и разбойников Моавитских, и сынов Аммоновых и Самарийских, и отступили по слову сему, — по слову Господа устами рабов Его, пророков. Впрочем гнев Господа был на Иуде, чтоб отвергнуть его от лица Его, за все грехи Манассии, которые он сделал, и за кровь неповинную, которую пролил Иоаким и наполнил Иерусалим неповинною кровью. Но не восхотел Господь искоренить их	lxx	по признакам		B: квадратные; в C (линия 1882, без вставок по греческому) нет	
2Пар	36	8	8	[]	И почил Иоаким с отцами своими, и погребен был в Ганозане с отцами своими.	lxx	совет: WLC, LXX, CSL		B: квадратные; в C (линия 1882, без вставок по греческому) нет	§ 8.3: выборка «а» подтверждена
2Пар	36	17	17	[]	ни Седекии,	lxx	по признакам		B: квадратные; в C (линия 1882, без вставок по греческому) нет	
2Пар	36	23	23	[]	да будет	added	по признакам		B: квадратные; C (линия 1882): курсив — слово для связности, которого нет в еврейском	
Езд	2	6	6	[]	и	added	совет: WLC, LXX, CSL		B: квадратные; C (линия 1882): курсив — слово для связности, которого нет в еврейском	§ 8.4: «в» подтверждено: служебное
Езд	4	10	10	[]	Сеннахирим	lxx	по признакам		B: квадратные; в C (линия 1882, без вставок по греческому) нет	
Езд	7	23	23	[]	смотрите, чтобы кто не простер руки на дом Бога небесного,	lxx	по признакам		B: квадратные; в C (линия 1882, без вставок по греческому) нет	
Езд	8	5	5	[]	Зафоя	lxx	по признакам		B: квадратные; в C (линия 1882, без вставок по греческому) нет	
Езд	8	10	10	[]	Ваания	lxx	по признакам		B: квадратные; в C (линия 1882, без вставок по греческому) нет	
Неем	9	6	6	[]	И сказал Ездра:	lxx	по признакам		B: квадратные; в C (линия 1882, без вставок по греческому) нет	
Неем	9	8	8	[]	ему и	lxx	по признакам		B: квадратные; в C (линия 1882, без вставок по греческому) нет	
Есф	1	1	1	[]	Во второй год царствования Артаксеркса великого, в первый день месяца Нисана, сон видел Мардохей, сын Иаиров, Семеев, Кисеев, из колена Вениаминова, Иудеянин, живший в городе Сузах, человек великий, служивший при царском дворце. Он был из пленников, которых Навуходоносор, царь Вавилонский, взял в плен из Иерусалима с Иехониею, царем Иудейским. Сон же его такой: вот ужасный шум, гром и землетрясение и смятение на земле; и вот, вышли два больших змея, готовые драться друг с другом; и велик был вой их, и по вою их все народы приготовились к войне, чтобы поразить народ праведных; и вот — день тьмы и мрака, скорбь и стеснение, страдание и смятение великое на земле; и смутился весь народ праведных, опасаясь бед себе, и приготовились они погибнуть и стали взывать к Господу; от вопля их произошла, как бы от малого источника, великая река с множеством воды; и воссиял свет и солнце, и вознеслись смиренные и истребили тщеславных. — Мардохей, пробудившись после этого сновидения, изображавшего, что Бог хотел совершить, содержал этот сон в сердце и желал уразуметь его во всех частях его, до ночи. И пребывал Мардохей во дворце вместе с Гавафою и Фаррою, двумя царскими евнухами, оберегавшими дворец, и услышал разговоры их и разведал замыслы их и узнал, что они готовятся наложить руки на царя Артаксеркса, и донес о них царю; а царь пытал этих двух евнухов, и, когда они сознались, были казнены. Царь записал это событие на память, и Мардохей записал об этом событии. И приказал царь Мардохею служить во дворце и дал ему подарки за это. При царе же был тогда знатен Аман, сын Амадафов, Вугеянин, и старался он причинить зло Мардохею и народу его за двух евнухов царских.	lxx	по признакам		B: квадратные; в C (линия 1882, без вставок по греческому) нет	
Есф	1	1	1	[]	после сего	lxx	по признакам		надписание/слово есть только у нас; в B нет, в C нет	
Есф	2	3	3	[]	и прочее, что нужно	lxx	по признакам		B: квадратные; в C (линия 1882, без вставок по греческому) нет	
Есф	2	21	21	[]	за то, что предпочтен был Мардохей	lxx	по признакам		B: квадратные; в C (линия 1882, без вставок по греческому) нет	
Есф	3	7	7	[]	И сделал совет	lxx	по признакам		B: квадратные; в C (линия 1882, без вставок по греческому) нет	
Есф	3	7	7	[]	чтобы в один день погубить народ Мардохеев, и пал жребий	lxx	по признакам		B: квадратные; в C (линия 1882, без вставок по греческому) нет	
Есф	3	12	12	[]	от области Индийской до Ефиопии, над ста двадцатью семью областями	lxx	по признакам		B: квадратные; в C (линия 1882, без вставок по греческому) нет	
Есф	3	13	13	[]	Вот список с этого письма: великий царь Артаксеркс начальствующим от Индии до Ефиопии над ста двадцатью семью областями и подчиненным им наместникам. Царствуя над многими народами и властвуя над всею вселенною, я хотел, не превозносясь гордостью власти, но управляя всегда кротко и тихо, сделать жизнь подданных постоянно безмятежною и, соблюдая царство свое мирным и удобопроходимым до пределов его, восстановить желаемый для всех людей мир. Когда же я спросил советников, каким бы образом привести это в исполнение, то отличающийся у нас мудростью и пользующийся неизменным благоволением, и доказавший твердую верность, и получивший вторую честь по царе, Аман объяснил нам, что во всех племенах вселенной замешался один враждебный народ, по законам своим противный всякому народу, постоянно пренебрегающий царскими повелениями, дабы не благоустроялось безукоризненно совершаемое нами соуправление. Итак, узнав, что один только этот народ всегда противится всякому человеку, ведет образ жизни, чуждый законам, и, противясь нашим действиям, совершает величайшие злодеяния, чтобы царство наше не достигло благосостояния, мы повелели указанных вам в грамотах Амана, поставленного над делами и второго отца нашего, всех с женами и детьми всецело истребить вражескими мечами, без всякого сожаления и пощады, в тринадцатый день двенадцатого месяца Адара настоящего года, чтобы эти и прежде и теперь враждебные люди, быв в один день насильно низвергнуты в преисподнюю, не препятствовали нам в последующее время проводить жизнь мирно и безмятежно до конца.	lxx	по признакам		B: квадратные; в C (линия 1882, без вставок по греческому) нет	
Есф	4	1	1	[]	истребляется народ ни в чем не повинный!	lxx	по признакам		B: квадратные; в C (линия 1882, без вставок по греческому) нет	
Есф	4	2	2	[]	и остановился,	lxx	по признакам		B: квадратные; в C (линия 1882, без вставок по греческому) нет	
Есф	4	2	2	[]	и с пеплом	lxx	по признакам		B: квадратные; в C (линия 1882, без вставок по греческому) нет	
Есф	4	8	8	[]	вспомнив дни смирения своего, когда она воспитывалась под рукою моею, потому что Аман, второй по царе, осудил нас на смерть, и чтобы призвала Господа и сказала о нас царю, да избавит нас от смерти	lxx	по признакам		B: квадратные; в C (линия 1882, без вставок по греческому) нет	
Есф	4	17	17	[]	И молился он Господу, воспоминая все дела Господни, и говорил: Господи, Господи, Царю, Вседержителю! Все в Твоей власти, и нет противящегося Тебе, когда Ты захочешь спасти Израиля; Ты сотворил небо и землю и все дивное в поднебесной; Ты — Господь всех, и нет такого, кто воспротивился бы Тебе, Господу. Ты знаешь всё; Ты знаешь, Господи, что не для обиды и не по гордости и не по тщеславию я делал это, что не поклонялся тщеславному Аману, ибо я охотно стал бы лобызать следы ног его для спасения Израиля; но я делал это для того, чтобы не воздать славы человеку выше славы Божией и не поклоняться никому, кроме Тебя, Господа моего, и я не стану делать этого по гордости. И ныне, Господи Боже, Царю, Боже Авраамов, пощади народ Твой; ибо замышляют нам погибель и хотят истребить изначальное наследие Твое; не презри достояния Твоего, которое Ты избавил для Себя из земли Египетской; услышь молитву мою и умилосердись над наследием Твоим и обрати сетование наше в веселие, дабы мы, живя, воспевали имя Твое, Господи, и не погуби уст, прославляющих Тебя, Господи. И все Израильтяне взывали всеми силами своими, потому что смерть их была пред глазами их. И царица Есфирь прибегла к Господу, объятая смертною горестью, и, сняв одежды славы своей, облеклась в одежды скорби и сетования, и, вместо многоценных мастей, пеплом и прахом посыпала голову свою, и весьма изнурила тело свое, и всякое место, украшаемое в веселии ее, покрыла распущенными волосами своими, и молилась Господу Богу Израилеву, говоря: Господи мой! Ты один Царь наш; помоги мне, одинокой и не имеющей помощника, кроме Тебя; ибо беда моя близ меня. Я слышала, Господи, от отца моего, в родном колене моем, что Ты, Господи, избрал Себе Израиля из всех народов и отцов наших из всех предков их в наследие вечное, и сделал для них то, о чем говорил им. И ныне мы согрешили пред Тобою, и предал Ты нас в руки врагов наших за то, что мы славили богов их: праведен Ты, Господи! А ныне они не удовольствовались горьким рабством нашим, но положили руки свои в руки идолов своих, чтобы ниспровергнуть заповедь уст Твоих, и истребить наследие Твое, и заградить уста воспевающих Тебя, и погасить славу храма Твоего и жертвенника Твоего, и отверзть уста народов на прославление тщетных богов, и царю плотскому величаться вовек. Не предай, Господи, скипетра Твоего богам несуществующим, и пусть не радуются падению нашему, но обрати замысел их на них самих: наветника же против нас предай позору. Помяни, Господи, яви Себя нам во время скорби нашей и дай мне мужество. Царь богов и Владыка всякого начальства! даруй устам моим слово благоприятное пред этим львом и исполни сердце его ненавистью к преследующему нас, на погибель ему и единомышленникам его; нас же избавь рукою Твоею и помоги мне, одинокой и не имеющей помощника, кроме Тебя, Господи. Ты имеешь ведение всего и знаешь, что я ненавижу славу беззаконных и гнушаюсь ложа необрезанных и всякого иноплеменника; Ты знаешь необходимость мою, что я гнушаюсь знака гордости моей, который бывает на голове моей во дни появления моего, гнушаюсь его, как одежды, оскверненной кровью, и не ношу его во дни уединения моего. И не вкушала раба Твоя от трапезы Амана и не дорожила пиром царским, и не пила вина идоложертвенного, и не веселилась раба Твоя со дня перемены судьбы моей доныне, кроме как о Тебе, Господи Боже Авраамов. Боже, имеющий силу над всеми! услышь голос безнадежных, и спаси нас от руки злоумышляющих, и избавь меня от страха моего.	lxx	по признакам		B: квадратные; в C (линия 1882, без вставок по греческому) нет	
Есф	5	1	1	[]	перестав молиться, сняла одежды сетования и	lxx	по признакам		B: квадратные; в C (линия 1882, без вставок по греческому) нет	
Есф	5	1	1	[]	и сделавшись великолепною, призывая всевидца Бога и Спасителя, взяла двух служанок, и на одну опиралась, как бы предавшись неге, а другая следовала за нею, поддерживая одеяние ее. Она была прекрасна во цвете красоты своей, и лице ее радостно, как бы исполненное любви, но сердце ее было стеснено от страха	lxx	по признакам		B: квадратные; в C (линия 1882, без вставок по греческому) нет	
Есф	5	1	1	[]	облеченный во все одеяние величия своего, весь в золоте и драгоценных камнях, и был весьма страшен	lxx	по признакам		B: квадратные; в C (линия 1882, без вставок по греческому) нет	
Есф	5	1	1	[]	Обратив лице свое, пламеневшее славою, он взглянул с сильным гневом; и царица упала духом и изменилась в лице своем от ослабления и склонилась на голову служанки, которая сопровождала ее. И изменил Бог дух царя на кротость, и поспешно встал он с престола своего и принял ее в объятия свои, пока она не пришла в себя. Потом он утешил ее ласковыми словами, сказав ей: что тебе, Есфирь? Я — брат твой; ободрись, не умрешь, ибо наше владычество общее; подойди.	lxx	по признакам		B: квадратные; в C (линия 1882, без вставок по греческому) нет	
Есф	5	2	2	[]	и положил царь скипетр на шею ее и поцеловал ее и сказал: говори мне. И сказала она: я видела в тебе, господин, как бы Ангела Божия, и смутилось сердце мое от страха пред славою твоею, ибо дивен ты, господин, и лице твое исполнено благодати. — Но во время беседы она упала от ослабления; и царь смутился, и все слуги его утешали ее	lxx	по признакам		B: квадратные; в C (линия 1882, без вставок по греческому) нет	
Есф	5	4	4	[]	ныне у меня день праздничный;	lxx	по признакам		B: квадратные; в C (линия 1882, без вставок по греческому) нет	
Есф	5	8	8	[]	еще завтра	lxx	по признакам		B: квадратные; в C (линия 1882, без вставок по греческому) нет	
Есф	6	1	1	[]	слуге	lxx	по признакам		B: квадратные; в C (линия 1882, без вставок по греческому) нет	
Есф	6	4	4	[]	Когда царь расспрашивал о благодеянии Мардохея, пришел на двор Аман,	lxx	по признакам		B: квадратные; в C (линия 1882, без вставок по греческому) нет	
Есф	6	10	10	[]	хорошо ты сказал;	lxx	по признакам		B: квадратные; в C (линия 1882, без вставок по греческому) нет	
Есф	6	13	13	[]	ибо с ним Бог живый	lxx	по признакам		B: квадратные; в C (линия 1882, без вставок по греческому) нет	
Есф	8	12	12	[]	Список с этого указа следующий: великий царь Артаксеркс начальствующим от Индии до Ефиопии над ста двадцатью семью областями и властителям, доброжелательствующим нам, радоваться. Многие, по чрезвычайной доброте благодетелей щедро награждаемые почестями, чрезмерно возгордились и не только подданным нашим ищут причинить зло, но, не могши насытить гордость, покушаются строить козни самим благодетелям своим, не только теряют чувство человеческой признательности, но, кичась надменностью безумных, преступно думают избежать суда всё и всегда видящего Бога. Но часто и многие, будучи облечены властью, чтоб устроять дела доверивших им друзей, своим убеждением делают их виновниками пролития невинной крови и подвергают неисправимым бедствиям, хитросплетением коварной лжи обманывая непорочное благомыслие державных. Это можно видеть не столько из древних историй, как мы сказали, сколько из дел, преступно совершаемых пред вами злобою недостойно властвующих. Посему нужно озаботиться на последующее время, чтобы нам устроить царство безмятежным для всех людей в мире, не допуская изменений, но представляющиеся дела обсуждая с надлежащей предусмотрительностью. Так Аман Амадафов, Македонянин, поистине чуждый персидской крови и весьма далекий от нашей благости, быв принят у нас гостем, удостоился благосклонности, которую мы имеем ко всякому народу, настолько, что был провозглашен нашим отцом и почитаем всеми, представляя второе лицо при царском престоле; но, не умерив гордости, замышлял лишить нас власти и души, а нашего спасителя и всегдашнего благодетеля Мардохея и непорочную общницу царства Есфирь, со всем народом их, домогался разнообразными коварными мерами погубить. Таким образом он думал сделать нас безлюдными, а державу Персидскую передать Македонянам. Мы же находим Иудеев, осужденных этим злодеем на истребление, не зловредными, а живущими по справедливейшим законам, сынами Вышнего, величайшего живаго Бога, даровавшего нам и предкам нашим царство в самом лучшем состоянии. Посему вы хорошо сделаете, не приводя в исполнение грамот, посланных Аманом Амадафовым; ибо он, совершивший это, при воротах Сузских повешен со всем домом, по воле владычествующего всем Бога, воздавшего ему скоро достойный суд. Список же с этого указа выставив на всяком месте открыто, оставьте Иудеев пользоваться своими законами и содействуйте им, чтобы восстававшим на них во время скорби они могли отмстить в тринадцатый день двенадцатого месяца Адара, в самый тот день. Ибо владычествующий над всем Бог, вместо погибели избранного рода, устроил им такую радость. И вы, в числе именитых праздников ваших, проводите сей знаменитый день со всем весельем, дабы и ныне и после памятно было спасение для нас и для благорасположенных к нам Персов и погубление строивших нам козни. Всякий город или область вообще, которая не исполнит сего, нещадно опустошится мечом и огнем и сделается не только необитаемою для людей, но и для зверей и птиц навсегда отвратительною.	lxx	по признакам		B: квадратные; в C (линия 1882, без вставок по греческому) нет	
Есф	9	19	19	[]	живущие же в митрополиях и пятнадцатый день Адара проводят в добром веселье, посылая подарки ближним	lxx	по признакам		B: квадратные; в C (линия 1882, без вставок по греческому) нет	
Есф	9	26	26	[]	жребий, ибо на языке их жребии называются пурим	lxx	по признакам		B: квадратные; в C (линия 1882, без вставок по греческому) нет	
Есф	10	3	3	[]	И сказал Мардохей: от Бога было это, ибо я вспомнил сон, который я видел о сих событиях; не осталось в нем ничего неисполнившимся. Малый источник сделался рекою, и был свет и солнце и множество воды: эта река есть Есфирь, которую взял себе в жену царь и сделал царицею. А два змея — это я и Аман; народы — это собравшиеся истребить имя Иудеев; а народ мой — это Израильтяне, воззвавшие к Богу и спасенные. И спас Господь народ Свой, и избавил нас Господь от всех сих зол, и совершил Бог знамения и чудеса великие, какие не бывали между язычниками. Так устроил Бог два жребия: один для народа Божия, а другой для всех язычников, и вышли эти два жребия в час и время и в день суда пред Богом и всеми язычниками. И вспомнил Господь о народе Своем и оправдал наследие Свое. И будут праздноваться эти дни месяца Адара, в четырнадцатый и пятнадцатый день этого месяца, с торжеством и радостью и весельем пред Богом, в роды вечные, в народе Его Израиле. В четвертый год царствования Птоломея и Клеопатры Досифей, который, говорят, был священником и левитом, и Птоломей, сын его, принесли в Александрию это послание о Пуриме, которое, говорят, истолковал Лисимах, сын Птоломея, бывший в Иерусалиме.	lxx	по признакам		B: квадратные; в C (линия 1882, без вставок по греческому) нет	
Иов	1	5	5	[]	и одного тельца за грех о душах их	lxx	по признакам		B: квадратные; в C (линия 1882, без вставок по греческому) нет	
Иов	1	21	21	[]	как угодно было Господу, так и сделалось;	lxx	по признакам		B: квадратные; в C (линия 1882, без вставок по греческому) нет	
Иов	2	8	8	[]	вне селения	lxx	по признакам		B: квадратные; в C (линия 1882, без вставок по греческому) нет	
Иов	38	1	1	[]	Когда Елиуй перестал говорить,	lxx	R10: вручную		B: квадратные; в C (линия 1882, без вставок по греческому) нет; в KJV нет	
Пс	1	4	4	[]	не так	lxx	по признакам		B: квадратные; в C (линия 1882, без вставок по греческому) нет	
Пс	1	4	4	[]	с лица земли	lxx	по признакам		B: квадратные; в C (линия 1882, без вставок по греческому) нет	
Пс	2	11	11	[]	пред Ним	lxx	по признакам		B: квадратные; в C (линия 1882, без вставок по греческому) нет	
Пс	4	8	8	[]	и елей	lxx	по признакам		B: квадратные; в C (линия 1882, без вставок по греческому) нет	
Пс	7	3	3	[]	и спасающего	lxx	по признакам		B: квадратные; в C (линия 1882, без вставок по греческому) нет	
Пс	7	12	12	[]	крепкий и долготерпеливый,	lxx	по признакам		B: квадратные; в C (линия 1882, без вставок по греческому) нет	
Пс	9	2	2	[]	Тебя	added	по признакам		B: квадратные; C (линия 1882): курсив — слово для связности, которого нет в еврейском	
Пс	9	32	32	[]	забыл Бог, закрыл лице Свое, не увидит никогда	damage	R10: вручную	забыл Бог, закрыл лице Свое, не увидит никогда	в B и C это кавычки прямой речи («…»), а не скобки; повреждение электронного текста	
Пс	9	33	33	[]	мой	added	по признакам		B: квадратные; C (линия 1882): курсив — слово для связности, которого нет в еврейском	
Пс	9	33	33	[]	Твоих до конца	lxx	по признакам		B: квадратные; в C (линия 1882, без вставок по греческому) нет	
Пс	10	4	4	[]	на нищего	lxx	по признакам		B: квадратные; в C (линия 1882, без вставок по греческому) нет	
Пс	11	2	2	[]	меня	lxx	по признакам		B: квадратные; в C (линия 1882, без вставок по греческому) нет	
Пс	12	3	3	[]	и ночь	added	по признакам		B: квадратные; C (линия 1882): курсив — слово для связности, которого нет в еврейском	
Пс	12	5	5	[]	я одолел его	damage	R10: вручную	я одолел его	в B и C это кавычки прямой речи («…»), а не скобки; повреждение электронного текста	
Пс	12	6	6	[]	и буду петь имени Господа Всевышнего	lxx	по признакам		B: квадратные; в C (линия 1882, без вставок по греческому) нет	
Пс	13	1	1	[]	нет Бога	damage	совет: WLC	нет Бога	в B и C это кавычки прямой речи («…»), а не скобки; повреждение электронного текста	§ 8.5: слова есть в WLC — кавычки прямой речи, набранные скобками
Пс	13	5	5	[]	где нет страха,	lxx	по признакам		B: квадратные; в C (линия 1882, без вставок по греческому) нет	
Пс	13	7	7	[]	Кто даст с Сиона спасение Израилю!	damage	R10: вручную	Кто даст с Сиона спасение Израилю!	в B и C это кавычки прямой речи («…»), а не скобки; повреждение электронного текста	
Пс	16	1	1	[]	мою	lxx	по признакам		B: квадратные; в C (линия 1882, без вставок по греческому) нет	
Пс	16	7	7	[]	на Тебя	added	по признакам		B: квадратные; C (линия 1882): курсив — слово для связности, которого нет в еврейском	
Пс	17	7	7	[]	святаго	lxx	по признакам		B: квадратные; в C (линия 1882, без вставок по греческому) нет	
Пс	17	8	8	[]	Бог	added	по признакам		B: квадратные; C (линия 1882): курсив — слово для связности, которого нет в еврейском	
Пс	19	5	5	[]	Господь	lxx	по признакам		B: квадратные; в C (линия 1882, без вставок по греческому) нет	
Пс	19	10	10	[]	к Тебе	added	по признакам		B: квадратные; C (линия 1882): курсив — слово для связности, которого нет в еврейском	
Пс	20	9	9	[]	всех	lxx	по признакам		B: квадратные; в C (линия 1882, без вставок по греческому) нет	
Пс	20	12	12	[]	выполнить их	added	по признакам		B: квадратные; C (линия 1882): курсив — слово для связности, которого нет в еврейском	
Пс	21	2	2	[]	внемли мне	lxx	по признакам		B: квадратные; в C (линия 1882, без вставок по греческому) нет	
Пс	21	31	31	[]	мое	added	по признакам		B: квадратные; C (линия 1882): курсив — слово для связности, которого нет в еврейском	
Пс	22	6	6	[]	Твоя	lxx	по признакам		B: квадратные; в C (линия 1882, без вставок по греческому) нет	
Пс	23	1	1	[]	В первый день недели	lxx	по признакам		надписание/слово есть только у нас; в B нет, в C нет	
Пс	23	4	4	[]	ближнему своему	lxx	по признакам		B: квадратные; в C (линия 1882, без вставок по греческому) нет	
Пс	24	2	2	[]	вовек	lxx	совет: WLC, LXX, CSL		B: квадратные; в C (линия 1882, без вставок по греческому) нет	§ 8.3: выборка «а» подтверждена
Пс	25	11	11	[]	Господи,	lxx	по признакам		B: квадратные; в C (линия 1882, без вставок по греческому) нет	
Пс	26	1	1	[]	Прежде помазания	lxx	совет: WLC, LXX, CSL		надписание/слово есть только у нас; в B нет, в C нет; в KJV нет	§ 7.1: надписание; LXX πρὸ τοῦ χρισθῆναι
Пс	26	4	4	[]	святый	lxx	по признакам		B: квадратные; в C (линия 1882, без вставок по греческому) нет	
Пс	26	8	8	[]	ищите лица Моего	damage	R10: вручную	ищите лица Моего	в B и C это кавычки прямой речи («…»), а не скобки; повреждение электронного текста	
Пс	28	1	1	[]	При окончании праздника кущей.	lxx	по признакам		надписание/слово есть только у нас; в B нет, в C нет	
Пс	29	9	9	[]	моего	lxx	по признакам		B: квадратные; в C (линия 1882, без вставок по греческому) нет	
Пс	30	1	1	[]	Во время смятения	lxx	по признакам		B: квадратные; в C (линия 1882, без вставок по греческому) нет	
Пс	32	10	10	[]	уничтожает советы князей	lxx	по признакам		B: квадратные; в C (линия 1882, без вставок по греческому) нет	
Пс	33	10	10	[]	все	lxx	по признакам		B: квадратные; в C (линия 1882, без вставок по греческому) нет	
Пс	33	18	18	[]	праведные	added	по признакам		B: квадратные; C (линия 1882): курсив — слово для связности, которого нет в еврейском	
Пс	34	25	25	[]	хорошо!	lxx	по признакам		B: квадратные; в C (линия 1882, без вставок по греческому) нет	
Пс	36	28	28	[]	а беззаконные будут извержены	lxx	по признакам		B: квадратные; в C (линия 1882, без вставок по греческому) нет	
Пс	37	1	1	[]	о субботе	lxx	R10: вручную		B: квадратные; в C (линия 1882, без вставок по греческому) нет; в KJV нет	
Пс	37	17	17	[]	враги мои	added	по признакам		B: квадратные; C (линия 1882): курсив — слово для связности, которого нет в еврейском	
Пс	40	2	2	[]	и нищем	lxx	по признакам		B: квадратные; в C (линия 1882, без вставок по греческому) нет	
Пс	44	6	6	[]	Сильный	lxx	по признакам		B: квадратные; в C (линия 1882, без вставок по греческому) нет	
Пс	45	7	7	[]	Всевышний	added	по признакам		B: квадратные; C (линия 1882): курсив — слово для связности, которого нет в еврейском	
Пс	47	12	12	[]	и	lxx	по признакам		B: квадратные; в C (линия 1882, без вставок по греческому) нет	
Пс	47	12	12	[]	Господи	added	по признакам		B: квадратные; C (линия 1882): курсив — слово для связности, которого нет в еврейском	
Пс	49	21	21	[]	грехи твои	added	по признакам		B: квадратные; C (линия 1882): курсив — слово для связности, которого нет в еврейском	
Пс	50	8	8	[]	Твою	lxx	по признакам		B: квадратные; в C (линия 1882, без вставок по греческому) нет	
Пс	50	20	20	[]	Господи,	lxx	по признакам		B: квадратные; в C (линия 1882, без вставок по греческому) нет	
Пс	51	7	7	[]	твоего	added	по признакам		B: квадратные; C (линия 1882): курсив — слово для связности, которого нет в еврейском	
Пс	51	8	8	[]	и скажут	added	по признакам		B: квадратные; C (линия 1882): курсив — слово для связности, которого нет в еврейском	
Пс	54	24	24	[]	Господи,	added	по признакам		B: квадратные; C (линия 1882): курсив — слово для связности, которого нет в еврейском	
Пс	55	14	14	[]	очи мои от слез,	lxx	по признакам		B: квадратные; в C (линия 1882, без вставок по греческому) нет	
Пс	57	12	12	[]	подлинно есть плод праведнику! итак есть Бог, судящий на земле!	damage	R10: вручную	подлинно есть плод праведнику! итак есть Бог, судящий на земле!	в B и C это кавычки прямой речи («…»), а не скобки; повреждение электронного текста	
Пс	64	2	2	[]	в Иерусалиме	added	по признакам		B: квадратные; C (линия 1882): курсив — слово для связности, которого нет в еврейском	
Пс	65	4	4	[]	Вышний	lxx	по признакам		B: квадратные; в C (линия 1882, без вставок по греческому) нет	
Пс	67	14	14	[]	своих	added	по признакам		B: квадратные; C (линия 1882): курсив — слово для связности, которого нет в еврейском	
Пс	67	23	24	[]	от Васана возвращу, выведу из глубины морской, ¦ чтобы ты погрузил ногу твою, как и псы твои язык свой, в крови врагов	damage	R10: вручную	от Васана возвращу, выведу из глубины морской, ¦ чтобы ты погрузил ногу твою, как и псы твои язык свой, в крови врагов	в B и C это кавычки прямой речи («…»), а не скобки; повреждение электронного текста	
Пс	67	36	36	[]	Своему	added	по признакам		B: квадратные; C (линия 1882): курсив — слово для связности, которого нет в еврейском	
Пс	68	2	2	[]	моей	added	по признакам		B: квадратные; C (линия 1882): курсив — слово для связности, которого нет в еврейском	
Пс	68	4	4	[]	моего	added	по признакам		B: квадратные; C (линия 1882): курсив — слово для связности, которого нет в еврейском	
Пс	68	31	31	[]	моего	added	по признакам		B: квадратные; C (линия 1882): курсив — слово для связности, которого нет в еврейском	
Пс	69	4	4	[]	мне	added	по признакам		B: квадратные; C (линия 1882): курсив — слово для связности, которого нет в еврейском	
Пс	70	8	8	[]	чтобы мне воспевать славу Твою,	lxx	по признакам		B: квадратные; в C (линия 1882, без вставок по греческому) нет	
Пс	70	14	14	[]	на Тебя	added	по признакам		B: квадратные; C (линия 1882): курсив — слово для связности, которого нет в еврейском	
Пс	70	21	21	[]	и из бездн земли выводил меня	lxx	по признакам		B: квадратные; в C (линия 1882, без вставок по греческому) нет	
Пс	71	17	17	[]	благословенно	lxx	совет: WLC, LXX, CSL		B: квадратные; в C (линия 1882, без вставок по греческому) нет	§ 8.3: выборка «а» подтверждена
Пс	71	17	17	[]	все племена земные	lxx	по признакам		B: квадратные; в C (линия 1882, без вставок по греческому) нет	
Пс	72	13	13	[]	И я сказал:	lxx	R10: вручную		B: квадратные; в C (линия 1882, без вставок по греческому) нет; в KJV нет	
Пс	72	28	28	[]	во вратах дщери Сионовой	lxx	по признакам		B: квадратные; в C (линия 1882, без вставок по греческому) нет	
Пс	73	14	14	[]	Ефиопским	lxx	по признакам		B: квадратные; в C (линия 1882, без вставок по греческому) нет	
Пс	74	6	6	[]	не	added	по признакам		B: квадратные; C (линия 1882): курсив — слово для связности, которого нет в еврейском	
Пс	74	6	6	[]	на Бога	lxx	по признакам		B: квадратные; в C (линия 1882, без вставок по греческому) нет	
Пс	76	14	14	[]	наш	added	по признакам		B: квадратные; C (линия 1882): курсив — слово для связности, которого нет в еврейском	
Пс	87	8	8	[]	меня	added	по признакам		B: квадратные; C (линия 1882): курсив — слово для связности, которого нет в еврейском	
Пс	88	2	2	[]	Твои	added	по признакам		B: квадратные; C (линия 1882): курсив — слово для связности, которого нет в еврейском	
Пс	89	4	4	[]	возвратитесь, сыны человеческие!	damage	R10: вручную	возвратитесь, сыны человеческие!	в B и C это кавычки прямой речи («…»), а не скобки; повреждение электронного текста	
Пс	92	1	1	[]	и	added	по признакам		B: квадратные; C (линия 1882): курсив — слово для связности, которого нет в еврейском	
Пс	94	1	1	[]	Богу	lxx	по признакам		B: квадратные; в C (линия 1882, без вставок по греческому) нет	
Пс	97	1	1	[]	Давида	lxx	совет: WLC, LXX, CSL		надписание/слово есть только у нас; в B нет, в C нет; в KJV нет	§ 7.1: надписание; в WLC (Пс 98:1) только «מזמור»
Пс	97	3	3	[]	к Иакову	lxx	по признакам		B: квадратные; в C (линия 1882, без вставок по греческому) нет	
Пс	98	1	1	[]	Псалом Давида.	lxx	по признакам		надписание/слово есть только у нас; в B нет, в C нет	
Пс	99	1	1	[]	Давида	lxx	по признакам		надписание/слово есть только у нас; в B нет, в C нет	
Пс	101	3	3	[]	когда	added	по признакам		B: квадратные; C (линия 1882): курсив — слово для связности, которого нет в еврейском	
Пс	101	3	3	[]	к Тебе	added	по признакам		B: квадратные; C (линия 1882): курсив — слово для связности, которого нет в еврейском	
Пс	101	26	26	[]	Господи,	lxx	по признакам		B: квадратные; в C (линия 1882, без вставок по греческому) нет	
Пс	102	11	11	[]	Господа	added	по признакам		B: квадратные; C (линия 1882): курсив — слово для связности, которого нет в еврейском	
Пс	102	20	20	[]	все	added	по признакам		B: квадратные; C (линия 1882): курсив — слово для связности, которого нет в еврейском	
Пс	103	10	10	[]	воды	lxx	по признакам		B: квадратные; в C (линия 1882, без вставок по греческому) нет	
Пс	103	22	22	[]	и	added	по признакам		B: квадратные; C (линия 1882): курсив — слово для связности, которого нет в еврейском	
Пс	104	8	8	[]	которое	added	по признакам		B: квадратные; C (линия 1882): курсив — слово для связности, которого нет в еврейском	
Пс	104	15	15	[]	не прикасайтесь к помазанным Моим, и пророкам Моим не делайте зла	damage	совет: WLC	не прикасайтесь к помазанным Моим, и пророкам Моим не делайте зла	в B и C это кавычки прямой речи («…»), а не скобки; повреждение электронного текста	§ 8.5: слова есть в WLC — кавычки прямой речи, набранные скобками
Пс	104	27	27	[]	Его	added	по признакам		B: квадратные; C (линия 1882): курсив — слово для связности, которого нет в еврейском	
Пс	104	39	39	[]	им	added	по признакам		B: квадратные; C (линия 1882): курсив — слово для связности, которого нет в еврейском	
Пс	104	39	39	[]	им	added	по признакам		B: квадратные; C (линия 1882): курсив — слово для связности, которого нет в еврейском	
Пс	105	12	12	[]	и	added	по признакам		B: квадратные; C (линия 1882): курсив — слово для связности, которого нет в еврейском	
Пс	105	23	23	[]	их	added	по признакам		B: квадратные; C (линия 1882): курсив — слово для связности, которого нет в еврейском	
Пс	105	43	43	[]	Его	added	по признакам		B: квадратные; C (линия 1882): курсив — слово для связности, которого нет в еврейском	
Пс	107	2	2	[]	готово сердце мое	lxx	по признакам		B: квадратные; в C (линия 1882, без вставок по греческому) нет	
Пс	108	25	25	[]	своими	lxx	по признакам		B: квадратные; в C (линия 1882, без вставок по греческому) нет	
Пс	110	1	1	[]	Тебя	added	по признакам		B: квадратные; C (линия 1882): курсив — слово для связности, которого нет в еврейском	
Пс	110	1	1	[]	моим	added	по признакам		B: квадратные; C (линия 1882): курсив — слово для связности, которого нет в еврейском	
Пс	113	5	5	[]	с тобою	added	по признакам		B: квадратные; C (линия 1882): курсив — слово для связности, которого нет в еврейском	
Пс	113	11	11	[]	и на земле	lxx	по признакам		B: квадратные; в C (линия 1882, без вставок по греческому) нет	
Пс	113	17	17	[]	Дом	added	по признакам		B: квадратные; C (линия 1882): курсив — слово для связности, которого нет в еврейском	
Пс	113	20	20	[]	нас	added	по признакам		B: квадратные; C (линия 1882): курсив — слово для связности, которого нет в еврейском	
Пс	113	26	26	[]	живые	lxx	по признакам		B: квадратные; в C (линия 1882, без вставок по греческому) нет	
Пс	116	2	2	[]	пребывает	lxx	по признакам		B: квадратные; в C (линия 1882, без вставок по греческому) нет	
Пс	117	2	2	[]	дом	added	по признакам		B: квадратные; C (линия 1882): курсив — слово для связности, которого нет в еврейском	
Пс	117	2	2	[]	Он благ,	lxx	по признакам		B: квадратные; в C (линия 1882, без вставок по греческому) нет	
Пс	117	3	3	[]	Он благ,	lxx	по признакам		B: квадратные; в C (линия 1882, без вставок по греческому) нет	
Пс	117	4	4	[]	Он благ,	lxx	по признакам		B: квадратные; в C (линия 1882, без вставок по греческому) нет	
Пс	117	12	12	[]	сот	lxx	по признакам		B: квадратные; в C (линия 1882, без вставок по греческому) нет	
Пс	117	28	28	[]	буду славить Тебя, ибо Ты услышал меня и соделался моим спасением	lxx	по признакам		B: квадратные; в C (линия 1882, без вставок по греческому) нет	
Пс	118	49	49	[]	Твое	lxx	R10: вручную		B: квадратные; C: без пометы; в KJV нет	
Пс	118	68	68	[]	Господи	lxx	по признакам		B: квадратные; в C (линия 1882, без вставок по греческому) нет	
Пс	118	145	145	[]	моим	added	по признакам		B: квадратные; C (линия 1882): курсив — слово для связности, которого нет в еврейском	
Пс	120	7	7	[]	Господь	lxx	совет: WLC, LXX, CSL		B: квадратные; C (линия 1882): курсив — слово для связности, которого нет в еврейском	вид R10 «в» → lxx; § 8.4: «в» → по славянскому (нет в WLC и LXX, есть в CSL): CSL «сохранит душу твою Господь»
Пс	124	3	3	[]	Господь	added	по признакам		B: квадратные; C (линия 1882): курсив — слово для связности, которого нет в еврейском	
Пс	131	13	13	[]	его	added	по признакам		B: квадратные; C (линия 1882): курсив — слово для связности, которого нет в еврейском	
Пс	133	1	1	[]	во дворах дома Бога нашего,	lxx	по признакам		B: квадратные; в C (линия 1882, без вставок по греческому) нет	
Пс	137	1	1	[]	что Ты услышал все слова уст моих	lxx	по признакам		B: квадратные; в C (линия 1882, без вставок по греческому) нет	
Пс	138	6	6	[]	Твое	added	по признакам		B: квадратные; C (линия 1882): курсив — слово для связности, которого нет в еврейском	
Пс	142	1	1	[]	когда он преследуем был сыном своим Авессаломом	lxx	совет: WLC, LXX, CSL		надписание/слово есть только у нас; в B нет, в C нет	§ 7.1: надписание
Пс	142	8	8	[]	Господи,	lxx	по признакам		B: квадратные; в C (линия 1882, без вставок по греческому) нет	
Пс	143	1	1	[]	Против Голиафа.	lxx	совет: WLC, LXX, CSL		надписание/слово есть только у нас; в B нет, в C нет	§ 7.1: надписание; LXX πρὸς τὸν Γολιαδ
Пс	144	1	1	[]	мой	added	по признакам		B: квадратные; C (линия 1882): курсив — слово для связности, которого нет в еврейском	
Пс	144	13	13	[]	Верен Господь во всех словах Своих и свят во всех делах Своих.	lxx	по признакам		B: квадратные; в C (линия 1882, без вставок по греческому) нет	
Пс	146	5	5	[]	Его	added	по признакам		B: квадратные; C (линия 1882): курсив — слово для связности, которого нет в еврейском	
Пс	146	8	8	[]	и злак на пользу человеку	lxx	по признакам		B: квадратные; в C (линия 1882, без вставок по греческому) нет	
Пс	148	5	5	[]	сказал, и они сделались,	lxx	по признакам		B: квадратные; в C (линия 1882, без вставок по греческому) нет	
Притч	1	7	7	[]	доброе разумение у всех, водящихся им; а благоговение к Богу - начало разумения;	lxx	по признакам		B: квадратные; в C (линия 1882, без вставок по греческому) нет	
Притч	3	15	15	[]	никакое зло не может противиться ей; она хорошо известна всем, приближающимся к ней,	lxx	по признакам		B: квадратные; в C (линия 1882, без вставок по греческому) нет	
Притч	3	16	16	[]	из уст ее выходит правда; закон и милость она на языке носит;	lxx	по признакам		B: квадратные; в C (линия 1882, без вставок по греческому) нет	
Притч	3	28	28	[]	Ибо ты не знаешь, что родит грядущий день.	lxx	по признакам		B: квадратные; в C (линия 1882, без вставок по греческому) нет	
Притч	4	28	29	[]	потому что пути правые наблюдает Господь, а левые - испорчены. ¦ Он же прямыми сделает пути твои, и шествия твои в мире устроит.	lxx	по признакам		B: квадратные; в C (линия 1882, без вставок по греческому) нет	
Притч	5	2	2	[]	Не внимай льстивой женщине;	lxx	по признакам		B: квадратные; в C (линия 1882, без вставок по греческому) нет	
Притч	5	16	16	[]	не	added	по признакам		B: квадратные; C (линия 1882): курсив — слово для связности, которого нет в еврейском	
Притч	6	8	8	[]	Или пойди к пчеле и познай, как она трудолюбива, какую почтенную работу она производит; ее труды употребляют во здравие и цари и простолюдины; любима же она всеми и славна; хотя силою она слаба, но мудростью почтена.	lxx	по признакам		B: квадратные; в C (линия 1882, без вставок по греческому) нет	
Притч	6	11	11	[]	Если же будешь не ленив, то, как источник, придет жатва твоя; скудость же далеко убежит от тебя.	lxx	по признакам		B: квадратные; в C (линия 1882, без вставок по греческому) нет	
Притч	6	25	25	[]	да не уловлен будешь очами твоими,	lxx	по признакам		B: квадратные; в C (линия 1882, без вставок по греческому) нет	
Притч	7	1	1	[]	Сын мой! чти Господа, - и укрепишься, и кроме Его не бойся никого.	lxx	по признакам		B: квадратные; в C (линия 1882, без вставок по греческому) нет	
Притч	7	22	22	[]	и как пес - на цепь,	lxx	по признакам		B: квадратные; в C (линия 1882, без вставок по греческому) нет	
Притч	8	21	21	[]	Когда я возвещу то, что бывает ежедневно, то не забуду исчислить то, что от века.	lxx	по признакам		B: квадратные; в C (линия 1882, без вставок по греческому) нет	
Притч	9	12	12	[]	Сын мой!	lxx	по признакам		B: квадратные; в C (линия 1882, без вставок по греческому) нет	
Притч	9	12	12	[]	и для ближних твоих	lxx	по признакам		B: квадратные; в C (линия 1882, без вставок по греческому) нет	
Притч	9	12	12	[]	Кто утверждается на лжи, тот пасет ветры, тот гоняется за птицами летающими: ибо он оставил пути своего виноградника и блуждает по тропинкам поля своего; проходит чрез безводную пустыню и землю, обреченную на жажду; собирает руками бесплодие.	lxx	по признакам		B: квадратные; в C (линия 1882, без вставок по греческому) нет	
Притч	9	18	18	[]	Но ты отскочи, не медли на месте, не останавливай взгляда твоего на ней; ибо таким образом ты пройдешь воду чужую. От воды чужой удаляйся, и из источника чужого не пей, чтобы пожить многое время, и чтобы прибавились тебе лета жизни.	lxx	по признакам		B: квадратные; в C (линия 1882, без вставок по греческому) нет	
Притч	11	2	2	[]	Праведник, умирая, оставляет сожаление; но внезапна и радостна бывает погибель нечестивых.	lxx	по признакам		B: квадратные; в C (линия 1882, без вставок по греческому) нет	
Притч	11	16	16	[]	мужу, а жена, ненавидящая правду, есть верх бесчестия. Ленивцы бывают скудны	lxx	по признакам		B: квадратные; в C (линия 1882, без вставок по греческому) нет	
Притч	12	11	11	[]	Кто находит удовольствие в трате времени за вином, тот в своем доме оставит бесславие.	lxx	по признакам		B: квадратные; в C (линия 1882, без вставок по греческому) нет	
Притч	12	13	13	[]	Смотрящий кротко помилован будет, а встречающийся в воротах стеснит других.	lxx	по признакам		B: квадратные; в C (линия 1882, без вставок по греческому) нет	
Притч	13	9	9	[]	Души коварные блуждают в грехах, а праведники сострадают и милуют.	lxx	по признакам		B: квадратные; в C (линия 1882, без вставок по греческому) нет	
Притч	13	14	14	[]	У сына лукавого ничего нет доброго, а у разумного раба дела благоуспешны, и путь его прямой.	lxx	R10: вручную		B: квадратные; в C (линия 1882, без вставок по греческому) нет; в KJV нет	
Притч	13	23	23	[]	и	added	по признакам		B: курсив; C: курсив	
Притч	14	22	22	[]	не знают милости и верности делающие зло;	lxx	по признакам		B: квадратные; в C (линия 1882, без вставок по греческому) нет	
Притч	15	1	1	[]	Гнев губит и разумных.	lxx	по признакам		B: квадратные; в C (линия 1882, без вставок по греческому) нет	
Притч	15	5	5	[]	В обилии правды великая сила, а нечестивые искоренятся из земли.	lxx	по признакам		B: квадратные; в C (линия 1882, без вставок по греческому) нет	
Притч	15	11	11	[]	открыты	added	по признакам		B: курсив; C: курсив	
Притч	15	28	28	[]	Приятны пред Господом пути праведных; чрез них и враги делаются друзьями.	lxx	по признакам		B: квадратные; в C (линия 1882, без вставок по греческому) нет	
Притч	16	5	5	[]	Начало доброго пути - делать правду; это угоднее пред Богом, нежели приносить жертвы. Ищущий Господа найдет знание с правдою; истинно ищущие Его найдут мир.	lxx	по признакам		B: квадратные; в C (линия 1882, без вставок по греческому) нет	
Притч	16	30	30	[]	он - печь злобы	lxx	по признакам		B: квадратные; в C (линия 1882, без вставок по греческому) нет	
Притч	17	5	5	[]	а милосердый помилован будет	lxx	по признакам		B: квадратные; в C (линия 1882, без вставок по греческому) нет	
Притч	17	6	6	[]	У верного целый мир богатства, а у неверного - ни обола.	lxx	по признакам		B: квадратные; в C (линия 1882, без вставок по греческому) нет	
Притч	17	16	16	[]	Кто высоким делает свой дом, тот ищет разбиться; а уклоняющийся от учения впадет в беды.	lxx	по признакам		B: квадратные; в C (линия 1882, без вставок по греческому) нет	
Притч	18	8	8	[]	Ленивого низлагает страх, а души женоподобные будут голодать.	lxx	R10: вручную		B: квадратные; в C (линия 1882, без вставок по греческому) нет; в KJV нет	
Притч	18	23	23	[]	добрую	added	по признакам		B: квадратные; C (линия 1882): курсив — слово для связности, которого нет в еврейском	
Притч	18	23	23	[]	Кто изгоняет добрую жену, тот изгоняет счастье, а содержащий прелюбодейку - безумен и нечестив.	lxx	по признакам		B: квадратные; в C (линия 1882, без вставок по греческому) нет	
Притч	19	1	1	[]	богатый	added	по признакам		B: квадратные; C (линия 1882): курсив — слово для связности, которого нет в еврейском	
Притч	22	8	8	[]	Человека, доброхотно дающего, любит Бог, и недостаток дел его восполнит.	lxx	R10: вручную		B: квадратные; в C (линия 1882, без вставок по греческому) нет; в KJV нет	
Притч	22	9	9	[]	Победу и честь приобретает дающий дары, и даже овладевает душею получающих оные.	lxx	R10: вручную		B: квадратные; в C (линия 1882, без вставок по греческому) нет; в KJV нет	
Притч	23	35	35	[]	И скажешь:	added	по признакам		B: квадратные; C (линия 1882): курсив — слово для связности, которого нет в еврейском	
Притч	25	10	10	[]	Любовь и дружба освобождают: сбереги их для себя, чтобы не сделаться тебе достойным поношения; сохрани пути твои благоустроенными.	lxx	по признакам		B: квадратные; в C (линия 1882, без вставок по греческому) нет	
Притч	25	19	19	[]	человека	added	по признакам		B: квадратные; C (линия 1882): курсив — слово для связности, которого нет в еврейском	
Притч	25	20	20	[]	Как моль одежде и червь дереву, так печаль вредит сердцу человека.	lxx	по признакам		B: квадратные; в C (линия 1882, без вставок по греческому) нет	
Притч	25	22	22	[]	делая сие,	lxx	совет: WLC, LXX, CSL		B: квадратные; C (линия 1882): курсив — слово для связности, которого нет в еврейском	вид R10 «в» → lxx; § 8.4: «в» → «а»: LXX τοῦτο γὰρ ποιῶν
Притч	27	20	20	[]	Мерзость пред Господом дерзко поднимающий глаза, и неразумны невоздержанные языком.	lxx	R10: вручную		B: квадратные; в C (линия 1882, без вставок по греческому) нет; в KJV нет	
Притч	27	21	21	[]	Сердце беззаконника ищет зла, сердце же правое ищет знания.	lxx	по признакам		B: квадратные; в C (линия 1882, без вставок по греческому) нет	
Притч	29	6	27	[…	него, а праведник веселится и радуется. ¦ Праведник тщательно вникает в тяжбу бедных, а нечестивый не разбирает дела. ¦ Люди развратные возмущают город, а мудрые утишают мятеж. ¦ Умный человек, судясь с человеком глупым, сердится ли, смеется ли, - не имеет покоя. ¦ Кровожадные люди ненавидят непорочного, а праведные заботятся о его жизни. ¦ Глупый весь гнев свой изливает, а мудрый сдерживает его. ¦ Если правитель слушает ложные речи, то и все служащие у него нечестивы. ¦ Бедный и лихоимец встречаются друг с другом; но свет глазам того и другого дает Господь. ¦ Если царь судит бедных по правде, то престол его навсегда утвердится. ¦ Розга и обличение дают мудрость; но отрок, оставленный в небрежении, делает стыд своей матери. ¦ При умножении нечестивых умножается беззаконие; но праведники увидят падение их. ¦ Наказывай сына твоего, и он даст тебе покой, и доставит радость душе твоей. ¦ Без откровения свыше народ необуздан, а соблюдающий закон блажен. ¦ Словами не научится раб, потому что, хотя он понимает их, но не слушается. ¦ Видал ли ты человека опрометчивого в словах своих? на глупого больше надежды, нежели на него. ¦ Если с детства воспитывать раба в неге, то впоследствии он захочет быть сыном. ¦ Человек гневливый заводит ссору, и вспыльчивый много грешит. ¦ Гордость человека унижает его, а смиренный духом приобретает честь. ¦ Кто делится с вором, тот ненавидит душу свою; слышит он проклятие, но не объявляет о том. ¦ Боязнь пред людьми ставит сеть; а надеющийся на Господа будет безопасен. ¦ Многие ищут благосклонного лица правителя, но судьба человека - от Господа. ¦ Мерзость для праведников - человек неправедный, и мерзость для нечестивого - идущий прямым путем.	damage	совет: WLC	, а праведник веселится и радуется. ¦ Праведник тщательно вникает в тяжбу бедных, а нечестивый не разбирает дела. ¦ Люди развратные возмущают город, а мудрые утишают мятеж. ¦ Умный человек, судясь с человеком глупым, сердится ли, смеется ли, - не имеет покоя. ¦ Кровожадные люди ненавидят непорочного, а праведные заботятся о его жизни. ¦ Глупый весь гнев свой изливает, а мудрый сдерживает его. ¦ Если правитель слушает ложные речи, то и все служащие у него нечестивы. ¦ Бедный и лихоимец встречаются друг с другом; но свет глазам того и другого дает Господь. ¦ Если царь судит бедных по правде, то престол его навсегда утвердится. ¦ Розга и обличение дают мудрость; но отрок, оставленный в небрежении, делает стыд своей матери. ¦ При умножении нечестивых умножается беззаконие; но праведники увидят падение их. ¦ Наказывай сына твоего, и он даст тебе покой, и доставит радость душе твоей. ¦ Без откровения свыше народ необуздан, а соблюдающий закон блажен. ¦ Словами не научится раб, потому что, хотя он понимает их, но не слушается. ¦ Видал ли ты человека опрометчивого в словах своих? на глупого больше надежды, нежели на него. ¦ Если с детства воспитывать раба в неге, то впоследствии он захочет быть сыном. ¦ Человек гневливый заводит ссору, и вспыльчивый много грешит. ¦ Гордость человека унижает его, а смиренный духом приобретает честь. ¦ Кто делится с вором, тот ненавидит душу свою; слышит он проклятие, но не объявляет о том. ¦ Боязнь пред людьми ставит сеть; а надеющийся на Господа будет безопасен. ¦ Многие ищут благосклонного лица правителя, но судьба человека - от Господа. ¦ Мерзость для праведников - человек неправедный, и мерзость для нечестивого - идущий прямым путем.	незакрытая скобка: в B и C курсивом «для него», дальше по главе — обычный текст; повреждение электронного текста	§ 8.5: незакрытая скобка; «него» — «в» (нет в WLC), остальное до конца главы — текст
Притч	30	31	31	[]	предводитель стада,	lxx	R10: вручную		B: квадратные; в C (линия 1882, без вставок по греческому) нет; в KJV нет	
Еккл	5	5	5	[]	Божиим	added	по признакам		B: квадратные; C (линия 1882): курсив — слово для связности, которого нет в еврейском	
Еккл	9	2	2	[]	злому	added	по признакам		B: квадратные; C (линия 1882): курсив — слово для связности, которого нет в еврейском	
Ис	1	3	3	[]	Меня	added	по признакам		B: квадратные; C (линия 1882): курсив — слово для связности, которого нет в еврейском	
Ис	22	15	15	[]	и скажи ему	added	по признакам		B: квадратные; C (линия 1882): курсив — слово для связности, которого нет в еврейском	
Ис	33	18	18	[]	дань?	added	по признакам		B: курсив; C: курсив	
Ис	40	5	5	[]	спасение Божие	added	по признакам		B: квадратные; C (линия 1882): курсив — слово для связности, которого нет в еврейском	
Ис	44	2	2	[]	Израиль	added	по признакам		B: квадратные; C (линия 1882): курсив — слово для связности, которого нет в еврейском	
Ис	44	13	13	[]	выбрав дерево	added	по признакам		B: квадратные; C (линия 1882): курсив — слово для связности, которого нет в еврейском	
Ис	53	1	1	[]	Господи!	lxx	по признакам		B: квадратные; в C (линия 1882, без вставок по греческому) нет	
Ис	60	1	1	[]	Иерусалим	added	по признакам		B: квадратные; C (линия 1882): курсив — слово для связности, которого нет в еврейском	
Ис	66	3	3	[]	Беззаконник же,	lxx	по признакам		B: квадратные; в C (линия 1882, без вставок по греческому) нет	
Ис	66	3	3	[]	в память	lxx	по признакам		B: квадратные; в C (линия 1882, без вставок по греческому) нет	
Иер	2	29	29	[]	нечестиво поступали и	lxx	по признакам		B: квадратные; в C (линия 1882, без вставок по греческому) нет	
Иер	2	30	30	[]	, и вы не убоялись	lxx	по признакам		B: квадратные; в C (линия 1882, без вставок по греческому) нет	
Иер	5	13	13	[]	Господня	added	по признакам		B: квадратные; C (линия 1882): курсив — слово для связности, которого нет в еврейском	
Иер	33	2	2	[]	землю	added	по признакам		B: квадратные; C (линия 1882): курсив — слово для связности, которого нет в еврейском	
Иез	1	2	2	()	это был пятый год от пленения царя Иоакима	gloss	совет: WLC		B и C: круглые скобки; есть в еврейском тексте (проверено по KJV — переводу с еврейского)	§ 8.1: выборочная проверка — есть в WLC
Иез	1	7	7	()	и крылья их легкие	lxx	совет: WLC, LXX, CSL		B: круглые скобки, но в C и в KJV слов нет, в славянском («и легка крила их») есть — дополнение по греческому	§ 8.2: нет в WLC; есть в LXX
Иез	7	2	2	[]	скажи	lxx	совет: WLC, LXX, CSL		B: квадратные; C (линия 1882): курсив — слово для связности, которого нет в еврейском	вид R10 «в» → lxx; § 8.4: «в» → «а»: LXX εἰπόν
Иез	8	2	2	[]	мужа	added	по признакам		B: квадратные; C (линия 1882): курсив — слово для связности, которого нет в еврейском	
Иез	39	16	16	[]	полчище	lxx	по признакам		B: квадратные; в C (линия 1882, без вставок по греческому) нет	
Дан	3	91	91	[]	услышав, что они поют,	lxx	по признакам		B: квадратные; в C (линия 1882, без вставок по греческому) нет	
Дан	3	95	95	[]	огню	added	по признакам		B: квадратные; C (линия 1882): курсив — слово для связности, которого нет в еврейском	
Дан	3	97	97	[]	и возвеличил их и удостоил их начальства над прочими Иудеями в его царстве	lxx	по признакам		B: квадратные; в C (линия 1882, без вставок по греческому) нет	
Ос	1	9	9	[]	Богом	added	по признакам		B: квадратные; C (линия 1882): курсив — слово для связности, которого нет в еврейском	
Ос	9	11	11	[]	чадородия	lxx	по признакам		B: квадратные; в C (линия 1882, без вставок по греческому) нет	
Ос	9	11	11	[]	не будет	added	по признакам		B: квадратные; C (линия 1882): курсив — слово для связности, которого нет в еврейском	
Ос	12	5	5	[]	Иегова	lxx	по признакам		B: квадратные; в C (линия 1882, без вставок по греческому) нет	
Авв	3	19	19	[]	Начальнику хора.	gloss	совет: WLC		C: круглые скобки; надписание есть в еврейском тексте (KJV: «To the chief singer…»)	§ 8.1: слова есть в WLC
Зах	14	18	18	[]	сюда	lxx	по признакам		B: квадратные; в C (линия 1882, без вставок по греческому) нет	
Мф	1	25	25	[]	Как	added	совет: TR, SBLGNT, CSL		B: без пометы; C: курсив; в TR (Скривенер 1894) «ἕως οὗ» — слово перевода, не вставка	§ 8.5: TR ἕως οὗ — «в» подтверждено
Мф	2	9	9	[]	И	damage	совет: TR	И	ошибочная скобка: «И» есть в TR (Скривенер 1894) («καὶ ἰδοὺ»), в B, C, E без пометы	§ 8.5: «И» есть в TR (καὶ ἰδού) — лишняя скобка
Мф	8	18	18	[]	ученикам	added	совет: TR, SBLGNT, CSL		B и C: курсив; в TR (Скривенер 1894) нет (в славянском «(учеником)»)	§ 8.5: нет в TR; CSL в скобках — «в» подтверждено
Мф	16	20	20	[]	Иисус	slav	совет: TR, SBLGNT, CSL		B и C: курсив; в TR (Скривенер 1894) нет	вид R10 «в» → slav; § 8.5, § 9 п. 3: «в» → «г-нз»: нет в TR и SBLGNT; CSL «запрети Иисус»
Мк	6	14	14	[]	ибо имя Его стало гласно	gloss	совет: TR, SBLGNT		B и C: круглые скобки; слова есть в греческом TR (Скривенер 1894) и SBLGNT; у нас ошибочно квадратные	§ 8.1: слова есть в TR и SBLGNT
Ин	1	42	42	()	Петр	gloss	совет: TR		B и C: круглые скобки; «Петр» есть в TR (Скривенер 1894) («ὃ ἑρμηνεύεται Πέτρος»)	§ 8.1: выборочная проверка — есть в TR
Ин	7	22	22	[]	хотя оно не от Моисея, но от отцов	gloss	совет: TR, SBLGNT		B и C: круглые скобки; есть в TR (Скривенер 1894) и SBLGNT; у нас ошибочно квадратные	§ 8.1: слова есть в TR и SBLGNT
Деян	1	16	16	()	было же собрание человек около ста двадцати	gloss	совет: TR		B: круглые скобки; в TR (Скривенер 1894) эти слова в конце 1:15	§ 8.1: выборочная проверка — есть в TR
Деян	7	13	13	[]	они пришли	added	совет: TR, SBLGNT, CSL		B и C: курсив; в TR (Скривенер 1894) нет	§ 8.5: CSL в скобках — «в» подтверждено
Деян	11	13	13	()	святого	slav	совет: TR, SBLGNT, CSL		B: круглые скобки; нет в TR (Скривенер 1894); есть в славянском переводе	§ 8.2: нет в TR
Деян	12	25	25	()	в Антиохию	slav	совет: TR, SBLGNT, CSL		B: круглые скобки; нет в TR (Скривенер 1894); есть в славянском переводе	§ 8.2: нет в TR
Деян	13	8	8	()	ибо то значит имя его	gloss	совет: TR		B и C: круглые скобки; есть в TR (Скривенер 1894)	§ 8.1: выборочная проверка — есть в TR
Деян	15	34	34	()	А Иуда возвратился в Иерусалим.	slav	совет: TR, SBLGNT, CSL		B: круглые скобки; нет в TR (Скривенер 1894); есть в славянском переводе	§ 8.2: нет в TR
Деян	18	21	21	()	Акила же и Прискилла остались в Ефесе	slav	совет: TR, SBLGNT, CSL		B: круглые скобки; нет в TR (Скривенер 1894); есть в славянском переводе	§ 8.2: нет в TR
Деян	26	23	23	()	Иудейскому	slav	совет: TR, SBLGNT, CSL		B: круглые скобки; нет в TR (Скривенер 1894); есть в славянском переводе	§ 8.2: нет в TR
1Пет	1	13	13	[]	возлюбленные,	slav	R10: вручную		B: круглые скобки; нет в TR (Скривенер 1894); есть в славянском переводе; у нас ошибочно квадратные	
1Пет	2	25	25	()	не имея пастыря	slav	совет: TR, SBLGNT, CSL		B: круглые скобки; нет в TR (Скривенер 1894); есть в славянском переводе	§ 8.2: нет в TR
1Пет	3	12	12	()	чтобы истребить их с земли	slav	совет: TR, SBLGNT, CSL		B: круглые скобки; нет в TR (Скривенер 1894); есть в славянском переводе	§ 8.2: нет в TR
1Пет	4	3	3	()	мужеложству, скотоложству, помыслам	slav	совет: TR, SBLGNT, CSL		B: круглые скобки; нет в TR (Скривенер 1894); есть в славянском переводе	§ 8.2: нет в TR
2Пет	2	8	8	()	ибо сей праведник, живя между ними, ежедневно мучился в праведной душе, видя и слыша дела беззаконные	gloss	совет: TR		B: круглые скобки; есть в TR (Скривенер 1894)	§ 8.1: выборочная проверка — есть в TR
1Ин	4	2	2	()	и духа заблуждения	slav	совет: TR, SBLGNT, CSL		B: круглые скобки; нет в TR (Скривенер 1894); есть в славянском переводе	§ 8.2: нет в TR
1Ин	5	12	12	()	Божия	slav	совет: TR, SBLGNT, CSL		B: круглые скобки; нет в TR (Скривенер 1894); есть в славянском переводе	§ 8.2: нет в TR
Иуд	1	16	16	()	нечестиво и беззаконно	slav	совет: TR, SBLGNT, CSL		B: круглые скобки; нет в TR (Скривенер 1894); есть в славянском переводе	§ 8.2: нет в TR
Иуд	1	19	19	()	от единства веры	slav	совет: TR, SBLGNT, CSL		B: круглые скобки; нет в TR (Скривенер 1894); есть в славянском переводе	§ 8.2: нет в TR
Рим	1	13	13	()	но встречал препятствия даже доныне	gloss	R10: вручную		B и C: круглые скобки; есть в TR (Скривенер 1894)	
Рим	2	3	3	()	сам	slav	совет: TR, SBLGNT, CSL		B: круглые скобки; нет в TR (Скривенер 1894); есть в славянском переводе	§ 8.2: нет в TR
Рим	2	13	15	()	потому что не слушатели закона праведны пред Богом, но исполнители закона оправданы будут, ¦ ибо когда язычники, не имеющие закона, по природе законное делают, то, не имея закона, они сами себе закон: ¦ они показывают, что дело закона у них написано в сердцах, о чем свидетельствует совесть их и мысли их, то обвиняющие, то оправдывающие одна другую	gloss	R10: вручную		B: круглые скобки (2:13–15); есть в TR (Скривенер 1894)	
Рим	3	5	5	()	говорю по человеческому рассуждению	gloss	совет: TR		B: круглые скобки; есть в TR (Скривенер 1894)	§ 8.1: выборочная проверка — есть в TR
Рим	4	17	17	()	как написано: Я поставил тебя отцом многих народов	gloss	R10: вручную		B: круглые скобки; есть в TR (Скривенер 1894); в SBLGNT тоже скобка	
Рим	7	1	1	()	ибо говорю знающим закон	gloss	R10: вручную		B: круглые скобки; есть в TR (Скривенер 1894)	
Рим	9	11	12	()	дабы изволение Божие в избрании происходило ¦ не от дел, но от Призывающего	gloss	R10: вручную		B: круглые скобки (9:11–12); есть в TR (Скривенер 1894)	
Рим	15	9	9	()	Господи,	slav	совет: TR, SBLGNT, CSL		B: круглые скобки; нет в TR (Скривенер 1894); есть в славянском переводе	§ 8.2: нет в TR
Рим	16	4	4	()	которые голову свою полагали за мою душу, которых не я один благодарю, но и все церкви из язычников	gloss	R10: вручную		B: круглые скобки; есть в TR (Скривенер 1894)	
1Кор	16	15	15	()	вы знаете семейство Стефаново, что оно есть начаток Ахаии и что они посвятили себя на служение святым	gloss	совет: TR		B: круглые скобки; есть в TR (Скривенер 1894)	§ 8.1: выборочная проверка — есть в TR
2Кор	11	21	21	()	скажу по неразумию	gloss	R10: вручную		B: круглые скобки; есть в TR (Скривенер 1894)	
2Кор	11	23	23	()	в безумии говорю:	gloss	R10: вручную		B: круглые скобки; есть в TR (Скривенер 1894)	
2Кор	12	2	2	()	в теле ли — не знаю, вне ли тела — не знаю: Бог знает	gloss	R10: вручную		B и C: круглые скобки; есть в TR (Скривенер 1894)	
2Кор	12	3	3	()	только не знаю — в теле, или вне тела: Бог знает	gloss	R10: вручную		B и C: круглые скобки; есть в TR (Скривенер 1894)	
Гал	2	8	8	[]	ибо Содействовавший Петру в апостольстве у обрезанных содействовал и мне у язычников	gloss	совет: TR, SBLGNT		B: круглые скобки; есть в TR (Скривенер 1894) и SBLGNT; у нас ошибочно квадратные	§ 8.1: слова есть в TR и SBLGNT
Гал	3	13	13	[]	ибо написано: проклят всяк, висящий на древе	gloss	совет: TR, SBLGNT		B и C: круглые скобки; есть в TR (Скривенер 1894) и SBLGNT; у нас ошибочно квадратные	§ 8.1: слова есть в TR и SBLGNT
Гал	4	4	4	[]	Единородного	slav	R10: вручную		B: круглые скобки; нет в TR (Скривенер 1894); есть в славянском переводе; у нас ошибочно квадратные	
Гал	5	20	20	[]	соблазны,	slav	R10: вручную		B: круглые скобки; нет в TR (Скривенер 1894); есть в славянском переводе; у нас ошибочно квадратные	
Еф	3	3	3	()	о чем я и выше писал кратко	gloss	R10: вручную		B и C: круглые скобки; есть в TR (Скривенер 1894)	
Кол	2	22	22	[]	что все истлевает от употребления	gloss	совет: TR, SBLGNT		B: круглые скобки; есть в TR (Скривенер 1894) и SBLGNT; у нас ошибочно квадратные	§ 8.1: слова есть в TR и SBLGNT
Кол	4	10	10	[]	о котором вы получили приказания: если придет к вам, примите его	gloss	совет: TR, SBLGNT		B и C: круглые скобки; есть в TR (Скривенер 1894) и SBLGNT (в SBLGNT тоже в скобках); у нас ошибочно квадратные	§ 8.1: слова есть в TR и SBLGNT
1Тим	1	10	10	()	клеветников, скотоложников,	slav	совет: TR, SBLGNT, CSL		B: круглые скобки; нет в TR (Скривенер 1894); есть в славянском переводе	§ 8.2: нет в TR
1Тим	1	14	14	()	Иисуса Христа	slav	совет: TR, SBLGNT, CSL		B: круглые скобки; нет в TR (Скривенер 1894); есть в славянском переводе	§ 8.2: нет в TR
Флм	1	2	2	()	сестре	slav	совет: TR, SBLGNT, CSL		B: круглые скобки; нет в TR (Скривенер 1894), есть в SBLGNT («ἀδελφῇ») и в славянском	§ 8.2: нет в TR, есть в SBLGNT и CSL — подпись не «нет в греческом», а по сверке места (§ 9 п. 6)
Евр	1	3	3	()	престола	slav	совет: TR, SBLGNT, CSL		B: круглые скобки; нет в TR (Скривенер 1894); есть в славянском переводе	§ 8.2: нет в TR
Евр	11	7	7	()	весь	slav	совет: TR, SBLGNT, CSL		B: круглые скобки; нет в TR (Скривенер 1894); есть в славянском переводе	§ 8.2: нет в TR
Евр	11	11	11	()	будучи неплодна	slav	совет: TR, SBLGNT, CSL		B: круглые скобки; нет в TR (Скривенер 1894); есть в славянском переводе	§ 8.2: нет в TR
Евр	11	31	31	()	и проводив их другим путем	slav	совет: TR, SBLGNT, CSL		B: круглые скобки; нет в TR (Скривенер 1894); есть в славянском переводе	§ 8.2: нет в TR
Евр	11	32	32	()	других	slav	совет: TR, SBLGNT, CSL		B: круглые скобки; нет в TR (Скривенер 1894); есть в славянском переводе	§ 8.2: нет в TR
Евр	12	20	20	()	или поражен стрелою	slav	совет: TR, SBLGNT, CSL		B: круглые скобки; есть в TR (Скривенер 1894), но нет в SBLGNT и в славянском — чтение поздних рукописей	§ 8.2: есть в TR, нет в SBLGNT и CSL — подпись не «нет в греческом», а по сверке места (§ 9 п. 6)
Евр	13	20	20	[]	Христа	slav	совет: TR, SBLGNT, CSL		B: курсив; в TR (Скривенер 1894) и SBLGNT нет, в славянском есть	вид R10 «в» → slav; § 8.5, § 9 п. 3: «в» → «г-нз»: нет в TR; CSL «Иисуса Христа»
Откр	2	9	9	()	впрочем ты богат	gloss	совет: TR		B и C: круглые скобки; есть в TR (Скривенер 1894) («πλούσιος δὲ εἶ»)	§ 8.1: выборочная проверка — есть в TR
Откр	2	11	11	()	слышать	slav	совет: TR, SBLGNT, CSL		B: круглые скобки; нет в TR (Скривенер 1894); есть в славянском переводе	§ 8.2: нет в TR
Откр	2	17	17	()	слышать	slav	совет: TR, SBLGNT, CSL		B: круглые скобки; нет в TR (Скривенер 1894); есть в славянском переводе	§ 8.2: нет в TR
Откр	2	29	29	()	слышать	slav	совет: TR, SBLGNT, CSL		B: круглые скобки; нет в TR (Скривенер 1894); есть в славянском переводе	§ 8.2: нет в TR
