книга	глава	стих	стих KJV	группа	номер в группе	слово TSK	адрес TSK	причина	источник
Быт	4	23	Gen.4.23	1	3	hear	49:6	перенос строки в источнике: книга неясна	src-tsk
Быт	5	22	Gen.5.22	1	16		Ps.116.9	синодальный стих Пс 114:9 пуст в нашем тексте (tools/bible/source-issues.tsv)	src-tsk
Быт	12	10	Gen.12.10	1	7	was a	1Kgs.17.1-1Kgs.18.46	в диапазоне: один стих KJV — несколько синодальных: 3Цар 18:33, 3Цар 18:34	src-tsk
Быт	12	15	Gen.12.15	1	5	princes	40:2	перенос строки в источнике: книга неясна	src-tsk
Быт	12	15	Gen.12.15	1	6	princes	41:1	перенос строки в источнике: книга неясна	src-tsk
Быт	16	13	Gen.16.13	1	5	called	28:17:19	адрес не разобран	src-tsk
Быт	17	1	Gen.17.1	4	9	walk	Ps.116.9	синодальный стих Пс 114:9 пуст в нашем тексте (tools/bible/source-issues.tsv)	src-tsk
Быт	20	7	Gen.20.7	1	1	a prophet	1Kgs.18.1-1Kgs.18.46	в диапазоне: один стих KJV — несколько синодальных: 3Цар 18:33, 3Цар 18:34	src-tsk
Быт	21	23	Gen.21.23	1	11	swear	1Sam.20.42	один стих KJV — несколько синодальных: 1Цар 20:42, 1Цар 20:43	src-tsk
Быт	35	11	Gen.35.11	2	16	a nation	1Sa 1:1- 2Ch 36:23	диапазон через несколько книг	src-tsk
Быт	49	8	Gen.49.8	2	19	thy hand	Phlm.2.10	нет главы Phlm 2 в KJV	src-tsk
Быт	49	8	Gen.49.8	2	20	thy hand	Phlm.2.11	нет главы Phlm 2 в KJV	src-tsk
Исх	3	12	Exod.3.12	3	2	ye shall	Lev.1.1-Lev.27.34	в диапазоне: таблица неполна: Лев 14:55 = KJV 14:55–56, Лев 14:56 = KJV 14:57 (по тексту); строки в таблице нет	src-tsk
Исх	38	21	Exod.38.21	1	18	tabernacle of testimony	26:1	перенос строки в источнике: книга неясна	src-tsk
Лев	1	8	Lev.1.8	1	7		1Kgs.18.33	один стих KJV — несколько синодальных: 3Цар 18:33, 3Цар 18:34	src-tsk
Лев	4	7	Lev.4.7	1	6	the horns	Heb.9.21-Heb.9.15	конец диапазона раньше начала	src-tsk
Лев	7	21	Lev.7.21	1	3	the uncleanness	12	голый номер после «;»: глава неясна	src-tsk
Лев	13	2	Lev.13.2	1	1	rising	Lev.14.56	таблица неполна: KJV 14:56 — вторая часть Лев 14:55, а таблица ведёт его в Лев 14:56	src-tsk
Лев	14	2	Lev.14.2	1	1	the law	Lev.14.54-Lev.14.57	в диапазоне: таблица неполна: Лев 14:55 = KJV 14:55–56, Лев 14:56 = KJV 14:57 (по тексту); строки в таблице нет	src-tsk
Лев	14	32	Lev.14.32	1	2		Lev.14.54-Lev.14.57	в диапазоне: таблица неполна: Лев 14:55 = KJV 14:55–56, Лев 14:56 = KJV 14:57 (по тексту); строки в таблице нет	src-tsk
			Lev.14.55	1	1	the leprosy	Lev.13.47-Lev.13.59	исходный стих: таблица неполна: Лев 14:55 = KJV 14:55–56, Лев 14:56 = KJV 14:57 (по тексту); строки в таблице нет	src-tsk
			Lev.14.55	2	1	of a house	Lev.14.34	исходный стих: таблица неполна: Лев 14:55 = KJV 14:55–56, Лев 14:56 = KJV 14:57 (по тексту); строки в таблице нет	src-tsk
			Lev.14.56	1	1	a rising	Lev.13.2	исходный стих: таблица неполна: KJV 14:56 — вторая часть Лев 14:55, а таблица ведёт его в Лев 14:56	src-tsk
			Lev.14.57	1	1	teach	Lev.10.10	исходный стих: таблица неполна: KJV 14:57 = Лев 14:56; строки в таблице нет	src-tsk
			Lev.14.57	1	2	teach	Jer.15.19	исходный стих: таблица неполна: KJV 14:57 = Лев 14:56; строки в таблице нет	src-tsk
			Lev.14.57	1	3	teach	Ezek.44.23	исходный стих: таблица неполна: KJV 14:57 = Лев 14:56; строки в таблице нет	src-tsk
			Lev.14.57	2	1	when it is unclean, and when it is clean	Deut.24.8	исходный стих: таблица неполна: KJV 14:57 = Лев 14:56; строки в таблице нет	src-tsk
Лев	15	32	Lev.15.32	1	6		Lev.14.54-Lev.14.57	в диапазоне: таблица неполна: Лев 14:55 = KJV 14:55–56, Лев 14:56 = KJV 14:57 (по тексту); строки в таблице нет	src-tsk
Лев	17	8	Lev.17.8	1	10	that offereth	1Kgs.18.30-1Kgs.18.38	в диапазоне: один стих KJV — несколько синодальных: 3Цар 18:33, 3Цар 18:34	src-tsk
Лев	20	7	Lev.20.7	1	4		Phlm.2.12	нет главы Phlm 2 в KJV	src-tsk
Лев	20	7	Lev.20.7	1	5		Phlm.2.13	нет главы Phlm 2 в KJV	src-tsk
Чис	5	29	Num.5.29	1	4	the law	Lev.14.54-Lev.14.57	в диапазоне: таблица неполна: Лев 14:55 = KJV 14:55–56, Лев 14:56 = KJV 14:57 (по тексту); строки в таблице нет	src-tsk
Чис	18	21	Num.18.21	1	8	the tenth	Neh.10.37-Neh.10.29	конец диапазона раньше начала	src-tsk
Чис	30	17	Num.30.16	1	6		Lev.14.54-Lev.14.57	в диапазоне: таблица неполна: Лев 14:55 = KJV 14:55–56, Лев 14:56 = KJV 14:57 (по тексту); строки в таблице нет	src-tsk
Чис	36	13	Num.36.13	1	5	the commandments	Lev.14.54-Lev.14.57	в диапазоне: таблица неполна: Лев 14:55 = KJV 14:55–56, Лев 14:56 = KJV 14:57 (по тексту); строки в таблице нет	src-tsk
Втор	21	22	Deut.21.22	2	3	See also	19:6	перенос строки в источнике: книга неясна	src-tsk
Втор	21	22	Deut.21.22	2	4	See also	22:26	перенос строки в источнике: книга неясна	src-tsk
Втор	23	15	Deut.23.15	1	3	We cannot suppose that this law required the Israelites to entertain slaves who 	Phlm.10.19	нет главы Phlm 10 в KJV	src-tsk
Втор	24	8	Deut.24.8	1	1		Lev.13.1-Lev.14.57	в диапазоне: таблица неполна: Лев 14:55 = KJV 14:55–56, Лев 14:56 = KJV 14:57 (по тексту); строки в таблице нет	src-tsk
Суд	6	20	Judg.6.20	2	1	pour out	1Kgs.18.33	один стих KJV — несколько синодальных: 3Цар 18:33, 3Цар 18:34	src-tsk
Суд	13	19	Judg.13.19	1	3	took	1Kgs.18.30-1Kgs.18.38	в диапазоне: один стих KJV — несколько синодальных: 3Цар 18:33, 3Цар 18:34	src-tsk
Суд	16	2	Judg.16.2	1	5	compassed	2Cor.11.32	у стиха KJV нет синодальной пары в таблице	src-tsk
Руф	4	13	Ruth.4.13	2	12	the Lord	2:5	перенос строки в источнике: книга неясна	src-tsk
1Цар	4	1	1Sam.4.1	3	2	Aphek	29:1	перенос строки в источнике: книга неясна	src-tsk
1Цар	6	14	1Sam.6.14	1	10	offered	1Kgs.18.30-1Kgs.18.38	в диапазоне: один стих KJV — несколько синодальных: 3Цар 18:33, 3Цар 18:34	src-tsk
1Цар	7	9	1Sam.7.9	1	9	a sucking	1Kgs.18.30-1Kgs.18.38	в диапазоне: один стих KJV — несколько синодальных: 3Цар 18:33, 3Цар 18:34	src-tsk
1Цар	7	17	1Sam.7.17	2	7	he built	1Kgs.18.30-1Kgs.18.36	в диапазоне: один стих KJV — несколько синодальных: 3Цар 18:33, 3Цар 18:34	src-tsk
1Цар	18	3	1Sam.18.3	1	2	made a covenant	1Sam.20.42	один стих KJV — несколько синодальных: 1Цар 20:42, 1Цар 20:43	src-tsk
1Цар	19	12	1Sam.19.12	2	4	let David	2Cor.11.32	у стиха KJV нет синодальной пары в таблице	src-tsk
1Цар	20	9	1Sam.20.9	1	2	then would	1Sam.20.42	один стих KJV — несколько синодальных: 1Цар 20:42, 1Цар 20:43	src-tsk
1Цар	20	23	1Sam.20.23	2	1	the Lord	1Sam.20.42	один стих KJV — несколько синодальных: 1Цар 20:42, 1Цар 20:43	src-tsk
			1Sam.20.42	1	1	Go in peace	1Sam.20.22	исходный стих: один стих KJV — несколько синодальных: 1Цар 20:42, 1Цар 20:43	src-tsk
			1Sam.20.42	1	2	Go in peace	1Sam.1.17	исходный стих: один стих KJV — несколько синодальных: 1Цар 20:42, 1Цар 20:43	src-tsk
			1Sam.20.42	1	3	Go in peace	Num.6.26	исходный стих: один стих KJV — несколько синодальных: 1Цар 20:42, 1Цар 20:43	src-tsk
			1Sam.20.42	1	4	Go in peace	Luke.7.50	исходный стих: один стих KJV — несколько синодальных: 1Цар 20:42, 1Цар 20:43	src-tsk
			1Sam.20.42	1	5	Go in peace	Acts.16.36	исходный стих: один стих KJV — несколько синодальных: 1Цар 20:42, 1Цар 20:43	src-tsk
			1Sam.20.42	2	1	forasmuch as	1Sam.20.23	исходный стих: один стих KJV — несколько синодальных: 1Цар 20:42, 1Цар 20:43	src-tsk
			1Sam.20.42	3	1	And he arose	1Sam.23.18	исходный стих: один стих KJV — несколько синодальных: 1Цар 20:42, 1Цар 20:43	src-tsk
1Цар	22	8	1Sam.22.8	2	5	that my son	1Sam.20.42	один стих KJV — несколько синодальных: 1Цар 20:42, 1Цар 20:43	src-tsk
1Цар	23	18	1Sam.23.18	1	3		1Sam.20.42	один стих KJV — несколько синодальных: 1Цар 20:42, 1Цар 20:43	src-tsk
1Цар	25	35	1Sam.25.35	1	1	Go up	1Sam.20.42	один стих KJV — несколько синодальных: 1Цар 20:42, 1Цар 20:43	src-tsk
1Цар	28	6	1Sam.28.6	1	3	enquired	1:	адрес не разобран	src-tsk
1Цар	28	6	1Sam.28.6	1	4	enquired	27	номер без главы после названия книги	src-tsk
1Цар	28	6	1Sam.28.6	1	5	enquired	28	номер без главы после названия книги	src-tsk
2Цар	9	1	2Sam.9.1	1	4	shew him	1Sam.20.42	один стих KJV — несколько синодальных: 1Цар 20:42, 1Цар 20:43	src-tsk
2Цар	14	11	2Sam.14.11	1	5	let the king	1Sam.20.42	один стих KJV — несколько синодальных: 1Цар 20:42, 1Цар 20:43	src-tsk
2Цар	16	2	2Sam.16.2	1	4	What meanest	15:1	перенос строки в источнике: книга неясна	src-tsk
2Цар	16	2	2Sam.16.2	1	5	What meanest	19:26	перенос строки в источнике: книга неясна	src-tsk
2Цар	20	26	2Sam.20.26	3	6	chief ruler	24:11	перенос строки в источнике: книга неясна	src-tsk
2Цар	21	7	2Sam.21.7	2	5	because	1Sam.20.42	один стих KJV — несколько синодальных: 1Цар 20:42, 1Цар 20:43	src-tsk
3Цар	1	25	1Kgs.1.25	1	5	slain	1Chr.29.21-1Chr.29.13	конец диапазона раньше начала	src-tsk
3Цар	4	32	1Kgs.4.32	2	1	songs	Song.1.1-Song.1.17	у стиха KJV нет синодальной пары в таблице	src-tsk
3Цар	7	15	1Kgs.7.15	1	6	cast	Jer.52.21-Jer.52.13	конец диапазона раньше начала	src-tsk
3Цар	8	36	1Kgs.8.36	3	2	give rain	1Kgs.18.27-1Kgs.18.40	в диапазоне: один стих KJV — несколько синодальных: 3Цар 18:33, 3Цар 18:34	src-tsk
3Цар	18	1	1Kgs.18.1	3	2	Go	1Kgs.18.15-1Kgs.18.40	в диапазоне: один стих KJV — несколько синодальных: 3Цар 18:33, 3Цар 18:34	src-tsk
			1Kgs.18.33	1	1	he put	Gen.22.9	исходный стих: один стих KJV — несколько синодальных: 3Цар 18:33, 3Цар 18:34	src-tsk
			1Kgs.18.33	1	2	he put	Lev.1.6-Lev.1.8	исходный стих: один стих KJV — несколько синодальных: 3Цар 18:33, 3Цар 18:34	src-tsk
			1Kgs.18.33	2	1	Fill four	Dan.3.19	исходный стих: один стих KJV — несколько синодальных: 3Цар 18:33, 3Цар 18:34	src-tsk
			1Kgs.18.33	2	2	Fill four	Dan.3.25	исходный стих: один стих KJV — несколько синодальных: 3Цар 18:33, 3Цар 18:34	src-tsk
			1Kgs.18.33	2	3	Fill four	John.11.39	исходный стих: один стих KJV — несколько синодальных: 3Цар 18:33, 3Цар 18:34	src-tsk
			1Kgs.18.33	2	4	Fill four	John.11.40	исходный стих: один стих KJV — несколько синодальных: 3Цар 18:33, 3Цар 18:34	src-tsk
			1Kgs.18.33	2	5	Fill four	John.19.33	исходный стих: один стих KJV — несколько синодальных: 3Цар 18:33, 3Цар 18:34	src-tsk
			1Kgs.18.33	2	6	Fill four	John.19.34	исходный стих: один стих KJV — несколько синодальных: 3Цар 18:33, 3Цар 18:34	src-tsk
			1Kgs.18.33	3	1	pour it	Judg.6.20	исходный стих: один стих KJV — несколько синодальных: 3Цар 18:33, 3Цар 18:34	src-tsk
4Цар	5	25	2Kgs.5.25	1	5	stood before	Matt.26.21-Matt.26.15	конец диапазона раньше начала	src-tsk
1Пар	18	13	1Chr.18.13	1	7	garrisons	2Cor.11.32	у стиха KJV нет синодальной пары в таблице	src-tsk
2Пар	6	26	2Chr.6.26	1	4	the heaven	1Kgs.17.1-1Kgs.18.46	в диапазоне: один стих KJV — несколько синодальных: 3Цар 18:33, 3Цар 18:34	src-tsk
2Пар	25	8	2Chr.25.8	2	8	God hath power	Ps.33.16-Ps.33.10	конец диапазона раньше начала	src-tsk
Иов	38	35	Job.38.35	2	4	Here we are	65:1	перенос строки в источнике: книга неясна	src-tsk
			Ps.3.1	2	1	when	2Sam.15.1-2Sam.18.33	исходный стих: надписание псалма: группы надписания и стиха 1 в записи TSK не разделены, а в синодальном тексте это разные стихи (надписание — Пс 3:1; стих 1 — Пс 3:2)	src-tsk
			Ps.3.1	3	1	how	2Sam.15.12	исходный стих: надписание псалма: группы надписания и стиха 1 в записи TSK не разделены, а в синодальном тексте это разные стихи (надписание — Пс 3:1; стих 1 — Пс 3:2)	src-tsk
			Ps.3.1	3	2	how	2Sam.16.15	исходный стих: надписание псалма: группы надписания и стиха 1 в записи TSK не разделены, а в синодальном тексте это разные стихи (надписание — Пс 3:1; стих 1 — Пс 3:2)	src-tsk
			Ps.3.1	3	3	how	2Sam.17.11-2Sam.17.13	исходный стих: надписание псалма: группы надписания и стиха 1 в записи TSK не разделены, а в синодальном тексте это разные стихи (надписание — Пс 3:1; стих 1 — Пс 3:2)	src-tsk
			Ps.3.1	3	4	how	Matt.27.25	исходный стих: надписание псалма: группы надписания и стиха 1 в записи TSK не разделены, а в синодальном тексте это разные стихи (надписание — Пс 3:1; стих 1 — Пс 3:2)	src-tsk
			Ps.3.1	4	1	many	Ps.17.7	исходный стих: надписание псалма: группы надписания и стиха 1 в записи TSK не разделены, а в синодальном тексте это разные стихи (надписание — Пс 3:1; стих 1 — Пс 3:2)	src-tsk
			Ps.3.1	4	2	many	Matt.10.21	исходный стих: надписание псалма: группы надписания и стиха 1 в записи TSK не разделены, а в синодальном тексте это разные стихи (надписание — Пс 3:1; стих 1 — Пс 3:2)	src-tsk
			Ps.4.1	1	1	(Title.) chief Musician	Ps.22.1	исходный стих: надписание псалма: группы надписания и стиха 1 в записи TSK не разделены, а в синодальном тексте это разные стихи (надписание — Пс 4:1; стих 1 — Пс 4:2)	src-tsk
			Ps.4.1	1	2	(Title.) chief Musician	Ps.42.1	исходный стих: надписание псалма: группы надписания и стиха 1 в записи TSK не разделены, а в синодальном тексте это разные стихи (надписание — Пс 4:1; стих 1 — Пс 4:2)	src-tsk
			Ps.4.1	1	3	(Title.) chief Musician	Ps.45.1	исходный стих: надписание псалма: группы надписания и стиха 1 в записи TSK не разделены, а в синодальном тексте это разные стихи (надписание — Пс 4:1; стих 1 — Пс 4:2)	src-tsk
			Ps.4.1	1	5	(Title.) chief Musician	1Chr.25.1-1Chr.25.6	исходный стих: надписание псалма: группы надписания и стиха 1 в записи TSK не разделены, а в синодальном тексте это разные стихи (надписание — Пс 4:1; стих 1 — Пс 4:2)	src-tsk
			Ps.4.1	2	1	Neginoth	Ps.6.1	исходный стих: надписание псалма: группы надписания и стиха 1 в записи TSK не разделены, а в синодальном тексте это разные стихи (надписание — Пс 4:1; стих 1 — Пс 4:2)	src-tsk
			Ps.4.1	2	2	Neginoth	Ps.67.1	исходный стих: надписание псалма: группы надписания и стиха 1 в записи TSK не разделены, а в синодальном тексте это разные стихи (надписание — Пс 4:1; стих 1 — Пс 4:2)	src-tsk
			Ps.4.1	2	3	Neginoth	Ps.76.1	исходный стих: надписание псалма: группы надписания и стиха 1 в записи TSK не разделены, а в синодальном тексте это разные стихи (надписание — Пс 4:1; стих 1 — Пс 4:2)	src-tsk
			Ps.4.1	2	5	Neginoth	Hab.3.19	исходный стих: надписание псалма: группы надписания и стиха 1 в записи TSK не разделены, а в синодальном тексте это разные стихи (надписание — Пс 4:1; стих 1 — Пс 4:2)	src-tsk
			Ps.4.1	3	1	O	Ps.11.7	исходный стих: надписание псалма: группы надписания и стиха 1 в записи TSK не разделены, а в синодальном тексте это разные стихи (надписание — Пс 4:1; стих 1 — Пс 4:2)	src-tsk
			Ps.4.1	3	2	O	Ps.24.5	исходный стих: надписание псалма: группы надписания и стиха 1 в записи TSK не разделены, а в синодальном тексте это разные стихи (надписание — Пс 4:1; стих 1 — Пс 4:2)	src-tsk
			Ps.4.1	3	3	O	Ps.41.12	исходный стих: надписание псалма: группы надписания и стиха 1 в записи TSK не разделены, а в синодальном тексте это разные стихи (надписание — Пс 4:1; стих 1 — Пс 4:2)	src-tsk
			Ps.4.1	3	4	O	Isa.45.24	исходный стих: надписание псалма: группы надписания и стиха 1 в записи TSK не разделены, а в синодальном тексте это разные стихи (надписание — Пс 4:1; стих 1 — Пс 4:2)	src-tsk
			Ps.4.1	3	5	O	Jer.23.6	исходный стих: надписание псалма: группы надписания и стиха 1 в записи TSK не разделены, а в синодальном тексте это разные стихи (надписание — Пс 4:1; стих 1 — Пс 4:2)	src-tsk
			Ps.4.1	3	6	O	1Cor.1.30	исходный стих: надписание псалма: группы надписания и стиха 1 в записи TSK не разделены, а в синодальном тексте это разные стихи (надписание — Пс 4:1; стих 1 — Пс 4:2)	src-tsk
			Ps.4.1	3	7	O	2Cor.5.20	исходный стих: надписание псалма: группы надписания и стиха 1 в записи TSK не разделены, а в синодальном тексте это разные стихи (надписание — Пс 4:1; стих 1 — Пс 4:2)	src-tsk
			Ps.4.1	3	8	O	2Cor.5.21	исходный стих: надписание псалма: группы надписания и стиха 1 в записи TSK не разделены, а в синодальном тексте это разные стихи (надписание — Пс 4:1; стих 1 — Пс 4:2)	src-tsk
			Ps.4.1	4	1	thou	Ps.18.18	исходный стих: надписание псалма: группы надписания и стиха 1 в записи TSK не разделены, а в синодальном тексте это разные стихи (надписание — Пс 4:1; стих 1 — Пс 4:2)	src-tsk
			Ps.4.1	4	2	thou	Ps.18.19	исходный стих: надписание псалма: группы надписания и стиха 1 в записи TSK не разделены, а в синодальном тексте это разные стихи (надписание — Пс 4:1; стих 1 — Пс 4:2)	src-tsk
			Ps.4.1	4	3	thou	Ps.31.8	исходный стих: надписание псалма: группы надписания и стиха 1 в записи TSK не разделены, а в синодальном тексте это разные стихи (надписание — Пс 4:1; стих 1 — Пс 4:2)	src-tsk
			Ps.4.1	4	4	thou	Ps.40.1-Ps.40.3	исходный стих: надписание псалма: группы надписания и стиха 1 в записи TSK не разделены, а в синодальном тексте это разные стихи (надписание — Пс 4:1; стих 1 — Пс 4:2)	src-tsk
			Ps.4.1	4	5	thou	Ps.116.6	исходный стих: надписание псалма: группы надписания и стиха 1 в записи TSK не разделены, а в синодальном тексте это разные стихи (надписание — Пс 4:1; стих 1 — Пс 4:2)	src-tsk
			Ps.4.1	4	6	thou	Ps.116.16	исходный стих: надписание псалма: группы надписания и стиха 1 в записи TSK не разделены, а в синодальном тексте это разные стихи (надписание — Пс 4:1; стих 1 — Пс 4:2)	src-tsk
			Ps.4.1	4	7	thou	1Sam.17.37	исходный стих: надписание псалма: группы надписания и стиха 1 в записи TSK не разделены, а в синодальном тексте это разные стихи (надписание — Пс 4:1; стих 1 — Пс 4:2)	src-tsk
			Ps.4.1	4	8	thou	1Sam.19.11	исходный стих: надписание псалма: группы надписания и стиха 1 в записи TSK не разделены, а в синодальном тексте это разные стихи (надписание — Пс 4:1; стих 1 — Пс 4:2)	src-tsk
			Ps.4.1	4	9	thou	1Sam.19.12	исходный стих: надписание псалма: группы надписания и стиха 1 в записи TSK не разделены, а в синодальном тексте это разные стихи (надписание — Пс 4:1; стих 1 — Пс 4:2)	src-tsk
			Ps.4.1	4	10	thou	1Sam.23.26-1Sam.23.28	исходный стих: надписание псалма: группы надписания и стиха 1 в записи TSK не разделены, а в синодальном тексте это разные стихи (надписание — Пс 4:1; стих 1 — Пс 4:2)	src-tsk
			Ps.4.1	4	11	thou	Job.36.16	исходный стих: надписание псалма: группы надписания и стиха 1 в записи TSK не разделены, а в синодальном тексте это разные стихи (надписание — Пс 4:1; стих 1 — Пс 4:2)	src-tsk
			Ps.4.1	4	12	thou	2Cor.1.8	исходный стих: надписание псалма: группы надписания и стиха 1 в записи TSK не разделены, а в синодальном тексте это разные стихи (надписание — Пс 4:1; стих 1 — Пс 4:2)	src-tsk
			Ps.4.1	4	13	thou	2Cor.1.10	исходный стих: надписание псалма: группы надписания и стиха 1 в записи TSK не разделены, а в синодальном тексте это разные стихи (надписание — Пс 4:1; стих 1 — Пс 4:2)	src-tsk
			Ps.4.1	5	1	have mercy upon me	Ps.56.1	исходный стих: надписание псалма: группы надписания и стиха 1 в записи TSK не разделены, а в синодальном тексте это разные стихи (надписание — Пс 4:1; стих 1 — Пс 4:2)	src-tsk
			Ps.4.1	5	2	have mercy upon me	Ps.57.1	исходный стих: надписание псалма: группы надписания и стиха 1 в записи TSK не разделены, а в синодальном тексте это разные стихи (надписание — Пс 4:1; стих 1 — Пс 4:2)	src-tsk
			Ps.4.1	5	3	have mercy upon me	Ps.86.3-Ps.86.5	исходный стих: надписание псалма: группы надписания и стиха 1 в записи TSK не разделены, а в синодальном тексте это разные стихи (надписание — Пс 4:1; стих 1 — Пс 4:2)	src-tsk
			Ps.4.1	5	4	have mercy upon me	Ps.119.75-Ps.119.77	исходный стих: надписание псалма: группы надписания и стиха 1 в записи TSK не разделены, а в синодальном тексте это разные стихи (надписание — Пс 4:1; стих 1 — Пс 4:2)	src-tsk
			Ps.4.1	5	5	have mercy upon me	Ps.119.132	исходный стих: надписание псалма: группы надписания и стиха 1 в записи TSK не разделены, а в синодальном тексте это разные стихи (надписание — Пс 4:1; стих 1 — Пс 4:2)	src-tsk
			Ps.4.1	5	6	have mercy upon me	Ps.143.2	исходный стих: надписание псалма: группы надписания и стиха 1 в записи TSK не разделены, а в синодальном тексте это разные стихи (надписание — Пс 4:1; стих 1 — Пс 4:2)	src-tsk
			Ps.4.1	5	7	have mercy upon me	Exod.34.6	исходный стих: надписание псалма: группы надписания и стиха 1 в записи TSK не разделены, а в синодальном тексте это разные стихи (надписание — Пс 4:1; стих 1 — Пс 4:2)	src-tsk
			Ps.4.1	5	8	have mercy upon me	Exod.34.7	исходный стих: надписание псалма: группы надписания и стиха 1 в записи TSK не разделены, а в синодальном тексте это разные стихи (надписание — Пс 4:1; стих 1 — Пс 4:2)	src-tsk
			Ps.6.1	1	1	(Title.) Neginoth	Ps.4.1	исходный стих: надписание псалма: группы надписания и стиха 1 в записи TSK не разделены, а в синодальном тексте это разные стихи (надписание — Пс 6:1; стих 1 — Пс 6:2)	src-tsk
			Ps.6.1	2	1	Sheminith	Ps.12.1	исходный стих: надписание псалма: группы надписания и стиха 1 в записи TSK не разделены, а в синодальном тексте это разные стихи (надписание — Пс 6:1; стих 1 — Пс 6:2)	src-tsk
			Ps.6.1	2	3	Sheminith	1Chr.15.21	исходный стих: надписание псалма: группы надписания и стиха 1 в записи TSK не разделены, а в синодальном тексте это разные стихи (надписание — Пс 6:1; стих 1 — Пс 6:2)	src-tsk
			Ps.6.1	3	1	rebuke	Ps.2.5	исходный стих: надписание псалма: группы надписания и стиха 1 в записи TSK не разделены, а в синодальном тексте это разные стихи (надписание — Пс 6:1; стих 1 — Пс 6:2)	src-tsk
			Ps.6.1	3	2	rebuke	Ps.38.1	исходный стих: надписание псалма: группы надписания и стиха 1 в записи TSK не разделены, а в синодальном тексте это разные стихи (надписание — Пс 6:1; стих 1 — Пс 6:2)	src-tsk
			Ps.6.1	3	3	rebuke	Isa.54.9	исходный стих: надписание псалма: группы надписания и стиха 1 в записи TSK не разделены, а в синодальном тексте это разные стихи (надписание — Пс 6:1; стих 1 — Пс 6:2)	src-tsk
			Ps.6.1	3	4	rebuke	Isa.57.16	исходный стих: надписание псалма: группы надписания и стиха 1 в записи TSK не разделены, а в синодальном тексте это разные стихи (надписание — Пс 6:1; стих 1 — Пс 6:2)	src-tsk
			Ps.6.1	3	5	rebuke	Jer.10.24	исходный стих: надписание псалма: группы надписания и стиха 1 в записи TSK не разделены, а в синодальном тексте это разные стихи (надписание — Пс 6:1; стих 1 — Пс 6:2)	src-tsk
			Ps.6.1	3	6	rebuke	Jer.46.28	исходный стих: надписание псалма: группы надписания и стиха 1 в записи TSK не разделены, а в синодальном тексте это разные стихи (надписание — Пс 6:1; стих 1 — Пс 6:2)	src-tsk
			Ps.6.1	3	7	rebuke	1Cor.11.31	исходный стих: надписание псалма: группы надписания и стиха 1 в записи TSK не разделены, а в синодальном тексте это разные стихи (надписание — Пс 6:1; стих 1 — Пс 6:2)	src-tsk
			Ps.6.1	3	8	rebuke	1Cor.11.32	исходный стих: надписание псалма: группы надписания и стиха 1 в записи TSK не разделены, а в синодальном тексте это разные стихи (надписание — Пс 6:1; стих 1 — Пс 6:2)	src-tsk
			Ps.7.1	1	1	(Title.) Shiggaion	Hab.3.1	исходный стих: надписание псалма: группы надписания и стиха 1 в записи TSK не разделены, а в синодальном тексте это разные стихи (надписание — Пс 7:1; стих 1 — Пс 7:2)	src-tsk
			Ps.7.1	2	1	words	2Sam.16.1-2Sam.16.23	исходный стих: надписание псалма: группы надписания и стиха 1 в записи TSK не разделены, а в синодальном тексте это разные стихи (надписание — Пс 7:1; стих 1 — Пс 7:2)	src-tsk
			Ps.7.1	4	1	O	Ps.13.3	исходный стих: надписание псалма: группы надписания и стиха 1 в записи TSK не разделены, а в синодальном тексте это разные стихи (надписание — Пс 7:1; стих 1 — Пс 7:2)	src-tsk
			Ps.7.1	4	2	O	Ps.13.5	исходный стих: надписание псалма: группы надписания и стиха 1 в записи TSK не разделены, а в синодальном тексте это разные стихи (надписание — Пс 7:1; стих 1 — Пс 7:2)	src-tsk
			Ps.7.1	4	3	O	Ps.18.28	исходный стих: надписание псалма: группы надписания и стиха 1 в записи TSK не разделены, а в синодальном тексте это разные стихи (надписание — Пс 7:1; стих 1 — Пс 7:2)	src-tsk
			Ps.7.1	4	4	O	Ps.30.2	исходный стих: надписание псалма: группы надписания и стиха 1 в записи TSK не разделены, а в синодальном тексте это разные стихи (надписание — Пс 7:1; стих 1 — Пс 7:2)	src-tsk
			Ps.7.1	4	5	O	Ps.30.12	исходный стих: надписание псалма: группы надписания и стиха 1 в записи TSK не разделены, а в синодальном тексте это разные стихи (надписание — Пс 7:1; стих 1 — Пс 7:2)	src-tsk
			Ps.7.1	4	6	O	Ps.43.4	исходный стих: надписание псалма: группы надписания и стиха 1 в записи TSK не разделены, а в синодальном тексте это разные стихи (надписание — Пс 7:1; стих 1 — Пс 7:2)	src-tsk
			Ps.7.1	4	7	O	Ps.89.26	исходный стих: надписание псалма: группы надписания и стиха 1 в записи TSK не разделены, а в синодальном тексте это разные стихи (надписание — Пс 7:1; стих 1 — Пс 7:2)	src-tsk
			Ps.7.1	4	8	O	Josh.14.8	исходный стих: надписание псалма: группы надписания и стиха 1 в записи TSK не разделены, а в синодальном тексте это разные стихи (надписание — Пс 7:1; стих 1 — Пс 7:2)	src-tsk
			Ps.7.1	4	9	O	Jer.31.18	исходный стих: надписание псалма: группы надписания и стиха 1 в записи TSK не разделены, а в синодальном тексте это разные стихи (надписание — Пс 7:1; стих 1 — Пс 7:2)	src-tsk
			Ps.7.1	4	10	O	Dan.9.4	исходный стих: надписание псалма: группы надписания и стиха 1 в записи TSK не разделены, а в синодальном тексте это разные стихи (надписание — Пс 7:1; стих 1 — Пс 7:2)	src-tsk
			Ps.7.1	4	11	O	Dan.9.19	исходный стих: надписание псалма: группы надписания и стиха 1 в записи TSK не разделены, а в синодальном тексте это разные стихи (надписание — Пс 7:1; стих 1 — Пс 7:2)	src-tsk
			Ps.7.1	4	12	O	Dan.9.20	исходный стих: надписание псалма: группы надписания и стиха 1 в записи TSK не разделены, а в синодальном тексте это разные стихи (надписание — Пс 7:1; стих 1 — Пс 7:2)	src-tsk
			Ps.7.1	4	13	O	Zech.14.5	исходный стих: надписание псалма: группы надписания и стиха 1 в записи TSK не разделены, а в синодальном тексте это разные стихи (надписание — Пс 7:1; стих 1 — Пс 7:2)	src-tsk
			Ps.7.1	5	1	in	Ps.11.1	исходный стих: надписание псалма: группы надписания и стиха 1 в записи TSK не разделены, а в синодальном тексте это разные стихи (надписание — Пс 7:1; стих 1 — Пс 7:2)	src-tsk
			Ps.7.1	5	2	in	Ps.18.2	исходный стих: надписание псалма: группы надписания и стиха 1 в записи TSK не разделены, а в синодальном тексте это разные стихи (надписание — Пс 7:1; стих 1 — Пс 7:2)	src-tsk
			Ps.7.1	5	3	in	Ps.25.2	исходный стих: надписание псалма: группы надписания и стиха 1 в записи TSK не разделены, а в синодальном тексте это разные стихи (надписание — Пс 7:1; стих 1 — Пс 7:2)	src-tsk
			Ps.7.1	5	4	in	Ps.26.1	исходный стих: надписание псалма: группы надписания и стиха 1 в записи TSK не разделены, а в синодальном тексте это разные стихи (надписание — Пс 7:1; стих 1 — Пс 7:2)	src-tsk
			Ps.7.1	5	5	in	Ps.31.1	исходный стих: надписание псалма: группы надписания и стиха 1 в записи TSK не разделены, а в синодальном тексте это разные стихи (надписание — Пс 7:1; стих 1 — Пс 7:2)	src-tsk
			Ps.7.1	5	6	in	Ps.32.10	исходный стих: надписание псалма: группы надписания и стиха 1 в записи TSK не разделены, а в синодальном тексте это разные стихи (надписание — Пс 7:1; стих 1 — Пс 7:2)	src-tsk
			Ps.7.1	5	7	in	Ps.146.3-Ps.146.6	исходный стих: надписание псалма: группы надписания и стиха 1 в записи TSK не разделены, а в синодальном тексте это разные стихи (надписание — Пс 7:1; стих 1 — Пс 7:2)	src-tsk
			Ps.7.1	5	8	in	Isa.50.10	исходный стих: надписание псалма: группы надписания и стиха 1 в записи TSK не разделены, а в синодальном тексте это разные стихи (надписание — Пс 7:1; стих 1 — Пс 7:2)	src-tsk
			Ps.7.1	5	9	in	1Pet.1.21	исходный стих: надписание псалма: группы надписания и стиха 1 в записи TSK не разделены, а в синодальном тексте это разные стихи (надписание — Пс 7:1; стих 1 — Пс 7:2)	src-tsk
			Ps.7.1	6	1	save	Ps.3.7	исходный стих: надписание псалма: группы надписания и стиха 1 в записи TSK не разделены, а в синодальном тексте это разные стихи (надписание — Пс 7:1; стих 1 — Пс 7:2)	src-tsk
			Ps.7.1	6	2	save	Ps.17.7-Ps.17.9	исходный стих: надписание псалма: группы надписания и стиха 1 в записи TSK не разделены, а в синодальном тексте это разные стихи (надписание — Пс 7:1; стих 1 — Пс 7:2)	src-tsk
			Ps.7.1	6	3	save	Ps.31.15	исходный стих: надписание псалма: группы надписания и стиха 1 в записи TSK не разделены, а в синодальном тексте это разные стихи (надписание — Пс 7:1; стих 1 — Пс 7:2)	src-tsk
			Ps.7.1	6	4	save	Ps.35.1-Ps.35.3	исходный стих: надписание псалма: группы надписания и стиха 1 в записи TSK не разделены, а в синодальном тексте это разные стихи (надписание — Пс 7:1; стих 1 — Пс 7:2)	src-tsk
			Ps.7.1	6	5	save	Jer.15.15	исходный стих: надписание псалма: группы надписания и стиха 1 в записи TSK не разделены, а в синодальном тексте это разные стихи (надписание — Пс 7:1; стих 1 — Пс 7:2)	src-tsk
			Ps.7.1	6	6	save	Jer.20.11	исходный стих: надписание псалма: группы надписания и стиха 1 в записи TSK не разделены, а в синодальном тексте это разные стихи (надписание — Пс 7:1; стих 1 — Пс 7:2)	src-tsk
			Ps.7.1	6	7	save	1Pet.4.19	исходный стих: надписание псалма: группы надписания и стиха 1 в записи TSK не разделены, а в синодальном тексте это разные стихи (надписание — Пс 7:1; стих 1 — Пс 7:2)	src-tsk
			Ps.8.1	1	1	(Title.) Gittith	Ps.81.1	исходный стих: надписание псалма: группы надписания и стиха 1 в записи TSK не разделены, а в синодальном тексте это разные стихи (надписание — Пс 8:1; стих 1 — Пс 8:2)	src-tsk
			Ps.8.1	1	2	(Title.) Gittith	Ps.84.1	исходный стих: надписание псалма: группы надписания и стиха 1 в записи TSK не разделены, а в синодальном тексте это разные стихи (надписание — Пс 8:1; стих 1 — Пс 8:2)	src-tsk
			Ps.8.1	2	1	our	Ps.8.9	исходный стих: надписание псалма: группы надписания и стиха 1 в записи TSK не разделены, а в синодальном тексте это разные стихи (надписание — Пс 8:1; стих 1 — Пс 8:2)	src-tsk
			Ps.8.1	2	2	our	Ps.63.1	исходный стих: надписание псалма: группы надписания и стиха 1 в записи TSK не разделены, а в синодальном тексте это разные стихи (надписание — Пс 8:1; стих 1 — Пс 8:2)	src-tsk
			Ps.8.1	2	3	our	Ps.145.1	исходный стих: надписание псалма: группы надписания и стиха 1 в записи TSK не разделены, а в синодальном тексте это разные стихи (надписание — Пс 8:1; стих 1 — Пс 8:2)	src-tsk
			Ps.8.1	2	4	our	Isa.26.13	исходный стих: надписание псалма: группы надписания и стиха 1 в записи TSK не разделены, а в синодальном тексте это разные стихи (надписание — Пс 8:1; стих 1 — Пс 8:2)	src-tsk
			Ps.8.1	2	5	our	Matt.22.45	исходный стих: надписание псалма: группы надписания и стиха 1 в записи TSK не разделены, а в синодальном тексте это разные стихи (надписание — Пс 8:1; стих 1 — Пс 8:2)	src-tsk
			Ps.8.1	2	6	our	John.20.28	исходный стих: надписание псалма: группы надписания и стиха 1 в записи TSK не разделены, а в синодальном тексте это разные стихи (надписание — Пс 8:1; стих 1 — Пс 8:2)	src-tsk
			Ps.8.1	2	7	our	Phil.2.11	исходный стих: надписание псалма: группы надписания и стиха 1 в записи TSK не разделены, а в синодальном тексте это разные стихи (надписание — Пс 8:1; стих 1 — Пс 8:2)	src-tsk
			Ps.8.1	2	8	our	Phil.3.8	исходный стих: надписание псалма: группы надписания и стиха 1 в записи TSK не разделены, а в синодальном тексте это разные стихи (надписание — Пс 8:1; стих 1 — Пс 8:2)	src-tsk
			Ps.8.1	2	9	our	Rev.19.6	исходный стих: надписание псалма: группы надписания и стиха 1 в записи TSK не разделены, а в синодальном тексте это разные стихи (надписание — Пс 8:1; стих 1 — Пс 8:2)	src-tsk
			Ps.8.1	3	1	how	Ps.72.17-Ps.72.19	исходный стих: надписание псалма: группы надписания и стиха 1 в записи TSK не разделены, а в синодальном тексте это разные стихи (надписание — Пс 8:1; стих 1 — Пс 8:2)	src-tsk
			Ps.8.1	3	2	how	Ps.113.2-Ps.113.4	исходный стих: надписание псалма: группы надписания и стиха 1 в записи TSK не разделены, а в синодальном тексте это разные стихи (надписание — Пс 8:1; стих 1 — Пс 8:2)	src-tsk
			Ps.8.1	3	3	how	Ps.148.13	исходный стих: надписание псалма: группы надписания и стиха 1 в записи TSK не разделены, а в синодальном тексте это разные стихи (надписание — Пс 8:1; стих 1 — Пс 8:2)	src-tsk
			Ps.8.1	3	4	how	Exod.15.11	исходный стих: надписание псалма: группы надписания и стиха 1 в записи TSK не разделены, а в синодальном тексте это разные стихи (надписание — Пс 8:1; стих 1 — Пс 8:2)	src-tsk
			Ps.8.1	3	5	how	Exod.34.5-Exod.34.7	исходный стих: надписание псалма: группы надписания и стиха 1 в записи TSK не разделены, а в синодальном тексте это разные стихи (надписание — Пс 8:1; стих 1 — Пс 8:2)	src-tsk
			Ps.8.1	3	6	how	Deut.28.58	исходный стих: надписание псалма: группы надписания и стиха 1 в записи TSK не разделены, а в синодальном тексте это разные стихи (надписание — Пс 8:1; стих 1 — Пс 8:2)	src-tsk
			Ps.8.1	3	7	how	Song.5.16	исходный стих: надписание псалма: группы надписания и стиха 1 в записи TSK не разделены, а в синодальном тексте это разные стихи (надписание — Пс 8:1; стих 1 — Пс 8:2)	src-tsk
			Ps.8.1	4	1	thy	Ps.36.5	исходный стих: надписание псалма: группы надписания и стиха 1 в записи TSK не разделены, а в синодальном тексте это разные стихи (надписание — Пс 8:1; стих 1 — Пс 8:2)	src-tsk
			Ps.8.1	4	2	thy	Ps.57.10	исходный стих: надписание псалма: группы надписания и стиха 1 в записи TSK не разделены, а в синодальном тексте это разные стихи (надписание — Пс 8:1; стих 1 — Пс 8:2)	src-tsk
			Ps.8.1	4	3	thy	Ps.57.11	исходный стих: надписание псалма: группы надписания и стиха 1 в записи TSK не разделены, а в синодальном тексте это разные стихи (надписание — Пс 8:1; стих 1 — Пс 8:2)	src-tsk
			Ps.8.1	4	4	thy	Ps.68.4	исходный стих: надписание псалма: группы надписания и стиха 1 в записи TSK не разделены, а в синодальном тексте это разные стихи (надписание — Пс 8:1; стих 1 — Пс 8:2)	src-tsk
			Ps.8.1	4	5	thy	Ps.108.4	исходный стих: надписание псалма: группы надписания и стиха 1 в записи TSK не разделены, а в синодальном тексте это разные стихи (надписание — Пс 8:1; стих 1 — Пс 8:2)	src-tsk
			Ps.8.1	4	6	thy	Ps.108.5	исходный стих: надписание псалма: группы надписания и стиха 1 в записи TSK не разделены, а в синодальном тексте это разные стихи (надписание — Пс 8:1; стих 1 — Пс 8:2)	src-tsk
			Ps.8.1	4	7	thy	1Kgs.8.27	исходный стих: надписание псалма: группы надписания и стиха 1 в записи TSK не разделены, а в синодальном тексте это разные стихи (надписание — Пс 8:1; стих 1 — Пс 8:2)	src-tsk
			Ps.8.1	4	8	thy	Hab.3.3	исходный стих: надписание псалма: группы надписания и стиха 1 в записи TSK не разделены, а в синодальном тексте это разные стихи (надписание — Пс 8:1; стих 1 — Пс 8:2)	src-tsk
			Ps.8.1	4	9	thy	Eph.4.10	исходный стих: надписание псалма: группы надписания и стиха 1 в записи TSK не разделены, а в синодальном тексте это разные стихи (надписание — Пс 8:1; стих 1 — Пс 8:2)	src-tsk
			Ps.8.1	4	10	thy	Phil.2.9	исходный стих: надписание псалма: группы надписания и стиха 1 в записи TSK не разделены, а в синодальном тексте это разные стихи (надписание — Пс 8:1; стих 1 — Пс 8:2)	src-tsk
			Ps.8.1	4	11	thy	Phil.2.10	исходный стих: надписание псалма: группы надписания и стиха 1 в записи TSK не разделены, а в синодальном тексте это разные стихи (надписание — Пс 8:1; стих 1 — Пс 8:2)	src-tsk
			Ps.8.1	4	12	thy	Heb.7.26	исходный стих: надписание псалма: группы надписания и стиха 1 в записи TSK не разделены, а в синодальном тексте это разные стихи (надписание — Пс 8:1; стих 1 — Пс 8:2)	src-tsk
			Ps.9.1	2	1	praise	Ps.7.17	исходный стих: надписание псалма: группы надписания и стиха 1 в записи TSK не разделены, а в синодальном тексте это разные стихи (надписание — Пс 9:1; стих 1 — Пс 9:2)	src-tsk
			Ps.9.1	2	2	praise	Ps.34.1-Ps.34.4	исходный стих: надписание псалма: группы надписания и стиха 1 в записи TSK не разделены, а в синодальном тексте это разные стихи (надписание — Пс 9:1; стих 1 — Пс 9:2)	src-tsk
			Ps.9.1	2	3	praise	Ps.103.1	исходный стих: надписание псалма: группы надписания и стиха 1 в записи TSK не разделены, а в синодальном тексте это разные стихи (надписание — Пс 9:1; стих 1 — Пс 9:2)	src-tsk
			Ps.9.1	2	4	praise	Ps.103.2	исходный стих: надписание псалма: группы надписания и стиха 1 в записи TSK не разделены, а в синодальном тексте это разные стихи (надписание — Пс 9:1; стих 1 — Пс 9:2)	src-tsk
			Ps.9.1	2	5	praise	Ps.145.1-Ps.145.3	исходный стих: надписание псалма: группы надписания и стиха 1 в записи TSK не разделены, а в синодальном тексте это разные стихи (надписание — Пс 9:1; стих 1 — Пс 9:2)	src-tsk
			Ps.9.1	2	6	praise	Ps.146.1	исходный стих: надписание псалма: группы надписания и стиха 1 в записи TSK не разделены, а в синодальном тексте это разные стихи (надписание — Пс 9:1; стих 1 — Пс 9:2)	src-tsk
			Ps.9.1	2	7	praise	Ps.146.2	исходный стих: надписание псалма: группы надписания и стиха 1 в записи TSK не разделены, а в синодальном тексте это разные стихи (надписание — Пс 9:1; стих 1 — Пс 9:2)	src-tsk
			Ps.9.1	2	8	praise	1Chr.29.10-1Chr.29.13	исходный стих: надписание псалма: группы надписания и стиха 1 в записи TSK не разделены, а в синодальном тексте это разные стихи (надписание — Пс 9:1; стих 1 — Пс 9:2)	src-tsk
			Ps.9.1	2	9	praise	Isa.12.1	исходный стих: надписание псалма: группы надписания и стиха 1 в записи TSK не разделены, а в синодальном тексте это разные стихи (надписание — Пс 9:1; стих 1 — Пс 9:2)	src-tsk
			Ps.9.1	2	10	praise	Heb.13.15	исходный стих: надписание псалма: группы надписания и стиха 1 в записи TSK не разделены, а в синодальном тексте это разные стихи (надписание — Пс 9:1; стих 1 — Пс 9:2)	src-tsk
			Ps.9.1	2	11	praise	Rev.5.9-Rev.5.14	исходный стих: надписание псалма: группы надписания и стиха 1 в записи TSK не разделены, а в синодальном тексте это разные стихи (надписание — Пс 9:1; стих 1 — Пс 9:2)	src-tsk
			Ps.9.1	3	1	with my	Ps.86.12	исходный стих: надписание псалма: группы надписания и стиха 1 в записи TSK не разделены, а в синодальном тексте это разные стихи (надписание — Пс 9:1; стих 1 — Пс 9:2)	src-tsk
			Ps.9.1	3	2	with my	Ps.111.1	исходный стих: надписание псалма: группы надписания и стиха 1 в записи TSK не разделены, а в синодальном тексте это разные стихи (надписание — Пс 9:1; стих 1 — Пс 9:2)	src-tsk
			Ps.9.1	3	3	with my	Ps.138.1	исходный стих: надписание псалма: группы надписания и стиха 1 в записи TSK не разделены, а в синодальном тексте это разные стихи (надписание — Пс 9:1; стих 1 — Пс 9:2)	src-tsk
			Ps.9.1	3	4	with my	Luke.10.27	исходный стих: надписание псалма: группы надписания и стиха 1 в записи TSK не разделены, а в синодальном тексте это разные стихи (надписание — Пс 9:1; стих 1 — Пс 9:2)	src-tsk
			Ps.9.1	4	1	shew	Ps.9.14	исходный стих: надписание псалма: группы надписания и стиха 1 в записи TSK не разделены, а в синодальном тексте это разные стихи (надписание — Пс 9:1; стих 1 — Пс 9:2)	src-tsk
			Ps.9.1	4	2	shew	Ps.51.15	исходный стих: надписание псалма: группы надписания и стиха 1 в записи TSK не разделены, а в синодальном тексте это разные стихи (надписание — Пс 9:1; стих 1 — Пс 9:2)	src-tsk
			Ps.9.1	4	3	shew	Ps.106.2	исходный стих: надписание псалма: группы надписания и стиха 1 в записи TSK не разделены, а в синодальном тексте это разные стихи (надписание — Пс 9:1; стих 1 — Пс 9:2)	src-tsk
			Ps.9.1	4	4	shew	1Chr.16.12	исходный стих: надписание псалма: группы надписания и стиха 1 в записи TSK не разделены, а в синодальном тексте это разные стихи (надписание — Пс 9:1; стих 1 — Пс 9:2)	src-tsk
			Ps.9.1	4	5	shew	1Chr.16.24	исходный стих: надписание псалма: группы надписания и стиха 1 в записи TSK не разделены, а в синодальном тексте это разные стихи (надписание — Пс 9:1; стих 1 — Пс 9:2)	src-tsk
			Ps.9.1	4	6	shew	Isa.43.21	исходный стих: надписание псалма: группы надписания и стиха 1 в записи TSK не разделены, а в синодальном тексте это разные стихи (надписание — Пс 9:1; стих 1 — Пс 9:2)	src-tsk
			Ps.9.1	4	7	shew	Isa.60.6	исходный стих: надписание псалма: группы надписания и стиха 1 в записи TSK не разделены, а в синодальном тексте это разные стихи (надписание — Пс 9:1; стих 1 — Пс 9:2)	src-tsk
			Ps.9.1	4	8	shew	Rev.15.3	исходный стих: надписание псалма: группы надписания и стиха 1 в записи TSK не разделены, а в синодальном тексте это разные стихи (надписание — Пс 9:1; стих 1 — Пс 9:2)	src-tsk
			Ps.12.1	1	1	(Title.) Sheminith	Ps.6.1	исходный стих: надписание псалма: группы надписания и стиха 1 в записи TSK не разделены, а в синодальном тексте это разные стихи (надписание — Пс 11:1; стих 1 — Пс 11:2)	src-tsk
			Ps.12.1	1	3	(Title.) Sheminith	1Chr.15.21	исходный стих: надписание псалма: группы надписания и стиха 1 в записи TSK не разделены, а в синодальном тексте это разные стихи (надписание — Пс 11:1; стих 1 — Пс 11:2)	src-tsk
			Ps.12.1	2	1	Help	Ps.3.7	исходный стих: надписание псалма: группы надписания и стиха 1 в записи TSK не разделены, а в синодальном тексте это разные стихи (надписание — Пс 11:1; стих 1 — Пс 11:2)	src-tsk
			Ps.12.1	2	2	Help	Ps.6.4	исходный стих: надписание псалма: группы надписания и стиха 1 в записи TSK не разделены, а в синодальном тексте это разные стихи (надписание — Пс 11:1; стих 1 — Пс 11:2)	src-tsk
			Ps.12.1	2	3	Help	Ps.54.1	исходный стих: надписание псалма: группы надписания и стиха 1 в записи TSK не разделены, а в синодальном тексте это разные стихи (надписание — Пс 11:1; стих 1 — Пс 11:2)	src-tsk
			Ps.12.1	2	4	Help	Matt.8.25	исходный стих: надписание псалма: группы надписания и стиха 1 в записи TSK не разделены, а в синодальном тексте это разные стихи (надписание — Пс 11:1; стих 1 — Пс 11:2)	src-tsk
			Ps.12.1	2	5	Help	Matt.14.30	исходный стих: надписание псалма: группы надписания и стиха 1 в записи TSK не разделены, а в синодальном тексте это разные стихи (надписание — Пс 11:1; стих 1 — Пс 11:2)	src-tsk
			Ps.12.1	3	1	godly	Gen.6.12	исходный стих: надписание псалма: группы надписания и стиха 1 в записи TSK не разделены, а в синодальном тексте это разные стихи (надписание — Пс 11:1; стих 1 — Пс 11:2)	src-tsk
			Ps.12.1	3	2	godly	Isa.1.9	исходный стих: надписание псалма: группы надписания и стиха 1 в записи TSK не разделены, а в синодальном тексте это разные стихи (надписание — Пс 11:1; стих 1 — Пс 11:2)	src-tsk
			Ps.12.1	3	3	godly	Isa.1.21	исходный стих: надписание псалма: группы надписания и стиха 1 в записи TSK не разделены, а в синодальном тексте это разные стихи (надписание — Пс 11:1; стих 1 — Пс 11:2)	src-tsk
			Ps.12.1	3	4	godly	Isa.1.22	исходный стих: надписание псалма: группы надписания и стиха 1 в записи TSK не разделены, а в синодальном тексте это разные стихи (надписание — Пс 11:1; стих 1 — Пс 11:2)	src-tsk
			Ps.12.1	3	5	godly	Isa.57.1	исходный стих: надписание псалма: группы надписания и стиха 1 в записи TSK не разделены, а в синодальном тексте это разные стихи (надписание — Пс 11:1; стих 1 — Пс 11:2)	src-tsk
			Ps.12.1	3	6	godly	Isa.63.5	исходный стих: надписание псалма: группы надписания и стиха 1 в записи TSK не разделены, а в синодальном тексте это разные стихи (надписание — Пс 11:1; стих 1 — Пс 11:2)	src-tsk
			Ps.12.1	3	7	godly	Jer.5.1	исходный стих: надписание псалма: группы надписания и стиха 1 в записи TSK не разделены, а в синодальном тексте это разные стихи (надписание — Пс 11:1; стих 1 — Пс 11:2)	src-tsk
			Ps.12.1	3	8	godly	Mic.7.1	исходный стих: надписание псалма: группы надписания и стиха 1 в записи TSK не разделены, а в синодальном тексте это разные стихи (надписание — Пс 11:1; стих 1 — Пс 11:2)	src-tsk
			Ps.12.1	3	9	godly	Mic.7.2	исходный стих: надписание псалма: группы надписания и стиха 1 в записи TSK не разделены, а в синодальном тексте это разные стихи (надписание — Пс 11:1; стих 1 — Пс 11:2)	src-tsk
			Ps.12.1	3	10	godly	Matt.24.12	исходный стих: надписание псалма: группы надписания и стиха 1 в записи TSK не разделены, а в синодальном тексте это разные стихи (надписание — Пс 11:1; стих 1 — Пс 11:2)	src-tsk
			Ps.12.1	4	1	faithful	Prov.20.6	исходный стих: надписание псалма: группы надписания и стиха 1 в записи TSK не разделены, а в синодальном тексте это разные стихи (надписание — Пс 11:1; стих 1 — Пс 11:2)	src-tsk
			Ps.12.1	4	2	faithful	Isa.59.4	исходный стих: надписание псалма: группы надписания и стиха 1 в записи TSK не разделены, а в синодальном тексте это разные стихи (надписание — Пс 11:1; стих 1 — Пс 11:2)	src-tsk
			Ps.12.1	4	3	faithful	Isa.59.13-Isa.59.15	исходный стих: надписание псалма: группы надписания и стиха 1 в записи TSK не разделены, а в синодальном тексте это разные стихи (надписание — Пс 11:1; стих 1 — Пс 11:2)	src-tsk
			Ps.13.1	2	1	How	Ps.6.3	исходный стих: надписание псалма: группы надписания и стиха 1 в записи TSK не разделены, а в синодальном тексте это разные стихи (надписание — Пс 12:1; стих 1 — Пс 12:2)	src-tsk
			Ps.13.1	2	2	How	Ps.35.17	исходный стих: надписание псалма: группы надписания и стиха 1 в записи TSK не разделены, а в синодальном тексте это разные стихи (надписание — Пс 12:1; стих 1 — Пс 12:2)	src-tsk
			Ps.13.1	2	3	How	Ps.74.1	исходный стих: надписание псалма: группы надписания и стиха 1 в записи TSK не разделены, а в синодальном тексте это разные стихи (надписание — Пс 12:1; стих 1 — Пс 12:2)	src-tsk
			Ps.13.1	2	4	How	Ps.80.4	исходный стих: надписание псалма: группы надписания и стиха 1 в записи TSK не разделены, а в синодальном тексте это разные стихи (надписание — Пс 12:1; стих 1 — Пс 12:2)	src-tsk
			Ps.13.1	2	5	How	Ps.85.5	исходный стих: надписание псалма: группы надписания и стиха 1 в записи TSK не разделены, а в синодальном тексте это разные стихи (надписание — Пс 12:1; стих 1 — Пс 12:2)	src-tsk
			Ps.13.1	2	6	How	Ps.89.46	исходный стих: надписание псалма: группы надписания и стиха 1 в записи TSK не разделены, а в синодальном тексте это разные стихи (надписание — Пс 12:1; стих 1 — Пс 12:2)	src-tsk
			Ps.13.1	2	7	How	Ps.90.14	исходный стих: надписание псалма: группы надписания и стиха 1 в записи TSK не разделены, а в синодальном тексте это разные стихи (надписание — Пс 12:1; стих 1 — Пс 12:2)	src-tsk
			Ps.13.1	2	8	How	Ps.94.3	исходный стих: надписание псалма: группы надписания и стиха 1 в записи TSK не разделены, а в синодальном тексте это разные стихи (надписание — Пс 12:1; стих 1 — Пс 12:2)	src-tsk
			Ps.13.1	2	9	How	Ps.94.4	исходный стих: надписание псалма: группы надписания и стиха 1 в записи TSK не разделены, а в синодальном тексте это разные стихи (надписание — Пс 12:1; стих 1 — Пс 12:2)	src-tsk
			Ps.13.1	3	1	forget	Ps.10.12	исходный стих: надписание псалма: группы надписания и стиха 1 в записи TSK не разделены, а в синодальном тексте это разные стихи (надписание — Пс 12:1; стих 1 — Пс 12:2)	src-tsk
			Ps.13.1	3	2	forget	Lam.5.20	исходный стих: надписание псалма: группы надписания и стиха 1 в записи TSK не разделены, а в синодальном тексте это разные стихи (надписание — Пс 12:1; стих 1 — Пс 12:2)	src-tsk
			Ps.13.1	4	1	wilt thou hide	Ps.22.1	исходный стих: надписание псалма: группы надписания и стиха 1 в записи TSK не разделены, а в синодальном тексте это разные стихи (надписание — Пс 12:1; стих 1 — Пс 12:2)	src-tsk
			Ps.13.1	4	2	wilt thou hide	Ps.22.2	исходный стих: надписание псалма: группы надписания и стиха 1 в записи TSK не разделены, а в синодальном тексте это разные стихи (надписание — Пс 12:1; стих 1 — Пс 12:2)	src-tsk
			Ps.13.1	4	3	wilt thou hide	Deut.31.17	исходный стих: надписание псалма: группы надписания и стиха 1 в записи TSK не разделены, а в синодальном тексте это разные стихи (надписание — Пс 12:1; стих 1 — Пс 12:2)	src-tsk
			Ps.13.1	4	4	wilt thou hide	Job.13.24	исходный стих: надписание псалма: группы надписания и стиха 1 в записи TSK не разделены, а в синодальном тексте это разные стихи (надписание — Пс 12:1; стих 1 — Пс 12:2)	src-tsk
			Ps.13.1	4	5	wilt thou hide	Isa.59.2	исходный стих: надписание псалма: группы надписания и стиха 1 в записи TSK не разделены, а в синодальном тексте это разные стихи (надписание — Пс 12:1; стих 1 — Пс 12:2)	src-tsk
			Ps.18.1	1	1	(Title.) the servant	Ps.36.1	исходный стих: надписание псалма: группы надписания и стиха 1 в записи TSK не разделены, а в синодальном тексте это разные стихи (надписание — Пс 17:1; стих 1 — Пс 17:2)	src-tsk
			Ps.18.1	1	3	(Title.) the servant	Ps.116.16	исходный стих: надписание псалма: группы надписания и стиха 1 в записи TSK не разделены, а в синодальном тексте это разные стихи (надписание — Пс 17:1; стих 1 — Пс 17:2)	src-tsk
			Ps.18.1	1	4	(Title.) the servant	2Sam.22.1-2Sam.22.51	исходный стих: надписание псалма: группы надписания и стиха 1 в записи TSK не разделены, а в синодальном тексте это разные стихи (надписание — Пс 17:1; стих 1 — Пс 17:2)	src-tsk
			Ps.18.1	1	5	(Title.) the servant	Acts.13.36	исходный стих: надписание псалма: группы надписания и стиха 1 в записи TSK не разделены, а в синодальном тексте это разные стихи (надписание — Пс 17:1; стих 1 — Пс 17:2)	src-tsk
			Ps.18.1	1	6	(Title.) the servant	Heb.3.5	исходный стих: надписание псалма: группы надписания и стиха 1 в записи TSK не разделены, а в синодальном тексте это разные стихи (надписание — Пс 17:1; стих 1 — Пс 17:2)	src-tsk
			Ps.18.1	2	1	in the day	Ps.34.19	исходный стих: надписание псалма: группы надписания и стиха 1 в записи TSK не разделены, а в синодальном тексте это разные стихи (надписание — Пс 17:1; стих 1 — Пс 17:2)	src-tsk
			Ps.18.1	2	2	in the day	Exod.15.1-Exod.15.21	исходный стих: надписание псалма: группы надписания и стиха 1 в записи TSK не разделены, а в синодальном тексте это разные стихи (надписание — Пс 17:1; стих 1 — Пс 17:2)	src-tsk
			Ps.18.1	2	3	in the day	Judg.5.1-Judg.5.31	исходный стих: надписание псалма: группы надписания и стиха 1 в записи TSK не разделены, а в синодальном тексте это разные стихи (надписание — Пс 17:1; стих 1 — Пс 17:2)	src-tsk
			Ps.18.1	2	4	in the day	1Sam.2.1-1Sam.2.10	исходный стих: надписание псалма: группы надписания и стиха 1 в записи TSK не разделены, а в синодальном тексте это разные стихи (надписание — Пс 17:1; стих 1 — Пс 17:2)	src-tsk
			Ps.18.1	2	5	in the day	Isa.12.1-Isa.12.6	исходный стих: надписание псалма: группы надписания и стиха 1 в записи TSK не разделены, а в синодальном тексте это разные стихи (надписание — Пс 17:1; стих 1 — Пс 17:2)	src-tsk
			Ps.18.1	3	1	I will	Ps.116.1-Ps.116.6	исходный стих: надписание псалма: группы надписания и стиха 1 в записи TSK не разделены, а в синодальном тексте это разные стихи (надписание — Пс 17:1; стих 1 — Пс 17:2)	src-tsk
			Ps.18.1	3	2	I will	Ps.144.1	исходный стих: надписание псалма: группы надписания и стиха 1 в записи TSK не разделены, а в синодальном тексте это разные стихи (надписание — Пс 17:1; стих 1 — Пс 17:2)	src-tsk
			Ps.18.1	3	3	I will	Ps.144.2	исходный стих: надписание псалма: группы надписания и стиха 1 в записи TSK не разделены, а в синодальном тексте это разные стихи (надписание — Пс 17:1; стих 1 — Пс 17:2)	src-tsk
			Ps.18.1	3	4	I will	1John.4.19	исходный стих: надписание псалма: группы надписания и стиха 1 в записи TSK не разделены, а в синодальном тексте это разные стихи (надписание — Пс 17:1; стих 1 — Пс 17:2)	src-tsk
			Ps.18.1	4	1	my	Ps.18.32	исходный стих: надписание псалма: группы надписания и стиха 1 в записи TSK не разделены, а в синодальном тексте это разные стихи (надписание — Пс 17:1; стих 1 — Пс 17:2)	src-tsk
			Ps.18.1	4	2	my	Ps.28.7	исходный стих: надписание псалма: группы надписания и стиха 1 в записи TSK не разделены, а в синодальном тексте это разные стихи (надписание — Пс 17:1; стих 1 — Пс 17:2)	src-tsk
			Ps.18.1	4	3	my	Ps.28.8	исходный стих: надписание псалма: группы надписания и стиха 1 в записи TSK не разделены, а в синодальном тексте это разные стихи (надписание — Пс 17:1; стих 1 — Пс 17:2)	src-tsk
			Ps.18.1	4	4	my	Ps.118.14	исходный стих: надписание псалма: группы надписания и стиха 1 в записи TSK не разделены, а в синодальном тексте это разные стихи (надписание — Пс 17:1; стих 1 — Пс 17:2)	src-tsk
			Ps.18.1	4	5	my	Isa.12.2	исходный стих: надписание псалма: группы надписания и стиха 1 в записи TSK не разделены, а в синодальном тексте это разные стихи (надписание — Пс 17:1; стих 1 — Пс 17:2)	src-tsk
			Ps.18.1	4	6	my	Phil.4.13	исходный стих: надписание псалма: группы надписания и стиха 1 в записи TSK не разделены, а в синодальном тексте это разные стихи (надписание — Пс 17:1; стих 1 — Пс 17:2)	src-tsk
			Ps.18.1	4	7	my	Col.1.11	исходный стих: надписание псалма: группы надписания и стиха 1 в записи TSK не разделены, а в синодальном тексте это разные стихи (надписание — Пс 17:1; стих 1 — Пс 17:2)	src-tsk
			Ps.19.1	2	1	The heavens	Ps.8.3	исходный стих: надписание псалма: группы надписания и стиха 1 в записи TSK не разделены, а в синодальном тексте это разные стихи (надписание — Пс 18:1; стих 1 — Пс 18:2)	src-tsk
			Ps.19.1	2	2	The heavens	Ps.33.6	исходный стих: надписание псалма: группы надписания и стиха 1 в записи TSK не разделены, а в синодальном тексте это разные стихи (надписание — Пс 18:1; стих 1 — Пс 18:2)	src-tsk
			Ps.19.1	2	3	The heavens	Ps.115.16	исходный стих: надписание псалма: группы надписания и стиха 1 в записи TSK не разделены, а в синодальном тексте это разные стихи (надписание — Пс 18:1; стих 1 — Пс 18:2)	src-tsk
			Ps.19.1	2	4	The heavens	Ps.148.3	исходный стих: надписание псалма: группы надписания и стиха 1 в записи TSK не разделены, а в синодальном тексте это разные стихи (надписание — Пс 18:1; стих 1 — Пс 18:2)	src-tsk
			Ps.19.1	2	5	The heavens	Ps.148.4	исходный стих: надписание псалма: группы надписания и стиха 1 в записи TSK не разделены, а в синодальном тексте это разные стихи (надписание — Пс 18:1; стих 1 — Пс 18:2)	src-tsk
			Ps.19.1	2	6	The heavens	Isa.40.22-Isa.40.26	исходный стих: надписание псалма: группы надписания и стиха 1 в записи TSK не разделены, а в синодальном тексте это разные стихи (надписание — Пс 18:1; стих 1 — Пс 18:2)	src-tsk
			Ps.19.1	2	7	The heavens	Jer.10.11	исходный стих: надписание псалма: группы надписания и стиха 1 в записи TSK не разделены, а в синодальном тексте это разные стихи (надписание — Пс 18:1; стих 1 — Пс 18:2)	src-tsk
			Ps.19.1	2	8	The heavens	Jer.10.12	исходный стих: надписание псалма: группы надписания и стиха 1 в записи TSK не разделены, а в синодальном тексте это разные стихи (надписание — Пс 18:1; стих 1 — Пс 18:2)	src-tsk
			Ps.19.1	2	9	The heavens	Rom.1.19	исходный стих: надписание псалма: группы надписания и стиха 1 в записи TSK не разделены, а в синодальном тексте это разные стихи (надписание — Пс 18:1; стих 1 — Пс 18:2)	src-tsk
			Ps.19.1	2	10	The heavens	Rom.1.20	исходный стих: надписание псалма: группы надписания и стиха 1 в записи TSK не разделены, а в синодальном тексте это разные стихи (надписание — Пс 18:1; стих 1 — Пс 18:2)	src-tsk
			Ps.19.1	3	1	the firmament	Ps.150.1	исходный стих: надписание псалма: группы надписания и стиха 1 в записи TSK не разделены, а в синодальном тексте это разные стихи (надписание — Пс 18:1; стих 1 — Пс 18:2)	src-tsk
			Ps.19.1	3	2	the firmament	Ps.150.2	исходный стих: надписание псалма: группы надписания и стиха 1 в записи TSK не разделены, а в синодальном тексте это разные стихи (надписание — Пс 18:1; стих 1 — Пс 18:2)	src-tsk
			Ps.19.1	3	3	the firmament	Gen.1.6-Gen.1.8	исходный стих: надписание псалма: группы надписания и стиха 1 в записи TSK не разделены, а в синодальном тексте это разные стихи (надписание — Пс 18:1; стих 1 — Пс 18:2)	src-tsk
			Ps.19.1	3	4	the firmament	Gen.1.14	исходный стих: надписание псалма: группы надписания и стиха 1 в записи TSK не разделены, а в синодальном тексте это разные стихи (надписание — Пс 18:1; стих 1 — Пс 18:2)	src-tsk
			Ps.19.1	3	5	the firmament	Gen.1.15	исходный стих: надписание псалма: группы надписания и стиха 1 в записи TSK не разделены, а в синодальном тексте это разные стихи (надписание — Пс 18:1; стих 1 — Пс 18:2)	src-tsk
			Ps.19.1	3	6	the firmament	Dan.12.3	исходный стих: надписание псалма: группы надписания и стиха 1 в записи TSK не разделены, а в синодальном тексте это разные стихи (надписание — Пс 18:1; стих 1 — Пс 18:2)	src-tsk
			Ps.21.1	2	1	The king	Ps.2.6	исходный стих: надписание псалма: группы надписания и стиха 1 в записи TSK не разделены, а в синодальном тексте это разные стихи (надписание — Пс 20:1; стих 1 — Пс 20:2)	src-tsk
			Ps.21.1	2	2	The king	Ps.20.6	исходный стих: надписание псалма: группы надписания и стиха 1 в записи TSK не разделены, а в синодальном тексте это разные стихи (надписание — Пс 20:1; стих 1 — Пс 20:2)	src-tsk
			Ps.21.1	2	3	The king	Ps.20.9	исходный стих: надписание псалма: группы надписания и стиха 1 в записи TSK не разделены, а в синодальном тексте это разные стихи (надписание — Пс 20:1; стих 1 — Пс 20:2)	src-tsk
			Ps.21.1	2	4	The king	Ps.63.11	исходный стих: надписание псалма: группы надписания и стиха 1 в записи TSK не разделены, а в синодальном тексте это разные стихи (надписание — Пс 20:1; стих 1 — Пс 20:2)	src-tsk
			Ps.21.1	2	5	The king	Ps.72.1	исходный стих: надписание псалма: группы надписания и стиха 1 в записи TSK не разделены, а в синодальном тексте это разные стихи (надписание — Пс 20:1; стих 1 — Пс 20:2)	src-tsk
			Ps.21.1	2	6	The king	Ps.72.2	исходный стих: надписание псалма: группы надписания и стиха 1 в записи TSK не разделены, а в синодальном тексте это разные стихи (надписание — Пс 20:1; стих 1 — Пс 20:2)	src-tsk
			Ps.21.1	2	7	The king	Isa.9.6	исходный стих: надписание псалма: группы надписания и стиха 1 в записи TSK не разделены, а в синодальном тексте это разные стихи (надписание — Пс 20:1; стих 1 — Пс 20:2)	src-tsk
			Ps.21.1	2	8	The king	Isa.9.7	исходный стих: надписание псалма: группы надписания и стиха 1 в записи TSK не разделены, а в синодальном тексте это разные стихи (надписание — Пс 20:1; стих 1 — Пс 20:2)	src-tsk
			Ps.21.1	2	9	The king	Matt.2.2	исходный стих: надписание псалма: группы надписания и стиха 1 в записи TSK не разделены, а в синодальном тексте это разные стихи (надписание — Пс 20:1; стих 1 — Пс 20:2)	src-tsk
			Ps.21.1	3	1	joy	Ps.28.7	исходный стих: надписание псалма: группы надписания и стиха 1 в записи TSK не разделены, а в синодальном тексте это разные стихи (надписание — Пс 20:1; стих 1 — Пс 20:2)	src-tsk
			Ps.21.1	3	2	joy	Ps.62.7	исходный стих: надписание псалма: группы надписания и стиха 1 в записи TSK не разделены, а в синодальном тексте это разные стихи (надписание — Пс 20:1; стих 1 — Пс 20:2)	src-tsk
			Ps.21.1	3	3	joy	Ps.95.1	исходный стих: надписание псалма: группы надписания и стиха 1 в записи TSK не разделены, а в синодальном тексте это разные стихи (надписание — Пс 20:1; стих 1 — Пс 20:2)	src-tsk
			Ps.21.1	3	4	joy	Ps.99.4	исходный стих: надписание псалма: группы надписания и стиха 1 в записи TSK не разделены, а в синодальном тексте это разные стихи (надписание — Пс 20:1; стих 1 — Пс 20:2)	src-tsk
			Ps.21.1	4	1	in thy	Ps.20.5	исходный стих: надписание псалма: группы надписания и стиха 1 в записи TSK не разделены, а в синодальном тексте это разные стихи (надписание — Пс 20:1; стих 1 — Пс 20:2)	src-tsk
			Ps.21.1	4	2	in thy	Ps.71.17-Ps.71.24	исходный стих: надписание псалма: группы надписания и стиха 1 в записи TSK не разделены, а в синодальном тексте это разные стихи (надписание — Пс 20:1; стих 1 — Пс 20:2)	src-tsk
			Ps.21.1	4	3	in thy	Ps.118.14	исходный стих: надписание псалма: группы надписания и стиха 1 в записи TSK не разделены, а в синодальном тексте это разные стихи (надписание — Пс 20:1; стих 1 — Пс 20:2)	src-tsk
			Ps.21.1	4	4	in thy	Ps.118.15	исходный стих: надписание псалма: группы надписания и стиха 1 в записи TSK не разделены, а в синодальном тексте это разные стихи (надписание — Пс 20:1; стих 1 — Пс 20:2)	src-tsk
			Ps.21.1	4	5	in thy	Heb.12.2	исходный стих: надписание псалма: группы надписания и стиха 1 в записи TSK не разделены, а в синодальном тексте это разные стихи (надписание — Пс 20:1; стих 1 — Пс 20:2)	src-tsk
			Ps.22.1	1	1	(Title.) Aijeleth	Ps.22.16	исходный стих: надписание псалма: группы надписания и стиха 1 в записи TSK не разделены, а в синодальном тексте это разные стихи (надписание — Пс 21:1; стих 1 — Пс 21:2)	src-tsk
			Ps.22.1	1	2	(Title.) Aijeleth	Ps.42.1	исходный стих: надписание псалма: группы надписания и стиха 1 в записи TSK не разделены, а в синодальном тексте это разные стихи (надписание — Пс 21:1; стих 1 — Пс 21:2)	src-tsk
			Ps.22.1	1	3	(Title.) Aijeleth	Ps.42.2	исходный стих: надписание псалма: группы надписания и стиха 1 в записи TSK не разделены, а в синодальном тексте это разные стихи (надписание — Пс 21:1; стих 1 — Пс 21:2)	src-tsk
			Ps.22.1	2	1	my God	Ps.31.14-Ps.31.16	исходный стих: надписание псалма: группы надписания и стиха 1 в записи TSK не разделены, а в синодальном тексте это разные стихи (надписание — Пс 21:1; стих 1 — Пс 21:2)	src-tsk
			Ps.22.1	2	2	my God	Ps.43.1-Ps.43.5	исходный стих: надписание псалма: группы надписания и стиха 1 в записи TSK не разделены, а в синодальном тексте это разные стихи (надписание — Пс 21:1; стих 1 — Пс 21:2)	src-tsk
			Ps.22.1	2	3	my God	Matt.27.46	исходный стих: надписание псалма: группы надписания и стиха 1 в записи TSK не разделены, а в синодальном тексте это разные стихи (надписание — Пс 21:1; стих 1 — Пс 21:2)	src-tsk
			Ps.22.1	2	4	my God	Mark.15.34	исходный стих: надписание псалма: группы надписания и стиха 1 в записи TSK не разделены, а в синодальном тексте это разные стихи (надписание — Пс 21:1; стих 1 — Пс 21:2)	src-tsk
			Ps.22.1	2	5	my God	Luke.24.44	исходный стих: надписание псалма: группы надписания и стиха 1 в записи TSK не разделены, а в синодальном тексте это разные стихи (надписание — Пс 21:1; стих 1 — Пс 21:2)	src-tsk
			Ps.22.1	3	1	why hast	Ps.26.9	исходный стих: надписание псалма: группы надписания и стиха 1 в записи TSK не разделены, а в синодальном тексте это разные стихи (надписание — Пс 21:1; стих 1 — Пс 21:2)	src-tsk
			Ps.22.1	3	2	why hast	Ps.37.28	исходный стих: надписание псалма: группы надписания и стиха 1 в записи TSK не разделены, а в синодальном тексте это разные стихи (надписание — Пс 21:1; стих 1 — Пс 21:2)	src-tsk
			Ps.22.1	3	3	why hast	Ps.71.11	исходный стих: надписание псалма: группы надписания и стиха 1 в записи TSK не разделены, а в синодальном тексте это разные стихи (надписание — Пс 21:1; стих 1 — Пс 21:2)	src-tsk
			Ps.22.1	3	4	why hast	1Sam.12.22	исходный стих: надписание псалма: группы надписания и стиха 1 в записи TSK не разделены, а в синодальном тексте это разные стихи (надписание — Пс 21:1; стих 1 — Пс 21:2)	src-tsk
			Ps.22.1	3	5	why hast	Heb.13.5	исходный стих: надписание псалма: группы надписания и стиха 1 в записи TSK не разделены, а в синодальном тексте это разные стихи (надписание — Пс 21:1; стих 1 — Пс 21:2)	src-tsk
			Ps.22.1	4	1	far	Ps.22.11	исходный стих: надписание псалма: группы надписания и стиха 1 в записи TSK не разделены, а в синодальном тексте это разные стихи (надписание — Пс 21:1; стих 1 — Пс 21:2)	src-tsk
			Ps.22.1	4	2	far	Ps.16.1	исходный стих: надписание псалма: группы надписания и стиха 1 в записи TSK не разделены, а в синодальном тексте это разные стихи (надписание — Пс 21:1; стих 1 — Пс 21:2)	src-tsk
			Ps.22.1	5	1	helping	Isa.46.13	исходный стих: надписание псалма: группы надписания и стиха 1 в записи TSK не разделены, а в синодальном тексте это разные стихи (надписание — Пс 21:1; стих 1 — Пс 21:2)	src-tsk
			Ps.22.1	6	1	words	Ps.32.3	исходный стих: надписание псалма: группы надписания и стиха 1 в записи TSK не разделены, а в синодальном тексте это разные стихи (надписание — Пс 21:1; стих 1 — Пс 21:2)	src-tsk
			Ps.22.1	6	2	words	Ps.32.4	исходный стих: надписание псалма: группы надписания и стиха 1 в записи TSK не разделены, а в синодальном тексте это разные стихи (надписание — Пс 21:1; стих 1 — Пс 21:2)	src-tsk
			Ps.22.1	6	3	words	Ps.38.8	исходный стих: надписание псалма: группы надписания и стиха 1 в записи TSK не разделены, а в синодальном тексте это разные стихи (надписание — Пс 21:1; стих 1 — Пс 21:2)	src-tsk
			Ps.22.1	6	4	words	Job.3.24	исходный стих: надписание псалма: группы надписания и стиха 1 в записи TSK не разделены, а в синодальном тексте это разные стихи (надписание — Пс 21:1; стих 1 — Пс 21:2)	src-tsk
			Ps.22.1	6	5	words	Isa.59.11	исходный стих: надписание псалма: группы надписания и стиха 1 в записи TSK не разделены, а в синодальном тексте это разные стихи (надписание — Пс 21:1; стих 1 — Пс 21:2)	src-tsk
			Ps.22.1	6	6	words	Luke.22.44	исходный стих: надписание псалма: группы надписания и стиха 1 в записи TSK не разделены, а в синодальном тексте это разные стихи (надписание — Пс 21:1; стих 1 — Пс 21:2)	src-tsk
			Ps.22.1	6	7	words	Heb.5.7	исходный стих: надписание псалма: группы надписания и стиха 1 в записи TSK не разделены, а в синодальном тексте это разные стихи (надписание — Пс 21:1; стих 1 — Пс 21:2)	src-tsk
Пс	26	13	Ps.27.13	1	3	fainted	Ps.116.9-Ps.116.11	синодальный стих Пс 114:9 пуст в нашем тексте (tools/bible/source-issues.tsv)	src-tsk
			Ps.30.1	1	1	(Title.) A psalm	2Sam.24.25	исходный стих: надписание псалма: группы надписания и стиха 1 в записи TSK не разделены, а в синодальном тексте это разные стихи (надписание — Пс 29:1; стих 1 — Пс 29:2)	src-tsk
			Ps.30.1	1	2	(Title.) A psalm	1Chr.21.6	исходный стих: надписание псалма: группы надписания и стиха 1 в записи TSK не разделены, а в синодальном тексте это разные стихи (надписание — Пс 29:1; стих 1 — Пс 29:2)	src-tsk
			Ps.30.1	2	1	at the	Deut.20.5	исходный стих: надписание псалма: группы надписания и стиха 1 в записи TSK не разделены, а в синодальном тексте это разные стихи (надписание — Пс 29:1; стих 1 — Пс 29:2)	src-tsk
			Ps.30.1	2	2	at the	2Sam.5.11	исходный стих: надписание псалма: группы надписания и стиха 1 в записи TSK не разделены, а в синодальном тексте это разные стихи (надписание — Пс 29:1; стих 1 — Пс 29:2)	src-tsk
			Ps.30.1	2	3	at the	2Sam.6.20	исходный стих: надписание псалма: группы надписания и стиха 1 в записи TSK не разделены, а в синодальном тексте это разные стихи (надписание — Пс 29:1; стих 1 — Пс 29:2)	src-tsk
			Ps.30.1	2	4	at the	2Sam.7.2	исходный стих: надписание псалма: группы надписания и стиха 1 в записи TSK не разделены, а в синодальном тексте это разные стихи (надписание — Пс 29:1; стих 1 — Пс 29:2)	src-tsk
			Ps.30.1	2	5	at the	2Sam.20.3	исходный стих: надписание псалма: группы надписания и стиха 1 в записи TSK не разделены, а в синодальном тексте это разные стихи (надписание — Пс 29:1; стих 1 — Пс 29:2)	src-tsk
			Ps.30.1	3	1	extol	Ps.34.3	исходный стих: надписание псалма: группы надписания и стиха 1 в записи TSK не разделены, а в синодальном тексте это разные стихи (надписание — Пс 29:1; стих 1 — Пс 29:2)	src-tsk
			Ps.30.1	3	2	extol	Ps.34.4	исходный стих: надписание псалма: группы надписания и стиха 1 в записи TSK не разделены, а в синодальном тексте это разные стихи (надписание — Пс 29:1; стих 1 — Пс 29:2)	src-tsk
			Ps.30.1	3	3	extol	Ps.66.17	исходный стих: надписание псалма: группы надписания и стиха 1 в записи TSK не разделены, а в синодальном тексте это разные стихи (надписание — Пс 29:1; стих 1 — Пс 29:2)	src-tsk
			Ps.30.1	3	4	extol	Ps.145.1	исходный стих: надписание псалма: группы надписания и стиха 1 в записи TSK не разделены, а в синодальном тексте это разные стихи (надписание — Пс 29:1; стих 1 — Пс 29:2)	src-tsk
			Ps.30.1	3	5	extol	Dan.4.37	исходный стих: надписание псалма: группы надписания и стиха 1 в записи TSK не разделены, а в синодальном тексте это разные стихи (надписание — Пс 29:1; стих 1 — Пс 29:2)	src-tsk
			Ps.30.1	4	1	for	Ps.27.6	исходный стих: надписание псалма: группы надписания и стиха 1 в записи TSK не разделены, а в синодальном тексте это разные стихи (надписание — Пс 29:1; стих 1 — Пс 29:2)	src-tsk
			Ps.30.1	4	2	for	Ps.28.9	исходный стих: надписание псалма: группы надписания и стиха 1 в записи TSK не разделены, а в синодальном тексте это разные стихи (надписание — Пс 29:1; стих 1 — Пс 29:2)	src-tsk
			Ps.30.1	5	1	hast not	Ps.13.4	исходный стих: надписание псалма: группы надписания и стиха 1 в записи TSK не разделены, а в синодальном тексте это разные стихи (надписание — Пс 29:1; стих 1 — Пс 29:2)	src-tsk
			Ps.30.1	5	2	hast not	Ps.25.2	исходный стих: надписание псалма: группы надписания и стиха 1 в записи TSK не разделены, а в синодальном тексте это разные стихи (надписание — Пс 29:1; стих 1 — Пс 29:2)	src-tsk
			Ps.30.1	5	3	hast not	Ps.35.19	исходный стих: надписание псалма: группы надписания и стиха 1 в записи TSK не разделены, а в синодальном тексте это разные стихи (надписание — Пс 29:1; стих 1 — Пс 29:2)	src-tsk
			Ps.30.1	5	4	hast not	Ps.35.24	исходный стих: надписание псалма: группы надписания и стиха 1 в записи TSK не разделены, а в синодальном тексте это разные стихи (надписание — Пс 29:1; стих 1 — Пс 29:2)	src-tsk
			Ps.30.1	5	5	hast not	Ps.35.25	исходный стих: надписание псалма: группы надписания и стиха 1 в записи TSK не разделены, а в синодальном тексте это разные стихи (надписание — Пс 29:1; стих 1 — Пс 29:2)	src-tsk
			Ps.30.1	5	6	hast not	Ps.41.11	исходный стих: надписание псалма: группы надписания и стиха 1 в записи TSK не разделены, а в синодальном тексте это разные стихи (надписание — Пс 29:1; стих 1 — Пс 29:2)	src-tsk
			Ps.30.1	5	7	hast not	Ps.79.4	исходный стих: надписание псалма: группы надписания и стиха 1 в записи TSK не разделены, а в синодальном тексте это разные стихи (надписание — Пс 29:1; стих 1 — Пс 29:2)	src-tsk
			Ps.30.1	5	8	hast not	Ps.79.10	исходный стих: надписание псалма: группы надписания и стиха 1 в записи TSK не разделены, а в синодальном тексте это разные стихи (надписание — Пс 29:1; стих 1 — Пс 29:2)	src-tsk
			Ps.30.1	5	9	hast not	Ps.89.41-Ps.89.46	исходный стих: надписание псалма: группы надписания и стиха 1 в записи TSK не разделены, а в синодальном тексте это разные стихи (надписание — Пс 29:1; стих 1 — Пс 29:2)	src-tsk
			Ps.30.1	5	10	hast not	Ps.140.8	исходный стих: надписание псалма: группы надписания и стиха 1 в записи TSK не разделены, а в синодальном тексте это разные стихи (надписание — Пс 29:1; стих 1 — Пс 29:2)	src-tsk
			Ps.30.1	5	11	hast not	Lam.2.15	исходный стих: надписание псалма: группы надписания и стиха 1 в записи TSK не разделены, а в синодальном тексте это разные стихи (надписание — Пс 29:1; стих 1 — Пс 29:2)	src-tsk
Пс	30	23	Ps.31.22	2	6	I am	38:10-12	перенос строки в источнике: книга неясна	src-tsk
Пс	30	23	Ps.31.22	2	7	I am	49:14	перенос строки в источнике: книга неясна	src-tsk
			Ps.34.1	1	1	(Title.) Abimelech	Gen.20.2	исходный стих: надписание псалма: группы надписания и стиха 1 в записи TSK не разделены, а в синодальном тексте это разные стихи (надписание — Пс 33:1; стих 1 — Пс 33:2)	src-tsk
			Ps.34.1	1	2	(Title.) Abimelech	Gen.26.1	исходный стих: надписание псалма: группы надписания и стиха 1 в записи TSK не разделены, а в синодальном тексте это разные стихи (надписание — Пс 33:1; стих 1 — Пс 33:2)	src-tsk
			Ps.34.1	1	3	(Title.) Abimelech	1Sam.21.13-1Sam.21.15	исходный стих: надписание псалма: группы надписания и стиха 1 в записи TSK не разделены, а в синодальном тексте это разные стихи (надписание — Пс 33:1; стих 1 — Пс 33:2)	src-tsk
			Ps.34.1	1	4	(Title.) Abimelech	Prov.29.25	исходный стих: надписание псалма: группы надписания и стиха 1 в записи TSK не разделены, а в синодальном тексте это разные стихи (надписание — Пс 33:1; стих 1 — Пс 33:2)	src-tsk
			Ps.34.1	2	1	See on Ps	Ps.71.8	исходный стих: надписание псалма: группы надписания и стиха 1 в записи TSK не разделены, а в синодальном тексте это разные стихи (надписание — Пс 33:1; стих 1 — Пс 33:2)	src-tsk
			Ps.34.1	2	2	See on Ps	Ps.71.14	исходный стих: надписание псалма: группы надписания и стиха 1 в записи TSK не разделены, а в синодальном тексте это разные стихи (надписание — Пс 33:1; стих 1 — Пс 33:2)	src-tsk
			Ps.34.1	2	3	See on Ps	Ps.71.15	исходный стих: надписание псалма: группы надписания и стиха 1 в записи TSK не разделены, а в синодальном тексте это разные стихи (надписание — Пс 33:1; стих 1 — Пс 33:2)	src-tsk
			Ps.34.1	2	4	See on Ps	Ps.145.1	исходный стих: надписание псалма: группы надписания и стиха 1 в записи TSK не разделены, а в синодальном тексте это разные стихи (надписание — Пс 33:1; стих 1 — Пс 33:2)	src-tsk
			Ps.34.1	2	5	See on Ps	Ps.145.2	исходный стих: надписание псалма: группы надписания и стиха 1 в записи TSK не разделены, а в синодальном тексте это разные стихи (надписание — Пс 33:1; стих 1 — Пс 33:2)	src-tsk
			Ps.34.1	2	6	See on Ps	Isa.24.15	исходный стих: надписание псалма: группы надписания и стиха 1 в записи TSK не разделены, а в синодальном тексте это разные стихи (надписание — Пс 33:1; стих 1 — Пс 33:2)	src-tsk
			Ps.34.1	2	7	See on Ps	Isa.24.16	исходный стих: надписание псалма: группы надписания и стиха 1 в записи TSK не разделены, а в синодальном тексте это разные стихи (надписание — Пс 33:1; стих 1 — Пс 33:2)	src-tsk
			Ps.34.1	2	8	See on Ps	Acts.5.41	исходный стих: надписание псалма: группы надписания и стиха 1 в записи TSK не разделены, а в синодальном тексте это разные стихи (надписание — Пс 33:1; стих 1 — Пс 33:2)	src-tsk
			Ps.34.1	2	9	See on Ps	Acts.16.25	исходный стих: надписание псалма: группы надписания и стиха 1 в записи TSK не разделены, а в синодальном тексте это разные стихи (надписание — Пс 33:1; стих 1 — Пс 33:2)	src-tsk
			Ps.34.1	2	10	See on Ps	Eph.5.20	исходный стих: надписание псалма: группы надписания и стиха 1 в записи TSK не разделены, а в синодальном тексте это разные стихи (надписание — Пс 33:1; стих 1 — Пс 33:2)	src-tsk
			Ps.34.1	2	11	See on Ps	Col.3.17	исходный стих: надписание псалма: группы надписания и стиха 1 в записи TSK не разделены, а в синодальном тексте это разные стихи (надписание — Пс 33:1; стих 1 — Пс 33:2)	src-tsk
			Ps.34.1	2	12	See on Ps	1Thess.5.18	исходный стих: надписание псалма: группы надписания и стиха 1 в записи TSK не разделены, а в синодальном тексте это разные стихи (надписание — Пс 33:1; стих 1 — Пс 33:2)	src-tsk
			Ps.34.1	2	13	See on Ps	2Thess.1.3	исходный стих: надписание псалма: группы надписания и стиха 1 в записи TSK не разделены, а в синодальном тексте это разные стихи (надписание — Пс 33:1; стих 1 — Пс 33:2)	src-tsk
			Ps.34.1	2	14	See on Ps	2Thess.2.13	исходный стих: надписание псалма: группы надписания и стиха 1 в записи TSK не разделены, а в синодальном тексте это разные стихи (надписание — Пс 33:1; стих 1 — Пс 33:2)	src-tsk
Пс	34	16	Ps.35.16	1	1	hypocritical	1Sam.20.24-1Sam.20.42	в диапазоне: один стих KJV — несколько синодальных: 1Цар 20:42, 1Цар 20:43	src-tsk
			Ps.36.1	2	1	servant	Ps.18.1	исходный стих: надписание псалма: группы надписания и стиха 1 в записи TSK не разделены, а в синодальном тексте это разные стихи (надписание — Пс 35:1; стих 1 — Пс 35:2)	src-tsk
			Ps.36.1	2	2	servant	Ps.90.1	исходный стих: надписание псалма: группы надписания и стиха 1 в записи TSK не разделены, а в синодальном тексте это разные стихи (надписание — Пс 35:1; стих 1 — Пс 35:2)	src-tsk
			Ps.36.1	2	4	servant	Ps.143.12	исходный стих: надписание псалма: группы надписания и стиха 1 в записи TSK не разделены, а в синодальном тексте это разные стихи (надписание — Пс 35:1; стих 1 — Пс 35:2)	src-tsk
			Ps.36.1	2	5	servant	Deut.34.5	исходный стих: надписание псалма: группы надписания и стиха 1 в записи TSK не разделены, а в синодальном тексте это разные стихи (надписание — Пс 35:1; стих 1 — Пс 35:2)	src-tsk
			Ps.36.1	2	6	servant	2Tim.2.24	исходный стих: надписание псалма: группы надписания и стиха 1 в записи TSK не разделены, а в синодальном тексте это разные стихи (надписание — Пс 35:1; стих 1 — Пс 35:2)	src-tsk
			Ps.36.1	2	7	servant	Titus.1.1	исходный стих: надписание псалма: группы надписания и стиха 1 в записи TSK не разделены, а в синодальном тексте это разные стихи (надписание — Пс 35:1; стих 1 — Пс 35:2)	src-tsk
			Ps.36.1	2	8	servant	Jas.1.1	исходный стих: надписание псалма: группы надписания и стиха 1 в записи TSK не разделены, а в синодальном тексте это разные стихи (надписание — Пс 35:1; стих 1 — Пс 35:2)	src-tsk
			Ps.36.1	2	9	servant	2Pet.1.1	исходный стих: надписание псалма: группы надписания и стиха 1 в записи TSK не разделены, а в синодальном тексте это разные стихи (надписание — Пс 35:1; стих 1 — Пс 35:2)	src-tsk
			Ps.36.1	2	10	servant	Jude.1.1	исходный стих: надписание псалма: группы надписания и стиха 1 в записи TSK не разделены, а в синодальном тексте это разные стихи (надписание — Пс 35:1; стих 1 — Пс 35:2)	src-tsk
			Ps.36.1	2	11	servant	Rev.1.1	исходный стих: надписание псалма: группы надписания и стиха 1 в записи TSK не разделены, а в синодальном тексте это разные стихи (надписание — Пс 35:1; стих 1 — Пс 35:2)	src-tsk
			Ps.36.1	3	1	The transgression	1Sam.15.13	исходный стих: надписание псалма: группы надписания и стиха 1 в записи TSK не разделены, а в синодальном тексте это разные стихи (надписание — Пс 35:1; стих 1 — Пс 35:2)	src-tsk
			Ps.36.1	3	2	The transgression	1Sam.15.14	исходный стих: надписание псалма: группы надписания и стиха 1 в записи TSK не разделены, а в синодальном тексте это разные стихи (надписание — Пс 35:1; стих 1 — Пс 35:2)	src-tsk
			Ps.36.1	3	3	The transgression	Prov.20.11	исходный стих: надписание псалма: группы надписания и стиха 1 в записи TSK не разделены, а в синодальном тексте это разные стихи (надписание — Пс 35:1; стих 1 — Пс 35:2)	src-tsk
			Ps.36.1	3	4	The transgression	Matt.7.16-Matt.7.20	исходный стих: надписание псалма: группы надписания и стиха 1 в записи TSK не разделены, а в синодальном тексте это разные стихи (надписание — Пс 35:1; стих 1 — Пс 35:2)	src-tsk
			Ps.36.1	3	5	The transgression	Matt.12.33	исходный стих: надписание псалма: группы надписания и стиха 1 в записи TSK не разделены, а в синодальном тексте это разные стихи (надписание — Пс 35:1; стих 1 — Пс 35:2)	src-tsk
			Ps.36.1	3	6	The transgression	Matt.12.34	исходный стих: надписание псалма: группы надписания и стиха 1 в записи TSK не разделены, а в синодальном тексте это разные стихи (надписание — Пс 35:1; стих 1 — Пс 35:2)	src-tsk
			Ps.36.1	3	7	The transgression	Titus.1.16	исходный стих: надписание псалма: группы надписания и стиха 1 в записи TSK не разделены, а в синодальном тексте это разные стихи (надписание — Пс 35:1; стих 1 — Пс 35:2)	src-tsk
			Ps.36.1	4	1	no	Ps.112.1	исходный стих: надписание псалма: группы надписания и стиха 1 в записи TSK не разделены, а в синодальном тексте это разные стихи (надписание — Пс 35:1; стих 1 — Пс 35:2)	src-tsk
			Ps.36.1	4	2	no	Gen.20.11	исходный стих: надписание псалма: группы надписания и стиха 1 в записи TSK не разделены, а в синодальном тексте это разные стихи (надписание — Пс 35:1; стих 1 — Пс 35:2)	src-tsk
			Ps.36.1	4	3	no	Prov.8.13	исходный стих: надписание псалма: группы надписания и стиха 1 в записи TSK не разделены, а в синодальном тексте это разные стихи (надписание — Пс 35:1; стих 1 — Пс 35:2)	src-tsk
			Ps.36.1	4	4	no	Prov.16.6	исходный стих: надписание псалма: группы надписания и стиха 1 в записи TSK не разделены, а в синодальном тексте это разные стихи (надписание — Пс 35:1; стих 1 — Пс 35:2)	src-tsk
			Ps.36.1	4	5	no	Eccl.12.13	исходный стих: надписание псалма: группы надписания и стиха 1 в записи TSK не разделены, а в синодальном тексте это разные стихи (надписание — Пс 35:1; стих 1 — Пс 35:2)	src-tsk
			Ps.36.1	4	6	no	Rom.3.18	исходный стих: надписание псалма: группы надписания и стиха 1 в записи TSK не разделены, а в синодальном тексте это разные стихи (надписание — Пс 35:1; стих 1 — Пс 35:2)	src-tsk
Пс	36	10	Ps.37.10	3	1	thou	52:5:5-7	адрес не разобран	src-tsk
			Ps.38.1	2	1	to bring	Ps.70.1	исходный стих: надписание псалма: группы надписания и стиха 1 в записи TSK не разделены, а в синодальном тексте это разные стихи (надписание — Пс 37:1; стих 1 — Пс 37:2)	src-tsk
			Ps.38.1	3	1	rebuke	Ps.6.1	исходный стих: надписание псалма: группы надписания и стиха 1 в записи TSK не разделены, а в синодальном тексте это разные стихи (надписание — Пс 37:1; стих 1 — Пс 37:2)	src-tsk
			Ps.38.1	3	2	rebuke	Ps.88.7	исходный стих: надписание псалма: группы надписания и стиха 1 в записи TSK не разделены, а в синодальном тексте это разные стихи (надписание — Пс 37:1; стих 1 — Пс 37:2)	src-tsk
			Ps.38.1	3	3	rebuke	Ps.88.15	исходный стих: надписание псалма: группы надписания и стиха 1 в записи TSK не разделены, а в синодальном тексте это разные стихи (надписание — Пс 37:1; стих 1 — Пс 37:2)	src-tsk
			Ps.38.1	3	4	rebuke	Ps.88.16	исходный стих: надписание псалма: группы надписания и стиха 1 в записи TSK не разделены, а в синодальном тексте это разные стихи (надписание — Пс 37:1; стих 1 — Пс 37:2)	src-tsk
			Ps.38.1	3	5	rebuke	Isa.27.8	исходный стих: надписание псалма: группы надписания и стиха 1 в записи TSK не разделены, а в синодальном тексте это разные стихи (надписание — Пс 37:1; стих 1 — Пс 37:2)	src-tsk
			Ps.38.1	3	6	rebuke	Isa.54.8	исходный стих: надписание псалма: группы надписания и стиха 1 в записи TSK не разделены, а в синодальном тексте это разные стихи (надписание — Пс 37:1; стих 1 — Пс 37:2)	src-tsk
			Ps.38.1	3	7	rebuke	Jer.10.24	исходный стих: надписание псалма: группы надписания и стиха 1 в записи TSK не разделены, а в синодальном тексте это разные стихи (надписание — Пс 37:1; стих 1 — Пс 37:2)	src-tsk
			Ps.38.1	3	8	rebuke	Jer.30.11	исходный стих: надписание псалма: группы надписания и стиха 1 в записи TSK не разделены, а в синодальном тексте это разные стихи (надписание — Пс 37:1; стих 1 — Пс 37:2)	src-tsk
			Ps.38.1	3	9	rebuke	Hab.3.2	исходный стих: надписание псалма: группы надписания и стиха 1 в записи TSK не разделены, а в синодальном тексте это разные стихи (надписание — Пс 37:1; стих 1 — Пс 37:2)	src-tsk
			Ps.38.1	3	10	rebuke	Heb.12.5-Heb.12.11	исходный стих: надписание псалма: группы надписания и стиха 1 в записи TSK не разделены, а в синодальном тексте это разные стихи (надписание — Пс 37:1; стих 1 — Пс 37:2)	src-tsk
			Ps.38.1	4	1	hot	Deut.9.19	исходный стих: надписание псалма: группы надписания и стиха 1 в записи TSK не разделены, а в синодальном тексте это разные стихи (надписание — Пс 37:1; стих 1 — Пс 37:2)	src-tsk
			Ps.39.1	1	1	(Title.) Jeduthun	Ps.62.1	исходный стих: надписание псалма: группы надписания и стиха 1 в записи TSK не разделены, а в синодальном тексте это разные стихи (надписание — Пс 38:1; стих 1 — Пс 38:2)	src-tsk
			Ps.39.1	1	2	(Title.) Jeduthun	Ps.77.1	исходный стих: надписание псалма: группы надписания и стиха 1 в записи TSK не разделены, а в синодальном тексте это разные стихи (надписание — Пс 38:1; стих 1 — Пс 38:2)	src-tsk
			Ps.39.1	1	4	(Title.) Jeduthun	1Chr.16.41	исходный стих: надписание псалма: группы надписания и стиха 1 в записи TSK не разделены, а в синодальном тексте это разные стихи (надписание — Пс 38:1; стих 1 — Пс 38:2)	src-tsk
			Ps.39.1	1	5	(Title.) Jeduthun	1Chr.25.1-1Chr.25.6	исходный стих: надписание псалма: группы надписания и стиха 1 в записи TSK не разделены, а в синодальном тексте это разные стихи (надписание — Пс 38:1; стих 1 — Пс 38:2)	src-tsk
			Ps.39.1	2	1	I said	Ps.119.9	исходный стих: надписание псалма: группы надписания и стиха 1 в записи TSK не разделены, а в синодальном тексте это разные стихи (надписание — Пс 38:1; стих 1 — Пс 38:2)	src-tsk
			Ps.39.1	2	2	I said	1Kgs.2.4	исходный стих: надписание псалма: группы надписания и стиха 1 в записи TSK не разделены, а в синодальном тексте это разные стихи (надписание — Пс 38:1; стих 1 — Пс 38:2)	src-tsk
			Ps.39.1	2	3	I said	2Kgs.10.31	исходный стих: надписание псалма: группы надписания и стиха 1 в записи TSK не разделены, а в синодальном тексте это разные стихи (надписание — Пс 38:1; стих 1 — Пс 38:2)	src-tsk
			Ps.39.1	2	4	I said	Prov.4.26	исходный стих: надписание псалма: группы надписания и стиха 1 в записи TSK не разделены, а в синодальном тексте это разные стихи (надписание — Пс 38:1; стих 1 — Пс 38:2)	src-tsk
			Ps.39.1	2	5	I said	Prov.4.27	исходный стих: надписание псалма: группы надписания и стиха 1 в записи TSK не разделены, а в синодальном тексте это разные стихи (надписание — Пс 38:1; стих 1 — Пс 38:2)	src-tsk
			Ps.39.1	2	6	I said	Heb.2.1	исходный стих: надписание псалма: группы надписания и стиха 1 в записи TSK не разделены, а в синодальном тексте это разные стихи (надписание — Пс 38:1; стих 1 — Пс 38:2)	src-tsk
			Ps.39.1	3	1	that I	Ps.12.4	исходный стих: надписание псалма: группы надписания и стиха 1 в записи TSK не разделены, а в синодальном тексте это разные стихи (надписание — Пс 38:1; стих 1 — Пс 38:2)	src-tsk
			Ps.39.1	3	2	that I	Ps.73.8	исходный стих: надписание псалма: группы надписания и стиха 1 в записи TSK не разделены, а в синодальном тексте это разные стихи (надписание — Пс 38:1; стих 1 — Пс 38:2)	src-tsk
			Ps.39.1	3	3	that I	Ps.73.9	исходный стих: надписание псалма: группы надписания и стиха 1 в записи TSK не разделены, а в синодальном тексте это разные стихи (надписание — Пс 38:1; стих 1 — Пс 38:2)	src-tsk
			Ps.39.1	3	4	that I	Ps.141.3	исходный стих: надписание псалма: группы надписания и стиха 1 в записи TSK не разделены, а в синодальном тексте это разные стихи (надписание — Пс 38:1; стих 1 — Пс 38:2)	src-tsk
			Ps.39.1	3	5	that I	Prov.18.21	исходный стих: надписание псалма: группы надписания и стиха 1 в записи TSK не разделены, а в синодальном тексте это разные стихи (надписание — Пс 38:1; стих 1 — Пс 38:2)	src-tsk
			Ps.39.1	3	6	that I	Prov.21.23	исходный стих: надписание псалма: группы надписания и стиха 1 в записи TSK не разделены, а в синодальном тексте это разные стихи (надписание — Пс 38:1; стих 1 — Пс 38:2)	src-tsk
			Ps.39.1	4	1	my mouth, etc	Jas.1.26	исходный стих: надписание псалма: группы надписания и стиха 1 в записи TSK не разделены, а в синодальном тексте это разные стихи (надписание — Пс 38:1; стих 1 — Пс 38:2)	src-tsk
			Ps.39.1	4	2	my mouth, etc	Jas.3.2-Jas.3.8	исходный стих: надписание псалма: группы надписания и стиха 1 в записи TSK не разделены, а в синодальном тексте это разные стихи (надписание — Пс 38:1; стих 1 — Пс 38:2)	src-tsk
			Ps.39.1	5	1	while	Amos.5.13	исходный стих: надписание псалма: группы надписания и стиха 1 в записи TSK не разделены, а в синодальном тексте это разные стихи (надписание — Пс 38:1; стих 1 — Пс 38:2)	src-tsk
			Ps.39.1	5	2	while	Mic.7.5	исходный стих: надписание псалма: группы надписания и стиха 1 в записи TSK не разделены, а в синодальном тексте это разные стихи (надписание — Пс 38:1; стих 1 — Пс 38:2)	src-tsk
			Ps.39.1	5	3	while	Mic.7.6	исходный стих: надписание псалма: группы надписания и стиха 1 в записи TSK не разделены, а в синодальном тексте это разные стихи (надписание — Пс 38:1; стих 1 — Пс 38:2)	src-tsk
			Ps.39.1	5	4	while	Col.4.5	исходный стих: надписание псалма: группы надписания и стиха 1 в записи TSK не разделены, а в синодальном тексте это разные стихи (надписание — Пс 38:1; стих 1 — Пс 38:2)	src-tsk
			Ps.40.1	2	1	I waited	Ps.27.13	исходный стих: надписание псалма: группы надписания и стиха 1 в записи TSK не разделены, а в синодальном тексте это разные стихи (надписание — Пс 39:1; стих 1 — Пс 39:2)	src-tsk
			Ps.40.1	2	2	I waited	Ps.27.14	исходный стих: надписание псалма: группы надписания и стиха 1 в записи TSK не разделены, а в синодальном тексте это разные стихи (надписание — Пс 39:1; стих 1 — Пс 39:2)	src-tsk
			Ps.40.1	2	3	I waited	Ps.37.7	исходный стих: надписание псалма: группы надписания и стиха 1 в записи TSK не разделены, а в синодальном тексте это разные стихи (надписание — Пс 39:1; стих 1 — Пс 39:2)	src-tsk
			Ps.40.1	2	4	I waited	Jas.5.7-Jas.5.11	исходный стих: надписание псалма: группы надписания и стиха 1 в записи TSK не разделены, а в синодальном тексте это разные стихи (надписание — Пс 39:1; стих 1 — Пс 39:2)	src-tsk
			Ps.40.1	3	1	inclined	Ps.116.2	исходный стих: надписание псалма: группы надписания и стиха 1 в записи TSK не разделены, а в синодальном тексте это разные стихи (надписание — Пс 39:1; стих 1 — Пс 39:2)	src-tsk
			Ps.40.1	3	2	inclined	Ps.130.2	исходный стих: надписание псалма: группы надписания и стиха 1 в записи TSK не разделены, а в синодальном тексте это разные стихи (надписание — Пс 39:1; стих 1 — Пс 39:2)	src-tsk
			Ps.40.1	3	3	inclined	Dan.9.18	исходный стих: надписание псалма: группы надписания и стиха 1 в записи TSK не разделены, а в синодальном тексте это разные стихи (надписание — Пс 39:1; стих 1 — Пс 39:2)	src-tsk
			Ps.41.1	2	1	Blessed	Ps.112.9	исходный стих: надписание псалма: группы надписания и стиха 1 в записи TSK не разделены, а в синодальном тексте это разные стихи (надписание — Пс 40:1; стих 1 — Пс 40:2)	src-tsk
			Ps.41.1	2	2	Blessed	Deut.15.7-Deut.15.11	исходный стих: надписание псалма: группы надписания и стиха 1 в записи TSK не разделены, а в синодальном тексте это разные стихи (надписание — Пс 40:1; стих 1 — Пс 40:2)	src-tsk
			Ps.41.1	2	3	Blessed	Job.29.12-Job.29.16	исходный стих: надписание псалма: группы надписания и стиха 1 в записи TSK не разделены, а в синодальном тексте это разные стихи (надписание — Пс 40:1; стих 1 — Пс 40:2)	src-tsk
			Ps.41.1	2	4	Blessed	Job.31.16-Job.31.20	исходный стих: надписание псалма: группы надписания и стиха 1 в записи TSK не разделены, а в синодальном тексте это разные стихи (надписание — Пс 40:1; стих 1 — Пс 40:2)	src-tsk
			Ps.41.1	2	5	Blessed	Prov.14.21	исходный стих: надписание псалма: группы надписания и стиха 1 в записи TSK не разделены, а в синодальном тексте это разные стихи (надписание — Пс 40:1; стих 1 — Пс 40:2)	src-tsk
			Ps.41.1	2	6	Blessed	Prov.19.17	исходный стих: надписание псалма: группы надписания и стиха 1 в записи TSK не разделены, а в синодальном тексте это разные стихи (надписание — Пс 40:1; стих 1 — Пс 40:2)	src-tsk
			Ps.41.1	2	7	Blessed	Eccl.11.1	исходный стих: надписание псалма: группы надписания и стиха 1 в записи TSK не разделены, а в синодальном тексте это разные стихи (надписание — Пс 40:1; стих 1 — Пс 40:2)	src-tsk
			Ps.41.1	2	8	Blessed	Eccl.11.2	исходный стих: надписание псалма: группы надписания и стиха 1 в записи TSK не разделены, а в синодальном тексте это разные стихи (надписание — Пс 40:1; стих 1 — Пс 40:2)	src-tsk
			Ps.41.1	2	9	Blessed	Isa.58.7-Isa.58.11	исходный стих: надписание псалма: группы надписания и стиха 1 в записи TSK не разделены, а в синодальном тексте это разные стихи (надписание — Пс 40:1; стих 1 — Пс 40:2)	src-tsk
			Ps.41.1	2	10	Blessed	Mark.14.7	исходный стих: надписание псалма: группы надписания и стиха 1 в записи TSK не разделены, а в синодальном тексте это разные стихи (надписание — Пс 40:1; стих 1 — Пс 40:2)	src-tsk
			Ps.41.1	2	11	Blessed	Luke.14.13	исходный стих: надписание псалма: группы надписания и стиха 1 в записи TSK не разделены, а в синодальном тексте это разные стихи (надписание — Пс 40:1; стих 1 — Пс 40:2)	src-tsk
			Ps.41.1	2	12	Blessed	Luke.14.14	исходный стих: надписание псалма: группы надписания и стиха 1 в записи TSK не разделены, а в синодальном тексте это разные стихи (надписание — Пс 40:1; стих 1 — Пс 40:2)	src-tsk
			Ps.41.1	2	13	Blessed	2Cor.9.8-2Cor.9.14	исходный стих: надписание псалма: группы надписания и стиха 1 в записи TSK не разделены, а в синодальном тексте это разные стихи (надписание — Пс 40:1; стих 1 — Пс 40:2)	src-tsk
			Ps.41.1	2	14	Blessed	Gal.2.10	исходный стих: надписание псалма: группы надписания и стиха 1 в записи TSK не разделены, а в синодальном тексте это разные стихи (надписание — Пс 40:1; стих 1 — Пс 40:2)	src-tsk
			Ps.41.1	3	1	the poor	Matt.25.34-Matt.25.39	исходный стих: надписание псалма: группы надписания и стиха 1 в записи TSK не разделены, а в синодальном тексте это разные стихи (надписание — Пс 40:1; стих 1 — Пс 40:2)	src-tsk
			Ps.41.1	3	2	the poor	Acts.20.35	исходный стих: надписание псалма: группы надписания и стиха 1 в записи TSK не разделены, а в синодальном тексте это разные стихи (надписание — Пс 40:1; стих 1 — Пс 40:2)	src-tsk
			Ps.41.1	3	3	the poor	1Thess.5.14	исходный стих: надписание псалма: группы надписания и стиха 1 в записи TSK не разделены, а в синодальном тексте это разные стихи (надписание — Пс 40:1; стих 1 — Пс 40:2)	src-tsk
			Ps.41.1	4	1	Lord	Ps.34.19	исходный стих: надписание псалма: группы надписания и стиха 1 в записи TSK не разделены, а в синодальном тексте это разные стихи (надписание — Пс 40:1; стих 1 — Пс 40:2)	src-tsk
			Ps.41.1	4	2	Lord	Ps.37.26	исходный стих: надписание псалма: группы надписания и стиха 1 в записи TSK не разделены, а в синодальном тексте это разные стихи (надписание — Пс 40:1; стих 1 — Пс 40:2)	src-tsk
			Ps.41.1	4	3	Lord	Ps.37.39	исходный стих: надписание псалма: группы надписания и стиха 1 в записи TSK не разделены, а в синодальном тексте это разные стихи (надписание — Пс 40:1; стих 1 — Пс 40:2)	src-tsk
			Ps.41.1	4	4	Lord	Ps.37.40	исходный стих: надписание псалма: группы надписания и стиха 1 в записи TSK не разделены, а в синодальном тексте это разные стихи (надписание — Пс 40:1; стих 1 — Пс 40:2)	src-tsk
			Ps.41.1	4	5	Lord	Heb.6.10	исходный стих: надписание псалма: группы надписания и стиха 1 в записи TSK не разделены, а в синодальном тексте это разные стихи (надписание — Пс 40:1; стих 1 — Пс 40:2)	src-tsk
			Ps.41.1	4	6	Lord	Jas.2.13	исходный стих: надписание псалма: группы надписания и стиха 1 в записи TSK не разделены, а в синодальном тексте это разные стихи (надписание — Пс 40:1; стих 1 — Пс 40:2)	src-tsk
			Ps.41.1	5	1	time of trouble	Ps.37.19	исходный стих: надписание псалма: группы надписания и стиха 1 в записи TSK не разделены, а в синодальном тексте это разные стихи (надписание — Пс 40:1; стих 1 — Пс 40:2)	src-tsk
			Ps.41.1	5	2	time of trouble	Prov.16.14	исходный стих: надписание псалма: группы надписания и стиха 1 в записи TSK не разделены, а в синодальном тексте это разные стихи (надписание — Пс 40:1; стих 1 — Пс 40:2)	src-tsk
			Ps.41.1	5	3	time of trouble	Eccl.12.1	исходный стих: надписание псалма: группы надписания и стиха 1 в записи TSK не разделены, а в синодальном тексте это разные стихи (надписание — Пс 40:1; стих 1 — Пс 40:2)	src-tsk
			Ps.41.1	5	4	time of trouble	Rev.3.10	исходный стих: надписание псалма: группы надписания и стиха 1 в записи TSK не разделены, а в синодальном тексте это разные стихи (надписание — Пс 40:1; стих 1 — Пс 40:2)	src-tsk
			Ps.42.1	2	1	the sons	Ps.44.1	исходный стих: надписание псалма: группы надписания и стиха 1 в записи TSK не разделены, а в синодальном тексте это разные стихи (надписание — Пс 41:1; стих 1 — Пс 41:2)	src-tsk
			Ps.42.1	2	2	the sons	Ps.45.1	исходный стих: надписание псалма: группы надписания и стиха 1 в записи TSK не разделены, а в синодальном тексте это разные стихи (надписание — Пс 41:1; стих 1 — Пс 41:2)	src-tsk
			Ps.42.1	2	3	the sons	Ps.46.1	исходный стих: надписание псалма: группы надписания и стиха 1 в записи TSK не разделены, а в синодальном тексте это разные стихи (надписание — Пс 41:1; стих 1 — Пс 41:2)	src-tsk
			Ps.42.1	2	4	the sons	Ps.47.1	исходный стих: надписание псалма: группы надписания и стиха 1 в записи TSK не разделены, а в синодальном тексте это разные стихи (надписание — Пс 41:1; стих 1 — Пс 41:2)	src-tsk
			Ps.42.1	2	5	the sons	Ps.48.1	исходный стих: надписание псалма: группы надписания и стиха 1 в записи TSK не разделены, а в синодальном тексте это разные стихи (надписание — Пс 41:1; стих 1 — Пс 41:2)	src-tsk
			Ps.42.1	2	6	the sons	Ps.49.1	исходный стих: надписание псалма: группы надписания и стиха 1 в записи TSK не разделены, а в синодальном тексте это разные стихи (надписание — Пс 41:1; стих 1 — Пс 41:2)	src-tsk
			Ps.42.1	2	7	the sons	Ps.84.1	исходный стих: надписание псалма: группы надписания и стиха 1 в записи TSK не разделены, а в синодальном тексте это разные стихи (надписание — Пс 41:1; стих 1 — Пс 41:2)	src-tsk
			Ps.42.1	2	8	the sons	Ps.85.1	исходный стих: надписание псалма: группы надписания и стиха 1 в записи TSK не разделены, а в синодальном тексте это разные стихи (надписание — Пс 41:1; стих 1 — Пс 41:2)	src-tsk
			Ps.42.1	2	10	the sons	Num.16.1	исходный стих: надписание псалма: группы надписания и стиха 1 в записи TSK не разделены, а в синодальном тексте это разные стихи (надписание — Пс 41:1; стих 1 — Пс 41:2)	src-tsk
			Ps.42.1	2	11	the sons	Num.16.32	исходный стих: надписание псалма: группы надписания и стиха 1 в записи TSK не разделены, а в синодальном тексте это разные стихи (надписание — Пс 41:1; стих 1 — Пс 41:2)	src-tsk
			Ps.42.1	2	12	the sons	Num.26.11	исходный стих: надписание псалма: группы надписания и стиха 1 в записи TSK не разделены, а в синодальном тексте это разные стихи (надписание — Пс 41:1; стих 1 — Пс 41:2)	src-tsk
			Ps.42.1	2	13	the sons	1Chr.6.33-1Chr.6.37	исходный стих: надписание псалма: группы надписания и стиха 1 в записи TSK не разделены, а в синодальном тексте это разные стихи (надписание — Пс 41:1; стих 1 — Пс 41:2)	src-tsk
			Ps.42.1	2	14	the sons	1Chr.25.1-1Chr.25.5	исходный стих: надписание псалма: группы надписания и стиха 1 в записи TSK не разделены, а в синодальном тексте это разные стихи (надписание — Пс 41:1; стих 1 — Пс 41:2)	src-tsk
			Ps.42.1	3	1	panteth	Ps.63.1	исходный стих: надписание псалма: группы надписания и стиха 1 в записи TSK не разделены, а в синодальном тексте это разные стихи (надписание — Пс 41:1; стих 1 — Пс 41:2)	src-tsk
			Ps.42.1	3	2	panteth	Ps.63.2	исходный стих: надписание псалма: группы надписания и стиха 1 в записи TSK не разделены, а в синодальном тексте это разные стихи (надписание — Пс 41:1; стих 1 — Пс 41:2)	src-tsk
			Ps.42.1	3	3	panteth	Ps.84.2	исходный стих: надписание псалма: группы надписания и стиха 1 в записи TSK не разделены, а в синодальном тексте это разные стихи (надписание — Пс 41:1; стих 1 — Пс 41:2)	src-tsk
			Ps.42.1	3	4	panteth	Ps.143.6	исходный стих: надписание псалма: группы надписания и стиха 1 в записи TSK не разделены, а в синодальном тексте это разные стихи (надписание — Пс 41:1; стих 1 — Пс 41:2)	src-tsk
			Ps.42.1	3	5	panteth	Ps.143.7	исходный стих: надписание псалма: группы надписания и стиха 1 в записи TSK не разделены, а в синодальном тексте это разные стихи (надписание — Пс 41:1; стих 1 — Пс 41:2)	src-tsk
			Ps.42.1	3	6	panteth	Isa.26.8	исходный стих: надписание псалма: группы надписания и стиха 1 в записи TSK не разделены, а в синодальном тексте это разные стихи (надписание — Пс 41:1; стих 1 — Пс 41:2)	src-tsk
			Ps.42.1	3	7	panteth	Isa.26.9	исходный стих: надписание псалма: группы надписания и стиха 1 в записи TSK не разделены, а в синодальном тексте это разные стихи (надписание — Пс 41:1; стих 1 — Пс 41:2)	src-tsk
			Ps.44.1	1	1	(Title.) for the sons	Ps.42.1	исходный стих: надписание псалма: группы надписания и стиха 1 в записи TSK не разделены, а в синодальном тексте это разные стихи (надписание — Пс 43:1; стих 1 — Пс 43:2)	src-tsk
			Ps.44.1	2	1	have heard	Ps.22.31	исходный стих: надписание псалма: группы надписания и стиха 1 в записи TSK не разделены, а в синодальном тексте это разные стихи (надписание — Пс 43:1; стих 1 — Пс 43:2)	src-tsk
			Ps.44.1	2	2	have heard	Ps.71.18	исходный стих: надписание псалма: группы надписания и стиха 1 в записи TSK не разделены, а в синодальном тексте это разные стихи (надписание — Пс 43:1; стих 1 — Пс 43:2)	src-tsk
			Ps.44.1	2	3	have heard	Ps.78.3-Ps.78.6	исходный стих: надписание псалма: группы надписания и стиха 1 в записи TSK не разделены, а в синодальном тексте это разные стихи (надписание — Пс 43:1; стих 1 — Пс 43:2)	src-tsk
			Ps.44.1	2	4	have heard	Ps.105.1	исходный стих: надписание псалма: группы надписания и стиха 1 в записи TSK не разделены, а в синодальном тексте это разные стихи (надписание — Пс 43:1; стих 1 — Пс 43:2)	src-tsk
			Ps.44.1	2	5	have heard	Ps.105.2	исходный стих: надписание псалма: группы надписания и стиха 1 в записи TSK не разделены, а в синодальном тексте это разные стихи (надписание — Пс 43:1; стих 1 — Пс 43:2)	src-tsk
			Ps.44.1	2	6	have heard	Exod.12.24-Exod.12.27	исходный стих: надписание псалма: группы надписания и стиха 1 в записи TSK не разделены, а в синодальном тексте это разные стихи (надписание — Пс 43:1; стих 1 — Пс 43:2)	src-tsk
			Ps.44.1	2	7	have heard	Exod.13.14	исходный стих: надписание псалма: группы надписания и стиха 1 в записи TSK не разделены, а в синодальном тексте это разные стихи (надписание — Пс 43:1; стих 1 — Пс 43:2)	src-tsk
			Ps.44.1	2	8	have heard	Exod.13.15	исходный стих: надписание псалма: группы надписания и стиха 1 в записи TSK не разделены, а в синодальном тексте это разные стихи (надписание — Пс 43:1; стих 1 — Пс 43:2)	src-tsk
			Ps.44.1	2	9	have heard	Isa.38.19	исходный стих: надписание псалма: группы надписания и стиха 1 в записи TSK не разделены, а в синодальном тексте это разные стихи (надписание — Пс 43:1; стих 1 — Пс 43:2)	src-tsk
			Ps.44.1	2	10	have heard	Joel.1.3	исходный стих: надписание псалма: группы надписания и стиха 1 в записи TSK не разделены, а в синодальном тексте это разные стихи (надписание — Пс 43:1; стих 1 — Пс 43:2)	src-tsk
			Ps.44.1	3	1	in the times	Num.21.14-Num.21.16	исходный стих: надписание псалма: группы надписания и стиха 1 в записи TSK не разделены, а в синодальном тексте это разные стихи (надписание — Пс 43:1; стих 1 — Пс 43:2)	src-tsk
			Ps.44.1	3	2	in the times	Num.21.27-Num.21.30	исходный стих: надписание псалма: группы надписания и стиха 1 в записи TSK не разделены, а в синодальном тексте это разные стихи (надписание — Пс 43:1; стих 1 — Пс 43:2)	src-tsk
			Ps.44.1	3	3	in the times	Job.8.8	исходный стих: надписание псалма: группы надписания и стиха 1 в записи TSK не разделены, а в синодальном тексте это разные стихи (надписание — Пс 43:1; стих 1 — Пс 43:2)	src-tsk
			Ps.44.1	3	4	in the times	Job.8.9	исходный стих: надписание псалма: группы надписания и стиха 1 в записи TSK не разделены, а в синодальном тексте это разные стихи (надписание — Пс 43:1; стих 1 — Пс 43:2)	src-tsk
			Ps.44.1	3	5	in the times	Job.15.17-Job.15.19	исходный стих: надписание псалма: группы надписания и стиха 1 в записи TSK не разделены, а в синодальном тексте это разные стихи (надписание — Пс 43:1; стих 1 — Пс 43:2)	src-tsk
			Ps.45.1	2	1	Shoshannim	Ps.69.1	исходный стих: надписание псалма: группы надписания и стиха 1 в записи TSK не разделены, а в синодальном тексте это разные стихи (надписание — Пс 44:1; стих 1 — Пс 44:2)	src-tsk
			Ps.45.1	2	2	Shoshannim	Ps.80.1	исходный стих: надписание псалма: группы надписания и стиха 1 в записи TSK не разделены, а в синодальном тексте это разные стихи (надписание — Пс 44:1; стих 1 — Пс 44:2)	src-tsk
			Ps.45.1	3	1	Maschil	Song.1.1	исходный стих: надписание псалма: группы надписания и стиха 1 в записи TSK не разделены, а в синодальном тексте это разные стихи (надписание — Пс 44:1; стих 1 — Пс 44:2)	src-tsk
			Ps.45.1	3	2	Maschil	Song.1.2-Song.1.7	исходный стих: надписание псалма: группы надписания и стиха 1 в записи TSK не разделены, а в синодальном тексте это разные стихи (надписание — Пс 44:1; стих 1 — Пс 44:2)	src-tsk
			Ps.45.1	3	3	Maschil	Isa.5.1	исходный стих: надписание псалма: группы надписания и стиха 1 в записи TSK не разделены, а в синодальном тексте это разные стихи (надписание — Пс 44:1; стих 1 — Пс 44:2)	src-tsk
			Ps.45.1	3	4	Maschil	Eph.5.32	исходный стих: надписание псалма: группы надписания и стиха 1 в записи TSK не разделены, а в синодальном тексте это разные стихи (надписание — Пс 44:1; стих 1 — Пс 44:2)	src-tsk
			Ps.45.1	4	1	is inditing	Job.32.18-Job.32.20	исходный стих: надписание псалма: группы надписания и стиха 1 в записи TSK не разделены, а в синодальном тексте это разные стихи (надписание — Пс 44:1; стих 1 — Пс 44:2)	src-tsk
			Ps.45.1	4	2	is inditing	Prov.16.23	исходный стих: надписание псалма: группы надписания и стиха 1 в записи TSK не разделены, а в синодальном тексте это разные стихи (надписание — Пс 44:1; стих 1 — Пс 44:2)	src-tsk
			Ps.45.1	4	3	is inditing	Matt.12.35	исходный стих: надписание псалма: группы надписания и стиха 1 в записи TSK не разделены, а в синодальном тексте это разные стихи (надписание — Пс 44:1; стих 1 — Пс 44:2)	src-tsk
			Ps.45.1	5	1	a good	Ps.49.3	исходный стих: надписание псалма: группы надписания и стиха 1 в записи TSK не разделены, а в синодальном тексте это разные стихи (надписание — Пс 44:1; стих 1 — Пс 44:2)	src-tsk
			Ps.45.1	5	2	a good	Job.33.3	исходный стих: надписание псалма: группы надписания и стиха 1 в записи TSK не разделены, а в синодальном тексте это разные стихи (надписание — Пс 44:1; стих 1 — Пс 44:2)	src-tsk
			Ps.45.1	5	3	a good	Job.34.4	исходный стих: надписание псалма: группы надписания и стиха 1 в записи TSK не разделены, а в синодальном тексте это разные стихи (надписание — Пс 44:1; стих 1 — Пс 44:2)	src-tsk
			Ps.45.1	5	4	a good	Prov.8.6-Prov.8.9	исходный стих: надписание псалма: группы надписания и стиха 1 в записи TSK не разделены, а в синодальном тексте это разные стихи (надписание — Пс 44:1; стих 1 — Пс 44:2)	src-tsk
			Ps.45.1	6	1	touching	Ps.2.6	исходный стих: надписание псалма: группы надписания и стиха 1 в записи TSK не разделены, а в синодальном тексте это разные стихи (надписание — Пс 44:1; стих 1 — Пс 44:2)	src-tsk
			Ps.45.1	6	2	touching	Ps.24.7-Ps.24.10	исходный стих: надписание псалма: группы надписания и стиха 1 в записи TSK не разделены, а в синодальном тексте это разные стихи (надписание — Пс 44:1; стих 1 — Пс 44:2)	src-tsk
			Ps.45.1	6	3	touching	Ps.110.1	исходный стих: надписание псалма: группы надписания и стиха 1 в записи TSK не разделены, а в синодальном тексте это разные стихи (надписание — Пс 44:1; стих 1 — Пс 44:2)	src-tsk
			Ps.45.1	6	4	touching	Ps.110.2	исходный стих: надписание псалма: группы надписания и стиха 1 в записи TSK не разделены, а в синодальном тексте это разные стихи (надписание — Пс 44:1; стих 1 — Пс 44:2)	src-tsk
			Ps.45.1	6	5	touching	Song.1.12	исходный стих: надписание псалма: группы надписания и стиха 1 в записи TSK не разделены, а в синодальном тексте это разные стихи (надписание — Пс 44:1; стих 1 — Пс 44:2)	src-tsk
			Ps.45.1	6	6	touching	Isa.32.1	исходный стих: надписание псалма: группы надписания и стиха 1 в записи TSK не разделены, а в синодальном тексте это разные стихи (надписание — Пс 44:1; стих 1 — Пс 44:2)	src-tsk
			Ps.45.1	6	7	touching	Isa.32.2	исходный стих: надписание псалма: группы надписания и стиха 1 в записи TSK не разделены, а в синодальном тексте это разные стихи (надписание — Пс 44:1; стих 1 — Пс 44:2)	src-tsk
			Ps.45.1	6	8	touching	Matt.25.34	исходный стих: надписание псалма: группы надписания и стиха 1 в записи TSK не разделены, а в синодальном тексте это разные стихи (надписание — Пс 44:1; стих 1 — Пс 44:2)	src-tsk
			Ps.45.1	6	9	touching	Matt.27.37	исходный стих: надписание псалма: группы надписания и стиха 1 в записи TSK не разделены, а в синодальном тексте это разные стихи (надписание — Пс 44:1; стих 1 — Пс 44:2)	src-tsk
			Ps.45.1	7	1	tongue	2Sam.23.2	исходный стих: надписание псалма: группы надписания и стиха 1 в записи TSK не разделены, а в синодальном тексте это разные стихи (надписание — Пс 44:1; стих 1 — Пс 44:2)	src-tsk
			Ps.45.1	7	2	tongue	2Pet.1.21	исходный стих: надписание псалма: группы надписания и стиха 1 в записи TSK не разделены, а в синодальном тексте это разные стихи (надписание — Пс 44:1; стих 1 — Пс 44:2)	src-tsk
			Ps.46.1	1	1	(Title.) for	Ps.84.1	исходный стих: надписание псалма: группы надписания и стиха 1 в записи TSK не разделены, а в синодальном тексте это разные стихи (надписание — Пс 45:1; стих 1 — Пс 45:2)	src-tsk
			Ps.46.1	1	2	(Title.) for	Ps.85.1	исходный стих: надписание псалма: группы надписания и стиха 1 в записи TSK не разделены, а в синодальном тексте это разные стихи (надписание — Пс 45:1; стих 1 — Пс 45:2)	src-tsk
			Ps.46.1	1	3	(Title.) for	Ps.87.1	исходный стих: надписание псалма: группы надписания и стиха 1 в записи TSK не разделены, а в синодальном тексте это разные стихи (надписание — Пс 45:1; стих 1 — Пс 45:2)	src-tsk
			Ps.46.1	2	1	A song	Ps.48.1	исходный стих: надписание псалма: группы надписания и стиха 1 в записи TSK не разделены, а в синодальном тексте это разные стихи (надписание — Пс 45:1; стих 1 — Пс 45:2)	src-tsk
			Ps.46.1	2	2	A song	Ps.66.1	исходный стих: надписание псалма: группы надписания и стиха 1 в записи TSK не разделены, а в синодальном тексте это разные стихи (надписание — Пс 45:1; стих 1 — Пс 45:2)	src-tsk
			Ps.46.1	3	1	Alamoth	1Chr.15.20	исходный стих: надписание псалма: группы надписания и стиха 1 в записи TSK не разделены, а в синодальном тексте это разные стихи (надписание — Пс 45:1; стих 1 — Пс 45:2)	src-tsk
			Ps.46.1	4	1	refuge	Ps.46.7	исходный стих: надписание псалма: группы надписания и стиха 1 в записи TSK не разделены, а в синодальном тексте это разные стихи (надписание — Пс 45:1; стих 1 — Пс 45:2)	src-tsk
			Ps.46.1	4	2	refuge	Ps.46.11	исходный стих: надписание псалма: группы надписания и стиха 1 в записи TSK не разделены, а в синодальном тексте это разные стихи (надписание — Пс 45:1; стих 1 — Пс 45:2)	src-tsk
			Ps.46.1	4	3	refuge	Ps.62.7	исходный стих: надписание псалма: группы надписания и стиха 1 в записи TSK не разделены, а в синодальном тексте это разные стихи (надписание — Пс 45:1; стих 1 — Пс 45:2)	src-tsk
			Ps.46.1	4	4	refuge	Ps.62.8	исходный стих: надписание псалма: группы надписания и стиха 1 в записи TSK не разделены, а в синодальном тексте это разные стихи (надписание — Пс 45:1; стих 1 — Пс 45:2)	src-tsk
			Ps.46.1	4	5	refuge	Ps.91.1-Ps.91.9	исходный стих: надписание псалма: группы надписания и стиха 1 в записи TSK не разделены, а в синодальном тексте это разные стихи (надписание — Пс 45:1; стих 1 — Пс 45:2)	src-tsk
			Ps.46.1	4	6	refuge	Ps.142.5	исходный стих: надписание псалма: группы надписания и стиха 1 в записи TSK не разделены, а в синодальном тексте это разные стихи (надписание — Пс 45:1; стих 1 — Пс 45:2)	src-tsk
			Ps.46.1	4	7	refuge	Prov.14.26	исходный стих: надписание псалма: группы надписания и стиха 1 в записи TSK не разделены, а в синодальном тексте это разные стихи (надписание — Пс 45:1; стих 1 — Пс 45:2)	src-tsk
			Ps.46.1	4	8	refuge	Prov.18.10	исходный стих: надписание псалма: группы надписания и стиха 1 в записи TSK не разделены, а в синодальном тексте это разные стихи (надписание — Пс 45:1; стих 1 — Пс 45:2)	src-tsk
			Ps.46.1	4	9	refuge	Luke.13.34	исходный стих: надписание псалма: группы надписания и стиха 1 в записи TSK не разделены, а в синодальном тексте это разные стихи (надписание — Пс 45:1; стих 1 — Пс 45:2)	src-tsk
			Ps.46.1	4	10	refuge	Heb.6.18	исходный стих: надписание псалма: группы надписания и стиха 1 в записи TSK не разделены, а в синодальном тексте это разные стихи (надписание — Пс 45:1; стих 1 — Пс 45:2)	src-tsk
			Ps.46.1	5	1	a very	Ps.145.18	исходный стих: надписание псалма: группы надписания и стиха 1 в записи TSK не разделены, а в синодальном тексте это разные стихи (надписание — Пс 45:1; стих 1 — Пс 45:2)	src-tsk
			Ps.46.1	5	2	a very	Gen.22.14	исходный стих: надписание псалма: группы надписания и стиха 1 в записи TSK не разделены, а в синодальном тексте это разные стихи (надписание — Пс 45:1; стих 1 — Пс 45:2)	src-tsk
			Ps.46.1	5	3	a very	Deut.4.7	исходный стих: надписание псалма: группы надписания и стиха 1 в записи TSK не разделены, а в синодальном тексте это разные стихи (надписание — Пс 45:1; стих 1 — Пс 45:2)	src-tsk
			Ps.46.1	5	4	a very	2Sam.22.17-2Sam.22.20	исходный стих: надписание псалма: группы надписания и стиха 1 в записи TSK не разделены, а в синодальном тексте это разные стихи (надписание — Пс 45:1; стих 1 — Пс 45:2)	src-tsk
			Ps.47.1	2	1	for	Ps.46.1	исходный стих: надписание псалма: группы надписания и стиха 1 в записи TSK не разделены, а в синодальном тексте это разные стихи (надписание — Пс 46:1; стих 1 — Пс 46:2)	src-tsk
			Ps.47.1	3	1	clap	Ps.98.4	исходный стих: надписание псалма: группы надписания и стиха 1 в записи TSK не разделены, а в синодальном тексте это разные стихи (надписание — Пс 46:1; стих 1 — Пс 46:2)	src-tsk
			Ps.47.1	3	2	clap	2Kgs.11.12	исходный стих: надписание псалма: группы надписания и стиха 1 в записи TSK не разделены, а в синодальном тексте это разные стихи (надписание — Пс 46:1; стих 1 — Пс 46:2)	src-tsk
			Ps.47.1	3	3	clap	Isa.55.12	исходный стих: надписание псалма: группы надписания и стиха 1 в записи TSK не разделены, а в синодальном тексте это разные стихи (надписание — Пс 46:1; стих 1 — Пс 46:2)	src-tsk
			Ps.47.1	4	1	shout	Ps.47.5	исходный стих: надписание псалма: группы надписания и стиха 1 в записи TSK не разделены, а в синодальном тексте это разные стихи (надписание — Пс 46:1; стих 1 — Пс 46:2)	src-tsk
			Ps.47.1	4	2	shout	Ps.98.4	исходный стих: надписание псалма: группы надписания и стиха 1 в записи TSK не разделены, а в синодальном тексте это разные стихи (надписание — Пс 46:1; стих 1 — Пс 46:2)	src-tsk
			Ps.47.1	4	3	shout	1Sam.10.24	исходный стих: надписание псалма: группы надписания и стиха 1 в записи TSK не разделены, а в синодальном тексте это разные стихи (надписание — Пс 46:1; стих 1 — Пс 46:2)	src-tsk
			Ps.47.1	4	4	shout	2Sam.6.15	исходный стих: надписание псалма: группы надписания и стиха 1 в записи TSK не разделены, а в синодальном тексте это разные стихи (надписание — Пс 46:1; стих 1 — Пс 46:2)	src-tsk
			Ps.47.1	4	5	shout	2Chr.13.15	исходный стих: надписание псалма: группы надписания и стиха 1 в записи TSK не разделены, а в синодальном тексте это разные стихи (надписание — Пс 46:1; стих 1 — Пс 46:2)	src-tsk
			Ps.47.1	4	6	shout	Ezra.3.11-Ezra.3.13	исходный стих: надписание псалма: группы надписания и стиха 1 в записи TSK не разделены, а в синодальном тексте это разные стихи (надписание — Пс 46:1; стих 1 — Пс 46:2)	src-tsk
			Ps.47.1	4	7	shout	Jer.31.7	исходный стих: надписание псалма: группы надписания и стиха 1 в записи TSK не разделены, а в синодальном тексте это разные стихи (надписание — Пс 46:1; стих 1 — Пс 46:2)	src-tsk
			Ps.47.1	4	8	shout	Zeph.3.14	исходный стих: надписание псалма: группы надписания и стиха 1 в записи TSK не разделены, а в синодальном тексте это разные стихи (надписание — Пс 46:1; стих 1 — Пс 46:2)	src-tsk
			Ps.47.1	4	9	shout	Zech.4.7	исходный стих: надписание псалма: группы надписания и стиха 1 в записи TSK не разделены, а в синодальном тексте это разные стихи (надписание — Пс 46:1; стих 1 — Пс 46:2)	src-tsk
			Ps.47.1	4	10	shout	Zech.9.9	исходный стих: надписание псалма: группы надписания и стиха 1 в записи TSK не разделены, а в синодальном тексте это разные стихи (надписание — Пс 46:1; стих 1 — Пс 46:2)	src-tsk
			Ps.47.1	4	11	shout	Luke.19.37-Luke.19.40	исходный стих: надписание псалма: группы надписания и стиха 1 в записи TSK не разделены, а в синодальном тексте это разные стихи (надписание — Пс 46:1; стих 1 — Пс 46:2)	src-tsk
			Ps.47.1	4	12	shout	Rev.19.1	исходный стих: надписание псалма: группы надписания и стиха 1 в записи TSK не разделены, а в синодальном тексте это разные стихи (надписание — Пс 46:1; стих 1 — Пс 46:2)	src-tsk
			Ps.47.1	4	13	shout	Rev.19.2	исходный стих: надписание псалма: группы надписания и стиха 1 в записи TSK не разделены, а в синодальном тексте это разные стихи (надписание — Пс 46:1; стих 1 — Пс 46:2)	src-tsk
			Ps.48.1	1	1	(Title.) Song	2Chr.20.1-2Chr.20.37	исходный стих: надписание псалма: группы надписания и стиха 1 в записи TSK не разделены, а в синодальном тексте это разные стихи (надписание — Пс 47:1; стих 1 — Пс 47:2)	src-tsk
			Ps.48.1	1	2	(Title.) Song	Ps.30.1	исходный стих: надписание псалма: группы надписания и стиха 1 в записи TSK не разделены, а в синодальном тексте это разные стихи (надписание — Пс 47:1; стих 1 — Пс 47:2)	src-tsk
			Ps.48.1	2	1	for	Ps.46.1	исходный стих: надписание псалма: группы надписания и стиха 1 в записи TSK не разделены, а в синодальном тексте это разные стихи (надписание — Пс 47:1; стих 1 — Пс 47:2)	src-tsk
			Ps.48.1	3	1	Great	Ps.86.10	исходный стих: надписание псалма: группы надписания и стиха 1 в записи TSK не разделены, а в синодальном тексте это разные стихи (надписание — Пс 47:1; стих 1 — Пс 47:2)	src-tsk
			Ps.48.1	3	2	Great	Ps.99.3	исходный стих: надписание псалма: группы надписания и стиха 1 в записи TSK не разделены, а в синодальном тексте это разные стихи (надписание — Пс 47:1; стих 1 — Пс 47:2)	src-tsk
			Ps.48.1	3	3	Great	Ps.99.4	исходный стих: надписание псалма: группы надписания и стиха 1 в записи TSK не разделены, а в синодальном тексте это разные стихи (надписание — Пс 47:1; стих 1 — Пс 47:2)	src-tsk
			Ps.48.1	3	4	Great	Ps.145.3	исходный стих: надписание псалма: группы надписания и стиха 1 в записи TSK не разделены, а в синодальном тексте это разные стихи (надписание — Пс 47:1; стих 1 — Пс 47:2)	src-tsk
			Ps.48.1	3	5	Great	Ps.147.5	исходный стих: надписание псалма: группы надписания и стиха 1 в записи TSK не разделены, а в синодальном тексте это разные стихи (надписание — Пс 47:1; стих 1 — Пс 47:2)	src-tsk
			Ps.48.1	4	1	greatly	Ps.89.1-Ps.89.7	исходный стих: надписание псалма: группы надписания и стиха 1 в записи TSK не разделены, а в синодальном тексте это разные стихи (надписание — Пс 47:1; стих 1 — Пс 47:2)	src-tsk
			Ps.48.1	4	2	greatly	Neh.9.5	исходный стих: надписание псалма: группы надписания и стиха 1 в записи TSK не разделены, а в синодальном тексте это разные стихи (надписание — Пс 47:1; стих 1 — Пс 47:2)	src-tsk
			Ps.48.1	4	3	greatly	Rev.15.3	исходный стих: надписание псалма: группы надписания и стиха 1 в записи TSK не разделены, а в синодальном тексте это разные стихи (надписание — Пс 47:1; стих 1 — Пс 47:2)	src-tsk
			Ps.48.1	4	4	greatly	Rev.15.4	исходный стих: надписание псалма: группы надписания и стиха 1 в записи TSK не разделены, а в синодальном тексте это разные стихи (надписание — Пс 47:1; стих 1 — Пс 47:2)	src-tsk
			Ps.48.1	4	5	greatly	Rev.19.5	исходный стих: надписание псалма: группы надписания и стиха 1 в записи TSK не разделены, а в синодальном тексте это разные стихи (надписание — Пс 47:1; стих 1 — Пс 47:2)	src-tsk
			Ps.48.1	5	1	city	Ps.46.4	исходный стих: надписание псалма: группы надписания и стиха 1 в записи TSK не разделены, а в синодальном тексте это разные стихи (надписание — Пс 47:1; стих 1 — Пс 47:2)	src-tsk
			Ps.48.1	5	2	city	Ps.65.1	исходный стих: надписание псалма: группы надписания и стиха 1 в записи TSK не разделены, а в синодальном тексте это разные стихи (надписание — Пс 47:1; стих 1 — Пс 47:2)	src-tsk
			Ps.48.1	5	3	city	Ps.78.68	исходный стих: надписание псалма: группы надписания и стиха 1 в записи TSK не разделены, а в синодальном тексте это разные стихи (надписание — Пс 47:1; стих 1 — Пс 47:2)	src-tsk
			Ps.48.1	5	4	city	Ps.87.3	исходный стих: надписание псалма: группы надписания и стиха 1 в записи TSK не разделены, а в синодальном тексте это разные стихи (надписание — Пс 47:1; стих 1 — Пс 47:2)	src-tsk
			Ps.48.1	5	5	city	Heb.12.22	исходный стих: надписание псалма: группы надписания и стиха 1 в записи TSK не разделены, а в синодальном тексте это разные стихи (надписание — Пс 47:1; стих 1 — Пс 47:2)	src-tsk
			Ps.48.1	5	6	city	Rev.21.2	исходный стих: надписание псалма: группы надписания и стиха 1 в записи TSK не разделены, а в синодальном тексте это разные стихи (надписание — Пс 47:1; стих 1 — Пс 47:2)	src-tsk
			Ps.48.1	5	7	city	Rev.21.10-Rev.21.22	исходный стих: надписание псалма: группы надписания и стиха 1 в записи TSK не разделены, а в синодальном тексте это разные стихи (надписание — Пс 47:1; стих 1 — Пс 47:2)	src-tsk
			Ps.48.1	6	1	mountain	Ps.47.8	исходный стих: надписание псалма: группы надписания и стиха 1 в записи TSK не разделены, а в синодальном тексте это разные стихи (надписание — Пс 47:1; стих 1 — Пс 47:2)	src-tsk
			Ps.48.1	6	2	mountain	Ps.99.9	исходный стих: надписание псалма: группы надписания и стиха 1 в записи TSK не разделены, а в синодальном тексте это разные стихи (надписание — Пс 47:1; стих 1 — Пс 47:2)	src-tsk
			Ps.48.1	6	3	mountain	Isa.2.2	исходный стих: надписание псалма: группы надписания и стиха 1 в записи TSK не разделены, а в синодальном тексте это разные стихи (надписание — Пс 47:1; стих 1 — Пс 47:2)	src-tsk
			Ps.48.1	6	4	mountain	Isa.2.3	исходный стих: надписание псалма: группы надписания и стиха 1 в записи TSK не разделены, а в синодальном тексте это разные стихи (надписание — Пс 47:1; стих 1 — Пс 47:2)	src-tsk
			Ps.48.1	6	5	mountain	Isa.27.13	исходный стих: надписание псалма: группы надписания и стиха 1 в записи TSK не разделены, а в синодальном тексте это разные стихи (надписание — Пс 47:1; стих 1 — Пс 47:2)	src-tsk
			Ps.48.1	6	6	mountain	Jer.31.23	исходный стих: надписание псалма: группы надписания и стиха 1 в записи TSK не разделены, а в синодальном тексте это разные стихи (надписание — Пс 47:1; стих 1 — Пс 47:2)	src-tsk
			Ps.48.1	6	7	mountain	Obad.1.17	исходный стих: надписание псалма: группы надписания и стиха 1 в записи TSK не разделены, а в синодальном тексте это разные стихи (надписание — Пс 47:1; стих 1 — Пс 47:2)	src-tsk
			Ps.48.1	6	8	mountain	Mic.4.1	исходный стих: надписание псалма: группы надписания и стиха 1 в записи TSK не разделены, а в синодальном тексте это разные стихи (надписание — Пс 47:1; стих 1 — Пс 47:2)	src-tsk
			Ps.48.1	6	9	mountain	Zech.8.3	исходный стих: надписание псалма: группы надписания и стиха 1 в записи TSK не разделены, а в синодальном тексте это разные стихи (надписание — Пс 47:1; стих 1 — Пс 47:2)	src-tsk
			Ps.48.1	6	10	mountain	Matt.24.15	исходный стих: надписание псалма: группы надписания и стиха 1 в записи TSK не разделены, а в синодальном тексте это разные стихи (надписание — Пс 47:1; стих 1 — Пс 47:2)	src-tsk
			Ps.49.1	2	1	for	Ps.46.1	исходный стих: надписание псалма: группы надписания и стиха 1 в записи TSK не разделены, а в синодальном тексте это разные стихи (надписание — Пс 48:1; стих 1 — Пс 48:2)	src-tsk
			Ps.49.1	2	2	for	Ps.48.1	исходный стих: надписание псалма: группы надписания и стиха 1 в записи TSK не разделены, а в синодальном тексте это разные стихи (надписание — Пс 48:1; стих 1 — Пс 48:2)	src-tsk
			Ps.49.1	3	1	Hear	Ps.34.11	исходный стих: надписание псалма: группы надписания и стиха 1 в записи TSK не разделены, а в синодальном тексте это разные стихи (надписание — Пс 48:1; стих 1 — Пс 48:2)	src-tsk
			Ps.49.1	3	2	Hear	Ps.78.1	исходный стих: надписание псалма: группы надписания и стиха 1 в записи TSK не разделены, а в синодальном тексте это разные стихи (надписание — Пс 48:1; стих 1 — Пс 48:2)	src-tsk
			Ps.49.1	3	3	Hear	Prov.1.20-Prov.1.23	исходный стих: надписание псалма: группы надписания и стиха 1 в записи TSK не разделены, а в синодальном тексте это разные стихи (надписание — Пс 48:1; стих 1 — Пс 48:2)	src-tsk
			Ps.49.1	3	4	Hear	Matt.11.15	исходный стих: надписание псалма: группы надписания и стиха 1 в записи TSK не разделены, а в синодальном тексте это разные стихи (надписание — Пс 48:1; стих 1 — Пс 48:2)	src-tsk
			Ps.49.1	3	5	Hear	Matt.13.9	исходный стих: надписание псалма: группы надписания и стиха 1 в записи TSK не разделены, а в синодальном тексте это разные стихи (надписание — Пс 48:1; стих 1 — Пс 48:2)	src-tsk
			Ps.49.1	3	6	Hear	Rev.2.7	исходный стих: надписание псалма: группы надписания и стиха 1 в записи TSK не разделены, а в синодальном тексте это разные стихи (надписание — Пс 48:1; стих 1 — Пс 48:2)	src-tsk
			Ps.49.1	3	7	Hear	Rev.2.11	исходный стих: надписание псалма: группы надписания и стиха 1 в записи TSK не разделены, а в синодальном тексте это разные стихи (надписание — Пс 48:1; стих 1 — Пс 48:2)	src-tsk
			Ps.49.1	3	8	Hear	Rev.2.17	исходный стих: надписание псалма: группы надписания и стиха 1 в записи TSK не разделены, а в синодальном тексте это разные стихи (надписание — Пс 48:1; стих 1 — Пс 48:2)	src-tsk
			Ps.49.1	3	9	Hear	Rev.2.29	исходный стих: надписание псалма: группы надписания и стиха 1 в записи TSK не разделены, а в синодальном тексте это разные стихи (надписание — Пс 48:1; стих 1 — Пс 48:2)	src-tsk
			Ps.49.1	4	1	inhabitants	Ps.50.1	исходный стих: надписание псалма: группы надписания и стиха 1 в записи TSK не разделены, а в синодальном тексте это разные стихи (надписание — Пс 48:1; стих 1 — Пс 48:2)	src-tsk
			Ps.49.1	4	2	inhabitants	Isa.49.6	исходный стих: надписание псалма: группы надписания и стиха 1 в записи TSK не разделены, а в синодальном тексте это разные стихи (надписание — Пс 48:1; стих 1 — Пс 48:2)	src-tsk
			Ps.49.1	4	3	inhabitants	Mal.1.11	исходный стих: надписание псалма: группы надписания и стиха 1 в записи TSK не разделены, а в синодальном тексте это разные стихи (надписание — Пс 48:1; стих 1 — Пс 48:2)	src-tsk
			Ps.49.1	4	4	inhabitants	Matt.28.19	исходный стих: надписание псалма: группы надписания и стиха 1 в записи TSK не разделены, а в синодальном тексте это разные стихи (надписание — Пс 48:1; стих 1 — Пс 48:2)	src-tsk
			Ps.49.1	4	5	inhabitants	Matt.28.20	исходный стих: надписание псалма: группы надписания и стиха 1 в записи TSK не разделены, а в синодальном тексте это разные стихи (надписание — Пс 48:1; стих 1 — Пс 48:2)	src-tsk
			Ps.49.1	4	6	inhabitants	Rom.3.29	исходный стих: надписание псалма: группы надписания и стиха 1 в записи TSK не разделены, а в синодальном тексте это разные стихи (надписание — Пс 48:1; стих 1 — Пс 48:2)	src-tsk
			Ps.49.1	4	7	inhabitants	Rom.10.18	исходный стих: надписание псалма: группы надписания и стиха 1 в записи TSK не разделены, а в синодальном тексте это разные стихи (надписание — Пс 48:1; стих 1 — Пс 48:2)	src-tsk
			Ps.51.1	1	1	(Title.) when	2Sam.12.1-2Sam.12.13	исходный стих: надписание псалма: группы надписания и стиха 1 в записи TSK не разделены, а в синодальном тексте это разные стихи (надписание — Пс 50:1, Пс 50:2; стих 1 — Пс 50:3)	src-tsk
			Ps.51.1	2	1	after	2Sam.11.2-2Sam.11.27	исходный стих: надписание псалма: группы надписания и стиха 1 в записи TSK не разделены, а в синодальном тексте это разные стихи (надписание — Пс 50:1, Пс 50:2; стих 1 — Пс 50:3)	src-tsk
			Ps.51.1	3	1	O God	Ps.25.6	исходный стих: надписание псалма: группы надписания и стиха 1 в записи TSK не разделены, а в синодальном тексте это разные стихи (надписание — Пс 50:1, Пс 50:2; стих 1 — Пс 50:3)	src-tsk
			Ps.51.1	3	2	O God	Ps.25.7	исходный стих: надписание псалма: группы надписания и стиха 1 в записи TSK не разделены, а в синодальном тексте это разные стихи (надписание — Пс 50:1, Пс 50:2; стих 1 — Пс 50:3)	src-tsk
			Ps.51.1	3	3	O God	Ps.109.21	исходный стих: надписание псалма: группы надписания и стиха 1 в записи TSK не разделены, а в синодальном тексте это разные стихи (надписание — Пс 50:1, Пс 50:2; стих 1 — Пс 50:3)	src-tsk
			Ps.51.1	3	4	O God	Ps.119.124	исходный стих: надписание псалма: группы надписания и стиха 1 в записи TSK не разделены, а в синодальном тексте это разные стихи (надписание — Пс 50:1, Пс 50:2; стих 1 — Пс 50:3)	src-tsk
			Ps.51.1	3	5	O God	Exod.34.6	исходный стих: надписание псалма: группы надписания и стиха 1 в записи TSK не разделены, а в синодальном тексте это разные стихи (надписание — Пс 50:1, Пс 50:2; стих 1 — Пс 50:3)	src-tsk
			Ps.51.1	3	6	O God	Exod.34.7	исходный стих: надписание псалма: группы надписания и стиха 1 в записи TSK не разделены, а в синодальном тексте это разные стихи (надписание — Пс 50:1, Пс 50:2; стих 1 — Пс 50:3)	src-tsk
			Ps.51.1	3	7	O God	Num.14.18	исходный стих: надписание псалма: группы надписания и стиха 1 в записи TSK не разделены, а в синодальном тексте это разные стихи (надписание — Пс 50:1, Пс 50:2; стих 1 — Пс 50:3)	src-tsk
			Ps.51.1	3	8	O God	Num.14.19	исходный стих: надписание псалма: группы надписания и стиха 1 в записи TSK не разделены, а в синодальном тексте это разные стихи (надписание — Пс 50:1, Пс 50:2; стих 1 — Пс 50:3)	src-tsk
			Ps.51.1	3	9	O God	Dan.9.9	исходный стих: надписание псалма: группы надписания и стиха 1 в записи TSK не разделены, а в синодальном тексте это разные стихи (надписание — Пс 50:1, Пс 50:2; стих 1 — Пс 50:3)	src-tsk
			Ps.51.1	3	10	O God	Dan.9.18	исходный стих: надписание псалма: группы надписания и стиха 1 в записи TSK не разделены, а в синодальном тексте это разные стихи (надписание — Пс 50:1, Пс 50:2; стих 1 — Пс 50:3)	src-tsk
			Ps.51.1	3	11	O God	Mic.7.18	исходный стих: надписание псалма: группы надписания и стиха 1 в записи TSK не разделены, а в синодальном тексте это разные стихи (надписание — Пс 50:1, Пс 50:2; стих 1 — Пс 50:3)	src-tsk
			Ps.51.1	3	12	O God	Mic.7.19	исходный стих: надписание псалма: группы надписания и стиха 1 в записи TSK не разделены, а в синодальном тексте это разные стихи (надписание — Пс 50:1, Пс 50:2; стих 1 — Пс 50:3)	src-tsk
			Ps.51.1	3	13	O God	Rom.5.20	исходный стих: надписание псалма: группы надписания и стиха 1 в записи TSK не разделены, а в синодальном тексте это разные стихи (надписание — Пс 50:1, Пс 50:2; стих 1 — Пс 50:3)	src-tsk
			Ps.51.1	3	14	O God	Rom.5.21	исходный стих: надписание псалма: группы надписания и стиха 1 в записи TSK не разделены, а в синодальном тексте это разные стихи (надписание — Пс 50:1, Пс 50:2; стих 1 — Пс 50:3)	src-tsk
			Ps.51.1	3	15	O God	Eph.1.6-Eph.1.8	исходный стих: надписание псалма: группы надписания и стиха 1 в записи TSK не разделены, а в синодальном тексте это разные стихи (надписание — Пс 50:1, Пс 50:2; стих 1 — Пс 50:3)	src-tsk
			Ps.51.1	3	16	O God	Eph.2.4-Eph.2.7	исходный стих: надписание псалма: группы надписания и стиха 1 в записи TSK не разделены, а в синодальном тексте это разные стихи (надписание — Пс 50:1, Пс 50:2; стих 1 — Пс 50:3)	src-tsk
			Ps.51.1	4	1	multitude	Ps.5.7	исходный стих: надписание псалма: группы надписания и стиха 1 в записи TSK не разделены, а в синодальном тексте это разные стихи (надписание — Пс 50:1, Пс 50:2; стих 1 — Пс 50:3)	src-tsk
			Ps.51.1	4	2	multitude	Ps.69.13	исходный стих: надписание псалма: группы надписания и стиха 1 в записи TSK не разделены, а в синодальном тексте это разные стихи (надписание — Пс 50:1, Пс 50:2; стих 1 — Пс 50:3)	src-tsk
			Ps.51.1	4	3	multitude	Ps.69.16	исходный стих: надписание псалма: группы надписания и стиха 1 в записи TSK не разделены, а в синодальном тексте это разные стихи (надписание — Пс 50:1, Пс 50:2; стих 1 — Пс 50:3)	src-tsk
			Ps.51.1	4	4	multitude	Ps.106.7	исходный стих: надписание псалма: группы надписания и стиха 1 в записи TSK не разделены, а в синодальном тексте это разные стихи (надписание — Пс 50:1, Пс 50:2; стих 1 — Пс 50:3)	src-tsk
			Ps.51.1	4	5	multitude	Ps.106.45	исходный стих: надписание псалма: группы надписания и стиха 1 в записи TSK не разделены, а в синодальном тексте это разные стихи (надписание — Пс 50:1, Пс 50:2; стих 1 — Пс 50:3)	src-tsk
			Ps.51.1	4	6	multitude	Isa.63.7	исходный стих: надписание псалма: группы надписания и стиха 1 в записи TSK не разделены, а в синодальном тексте это разные стихи (надписание — Пс 50:1, Пс 50:2; стих 1 — Пс 50:3)	src-tsk
			Ps.51.1	4	7	multitude	Isa.63.15	исходный стих: надписание псалма: группы надписания и стиха 1 в записи TSK не разделены, а в синодальном тексте это разные стихи (надписание — Пс 50:1, Пс 50:2; стих 1 — Пс 50:3)	src-tsk
			Ps.51.1	4	9	multitude	Lam.3.32	исходный стих: надписание псалма: группы надписания и стиха 1 в записи TSK не разделены, а в синодальном тексте это разные стихи (надписание — Пс 50:1, Пс 50:2; стих 1 — Пс 50:3)	src-tsk
			Ps.51.1	5	1	tender	Ps.40.11	исходный стих: надписание псалма: группы надписания и стиха 1 в записи TSK не разделены, а в синодальном тексте это разные стихи (надписание — Пс 50:1, Пс 50:2; стих 1 — Пс 50:3)	src-tsk
			Ps.51.1	5	2	tender	Ps.77.9	исходный стих: надписание псалма: группы надписания и стиха 1 в записи TSK не разделены, а в синодальном тексте это разные стихи (надписание — Пс 50:1, Пс 50:2; стих 1 — Пс 50:3)	src-tsk
			Ps.51.1	5	3	tender	Ps.145.9	исходный стих: надписание псалма: группы надписания и стиха 1 в записи TSK не разделены, а в синодальном тексте это разные стихи (надписание — Пс 50:1, Пс 50:2; стих 1 — Пс 50:3)	src-tsk
			Ps.51.1	6	1	blot	Ps.51.9	исходный стих: надписание псалма: группы надписания и стиха 1 в записи TSK не разделены, а в синодальном тексте это разные стихи (надписание — Пс 50:1, Пс 50:2; стих 1 — Пс 50:3)	src-tsk
			Ps.51.1	6	2	blot	Neh.4.5	исходный стих: надписание псалма: группы надписания и стиха 1 в записи TSK не разделены, а в синодальном тексте это разные стихи (надписание — Пс 50:1, Пс 50:2; стих 1 — Пс 50:3)	src-tsk
			Ps.51.1	6	3	blot	Isa.43.25	исходный стих: надписание псалма: группы надписания и стиха 1 в записи TSK не разделены, а в синодальном тексте это разные стихи (надписание — Пс 50:1, Пс 50:2; стих 1 — Пс 50:3)	src-tsk
			Ps.51.1	6	4	blot	Isa.44.22	исходный стих: надписание псалма: группы надписания и стиха 1 в записи TSK не разделены, а в синодальном тексте это разные стихи (надписание — Пс 50:1, Пс 50:2; стих 1 — Пс 50:3)	src-tsk
			Ps.51.1	6	5	blot	Jer.18.23	исходный стих: надписание псалма: группы надписания и стиха 1 в записи TSK не разделены, а в синодальном тексте это разные стихи (надписание — Пс 50:1, Пс 50:2; стих 1 — Пс 50:3)	src-tsk
			Ps.51.1	6	6	blot	Acts.3.19	исходный стих: надписание псалма: группы надписания и стиха 1 в записи TSK не разделены, а в синодальном тексте это разные стихи (надписание — Пс 50:1, Пс 50:2; стих 1 — Пс 50:3)	src-tsk
			Ps.51.1	6	7	blot	Col.2.14	исходный стих: надписание псалма: группы надписания и стиха 1 в записи TSK не разделены, а в синодальном тексте это разные стихи (надписание — Пс 50:1, Пс 50:2; стих 1 — Пс 50:3)	src-tsk
			Ps.52.1	1	1	(Title.) Doeg	Ps.54.3	исходный стих: надписание псалма: группы надписания и стиха 1 в записи TSK не разделены, а в синодальном тексте это разные стихи (надписание — Пс 51:1, Пс 51:2; стих 1 — Пс 51:3)	src-tsk
			Ps.52.1	1	2	(Title.) Doeg	1Sam.21.7	исходный стих: надписание псалма: группы надписания и стиха 1 в записи TSK не разделены, а в синодальном тексте это разные стихи (надписание — Пс 51:1, Пс 51:2; стих 1 — Пс 51:3)	src-tsk
			Ps.52.1	1	3	(Title.) Doeg	1Sam.22.9-1Sam.22.19	исходный стих: надписание псалма: группы надписания и стиха 1 в записи TSK не разделены, а в синодальном тексте это разные стихи (надписание — Пс 51:1, Пс 51:2; стих 1 — Пс 51:3)	src-tsk
			Ps.52.1	2	1	told	Ps.59.7	исходный стих: надписание псалма: группы надписания и стиха 1 в записи TSK не разделены, а в синодальном тексте это разные стихи (надписание — Пс 51:1, Пс 51:2; стих 1 — Пс 51:3)	src-tsk
			Ps.52.1	2	2	told	Jer.9.8	исходный стих: надписание псалма: группы надписания и стиха 1 в записи TSK не разделены, а в синодальном тексте это разные стихи (надписание — Пс 51:1, Пс 51:2; стих 1 — Пс 51:3)	src-tsk
			Ps.52.1	2	3	told	Exod.22.9	исходный стих: надписание псалма: группы надписания и стиха 1 в записи TSK не разделены, а в синодальном тексте это разные стихи (надписание — Пс 51:1, Пс 51:2; стих 1 — Пс 51:3)	src-tsk
			Ps.52.1	3	1	boastest	Ps.10.2	исходный стих: надписание псалма: группы надписания и стиха 1 в записи TSK не разделены, а в синодальном тексте это разные стихи (надписание — Пс 51:1, Пс 51:2; стих 1 — Пс 51:3)	src-tsk
			Ps.52.1	3	2	boastest	Ps.10.3	исходный стих: надписание псалма: группы надписания и стиха 1 в записи TSK не разделены, а в синодальном тексте это разные стихи (надписание — Пс 51:1, Пс 51:2; стих 1 — Пс 51:3)	src-tsk
			Ps.52.1	3	3	boastest	Ps.94.4	исходный стих: надписание псалма: группы надписания и стиха 1 в записи TSK не разделены, а в синодальном тексте это разные стихи (надписание — Пс 51:1, Пс 51:2; стих 1 — Пс 51:3)	src-tsk
			Ps.52.1	3	4	boastest	Rom.1.30	исходный стих: надписание псалма: группы надписания и стиха 1 в записи TSK не разделены, а в синодальном тексте это разные стихи (надписание — Пс 51:1, Пс 51:2; стих 1 — Пс 51:3)	src-tsk
			Ps.52.1	3	5	boastest	2Tim.3.2	исходный стих: надписание псалма: группы надписания и стиха 1 в записи TSK не разделены, а в синодальном тексте это разные стихи (надписание — Пс 51:1, Пс 51:2; стих 1 — Пс 51:3)	src-tsk
			Ps.52.1	4	1	mischief	Ps.7.14	исходный стих: надписание псалма: группы надписания и стиха 1 в записи TSK не разделены, а в синодальном тексте это разные стихи (надписание — Пс 51:1, Пс 51:2; стих 1 — Пс 51:3)	src-tsk
			Ps.52.1	4	2	mischief	Ps.10.7	исходный стих: надписание псалма: группы надписания и стиха 1 в записи TSK не разделены, а в синодальном тексте это разные стихи (надписание — Пс 51:1, Пс 51:2; стих 1 — Пс 51:3)	src-tsk
			Ps.52.1	4	3	mischief	Ps.36.3-Ps.36.6	исходный стих: надписание псалма: группы надписания и стиха 1 в записи TSK не разделены, а в синодальном тексте это разные стихи (надписание — Пс 51:1, Пс 51:2; стих 1 — Пс 51:3)	src-tsk
			Ps.52.1	4	4	mischief	Prov.6.14	исходный стих: надписание псалма: группы надписания и стиха 1 в записи TSK не разделены, а в синодальном тексте это разные стихи (надписание — Пс 51:1, Пс 51:2; стих 1 — Пс 51:3)	src-tsk
			Ps.52.1	4	5	mischief	Prov.6.18	исходный стих: надписание псалма: группы надписания и стиха 1 в записи TSK не разделены, а в синодальном тексте это разные стихи (надписание — Пс 51:1, Пс 51:2; стих 1 — Пс 51:3)	src-tsk
			Ps.52.1	4	6	mischief	Isa.59.4	исходный стих: надписание псалма: группы надписания и стиха 1 в записи TSK не разделены, а в синодальном тексте это разные стихи (надписание — Пс 51:1, Пс 51:2; стих 1 — Пс 51:3)	src-tsk
			Ps.52.1	4	7	mischief	Mic.7.3	исходный стих: надписание псалма: группы надписания и стиха 1 в записи TSK не разделены, а в синодальном тексте это разные стихи (надписание — Пс 51:1, Пс 51:2; стих 1 — Пс 51:3)	src-tsk
			Ps.52.1	5	1	O mighty	Gen.6.4	исходный стих: надписание псалма: группы надписания и стиха 1 в записи TSK не разделены, а в синодальном тексте это разные стихи (надписание — Пс 51:1, Пс 51:2; стих 1 — Пс 51:3)	src-tsk
			Ps.52.1	5	2	O mighty	Gen.6.5	исходный стих: надписание псалма: группы надписания и стиха 1 в записи TSK не разделены, а в синодальном тексте это разные стихи (надписание — Пс 51:1, Пс 51:2; стих 1 — Пс 51:3)	src-tsk
			Ps.52.1	5	3	O mighty	Gen.10.8	исходный стих: надписание псалма: группы надписания и стиха 1 в записи TSK не разделены, а в синодальном тексте это разные стихи (надписание — Пс 51:1, Пс 51:2; стих 1 — Пс 51:3)	src-tsk
			Ps.52.1	5	4	O mighty	Gen.10.9	исходный стих: надписание псалма: группы надписания и стиха 1 в записи TSK не разделены, а в синодальном тексте это разные стихи (надписание — Пс 51:1, Пс 51:2; стих 1 — Пс 51:3)	src-tsk
			Ps.52.1	5	5	O mighty	1Sam.21.7	исходный стих: надписание псалма: группы надписания и стиха 1 в записи TSK не разделены, а в синодальном тексте это разные стихи (надписание — Пс 51:1, Пс 51:2; стих 1 — Пс 51:3)	src-tsk
			Ps.52.1	6	1	goodness	Ps.103.17	исходный стих: надписание псалма: группы надписания и стиха 1 в записи TSK не разделены, а в синодальном тексте это разные стихи (надписание — Пс 51:1, Пс 51:2; стих 1 — Пс 51:3)	src-tsk
			Ps.52.1	6	2	goodness	Ps.107.1	исходный стих: надписание псалма: группы надписания и стиха 1 в записи TSK не разделены, а в синодальном тексте это разные стихи (надписание — Пс 51:1, Пс 51:2; стих 1 — Пс 51:3)	src-tsk
			Ps.52.1	6	3	goodness	Ps.137.1	исходный стих: надписание псалма: группы надписания и стиха 1 в записи TSK не разделены, а в синодальном тексте это разные стихи (надписание — Пс 51:1, Пс 51:2; стих 1 — Пс 51:3)	src-tsk
			Ps.52.1	6	4	goodness	Ps.137.2	исходный стих: надписание псалма: группы надписания и стиха 1 в записи TSK не разделены, а в синодальном тексте это разные стихи (надписание — Пс 51:1, Пс 51:2; стих 1 — Пс 51:3)	src-tsk
			Ps.52.1	6	5	goodness	1John.4.7	исходный стих: надписание псалма: группы надписания и стиха 1 в записи TSK не разделены, а в синодальном тексте это разные стихи (надписание — Пс 51:1, Пс 51:2; стих 1 — Пс 51:3)	src-tsk
			Ps.52.1	6	6	goodness	1John.4.8	исходный стих: надписание псалма: группы надписания и стиха 1 в записи TSK не разделены, а в синодальном тексте это разные стихи (надписание — Пс 51:1, Пс 51:2; стих 1 — Пс 51:3)	src-tsk
Пс	51	7	Ps.52.5	4	2	the land	Ps.116.9	синодальный стих Пс 114:9 пуст в нашем тексте (tools/bible/source-issues.tsv)	src-tsk
			Ps.53.1	1	1	cir	Ps.88.1	исходный стих: надписание псалма: группы надписания и стиха 1 в записи TSK не разделены, а в синодальном тексте это разные стихи (надписание — Пс 52:1; стих 1 — Пс 52:2)	src-tsk
			Ps.53.1	2	1	fool	Ps.14.1-Ps.14.7	исходный стих: надписание псалма: группы надписания и стиха 1 в записи TSK не разделены, а в синодальном тексте это разные стихи (надписание — Пс 52:1; стих 1 — Пс 52:2)	src-tsk
			Ps.53.1	2	2	fool	Ps.92.6	исходный стих: надписание псалма: группы надписания и стиха 1 в записи TSK не разделены, а в синодальном тексте это разные стихи (надписание — Пс 52:1; стих 1 — Пс 52:2)	src-tsk
			Ps.53.1	2	3	fool	Matt.5.22	исходный стих: надписание псалма: группы надписания и стиха 1 в записи TSK не разделены, а в синодальном тексте это разные стихи (надписание — Пс 52:1; стих 1 — Пс 52:2)	src-tsk
			Ps.53.1	2	4	fool	Luke.12.20	исходный стих: надписание псалма: группы надписания и стиха 1 в записи TSK не разделены, а в синодальном тексте это разные стихи (надписание — Пс 52:1; стих 1 — Пс 52:2)	src-tsk
			Ps.53.1	3	1	said	Ps.10.4	исходный стих: надписание псалма: группы надписания и стиха 1 в записи TSK не разделены, а в синодальном тексте это разные стихи (надписание — Пс 52:1; стих 1 — Пс 52:2)	src-tsk
			Ps.53.1	3	2	said	Ps.10.6	исходный стих: надписание псалма: группы надписания и стиха 1 в записи TSK не разделены, а в синодальном тексте это разные стихи (надписание — Пс 52:1; стих 1 — Пс 52:2)	src-tsk
			Ps.53.1	3	3	said	Ps.10.11	исходный стих: надписание псалма: группы надписания и стиха 1 в записи TSK не разделены, а в синодальном тексте это разные стихи (надписание — Пс 52:1; стих 1 — Пс 52:2)	src-tsk
			Ps.53.1	3	4	said	Ps.10.13	исходный стих: надписание псалма: группы надписания и стиха 1 в записи TSK не разделены, а в синодальном тексте это разные стихи (надписание — Пс 52:1; стих 1 — Пс 52:2)	src-tsk
			Ps.53.1	3	5	said	1Kgs.12.26	исходный стих: надписание псалма: группы надписания и стиха 1 в записи TSK не разделены, а в синодальном тексте это разные стихи (надписание — Пс 52:1; стих 1 — Пс 52:2)	src-tsk
			Ps.53.1	3	6	said	Rom.1.21	исходный стих: надписание псалма: группы надписания и стиха 1 в записи TSK не разделены, а в синодальном тексте это разные стихи (надписание — Пс 52:1; стих 1 — Пс 52:2)	src-tsk
			Ps.53.1	3	7	said	Rom.1.28	исходный стих: надписание псалма: группы надписания и стиха 1 в записи TSK не разделены, а в синодальном тексте это разные стихи (надписание — Пс 52:1; стих 1 — Пс 52:2)	src-tsk
			Ps.53.1	4	1	Corrupt	Gen.6.5	исходный стих: надписание псалма: группы надписания и стиха 1 в записи TSK не разделены, а в синодальном тексте это разные стихи (надписание — Пс 52:1; стих 1 — Пс 52:2)	src-tsk
			Ps.53.1	4	2	Corrupt	Gen.6.6	исходный стих: надписание псалма: группы надписания и стиха 1 в записи TSK не разделены, а в синодальном тексте это разные стихи (надписание — Пс 52:1; стих 1 — Пс 52:2)	src-tsk
			Ps.53.1	4	3	Corrupt	Gen.6.11-Gen.6.13	исходный стих: надписание псалма: группы надписания и стиха 1 в записи TSK не разделены, а в синодальном тексте это разные стихи (надписание — Пс 52:1; стих 1 — Пс 52:2)	src-tsk
			Ps.53.1	4	4	Corrupt	Job.14.4	исходный стих: надписание псалма: группы надписания и стиха 1 в записи TSK не разделены, а в синодальном тексте это разные стихи (надписание — Пс 52:1; стих 1 — Пс 52:2)	src-tsk
			Ps.53.1	4	5	Corrupt	Job.15.16	исходный стих: надписание псалма: группы надписания и стиха 1 в записи TSK не разделены, а в синодальном тексте это разные стихи (надписание — Пс 52:1; стих 1 — Пс 52:2)	src-tsk
			Ps.53.1	5	1	have done	Lev.18.24-Lev.18.30	исходный стих: надписание псалма: группы надписания и стиха 1 в записи TSK не разделены, а в синодальном тексте это разные стихи (надписание — Пс 52:1; стих 1 — Пс 52:2)	src-tsk
			Ps.53.1	5	2	have done	Deut.12.31	исходный стих: надписание псалма: группы надписания и стиха 1 в записи TSK не разделены, а в синодальном тексте это разные стихи (надписание — Пс 52:1; стих 1 — Пс 52:2)	src-tsk
			Ps.53.1	5	3	have done	1Kgs.14.24	исходный стих: надписание псалма: группы надписания и стиха 1 в записи TSK не разделены, а в синодальном тексте это разные стихи (надписание — Пс 52:1; стих 1 — Пс 52:2)	src-tsk
			Ps.53.1	5	4	have done	Ezek.16.47	исходный стих: надписание псалма: группы надписания и стиха 1 в записи TSK не разделены, а в синодальном тексте это разные стихи (надписание — Пс 52:1; стих 1 — Пс 52:2)	src-tsk
			Ps.53.1	5	5	have done	Ezek.16.51	исходный стих: надписание псалма: группы надписания и стиха 1 в записи TSK не разделены, а в синодальном тексте это разные стихи (надписание — Пс 52:1; стих 1 — Пс 52:2)	src-tsk
			Ps.53.1	5	6	have done	Eph.5.12	исходный стих: надписание псалма: группы надписания и стиха 1 в записи TSK не разделены, а в синодальном тексте это разные стихи (надписание — Пс 52:1; стих 1 — Пс 52:2)	src-tsk
			Ps.53.1	5	7	have done	1Pet.4.3	исходный стих: надписание псалма: группы надписания и стиха 1 в записи TSK не разделены, а в синодальном тексте это разные стихи (надписание — Пс 52:1; стих 1 — Пс 52:2)	src-tsk
			Ps.53.1	6	1	there is	Rom.3.10-Rom.3.31	исходный стих: надписание псалма: группы надписания и стиха 1 в записи TSK не разделены, а в синодальном тексте это разные стихи (надписание — Пс 52:1; стих 1 — Пс 52:2)	src-tsk
			Ps.54.1	1	1	(Title.) Ziphims	1Sam.23.19	исходный стих: надписание псалма: группы надписания и стиха 1 в записи TSK не разделены, а в синодальном тексте это разные стихи (надписание — Пс 53:1, Пс 53:2; стих 1 — Пс 53:3)	src-tsk
			Ps.54.1	1	2	(Title.) Ziphims	1Sam.23.20	исходный стих: надписание псалма: группы надписания и стиха 1 в записи TSK не разделены, а в синодальном тексте это разные стихи (надписание — Пс 53:1, Пс 53:2; стих 1 — Пс 53:3)	src-tsk
			Ps.54.1	1	3	(Title.) Ziphims	1Sam.26.1	исходный стих: надписание псалма: группы надписания и стиха 1 в записи TSK не разделены, а в синодальном тексте это разные стихи (надписание — Пс 53:1, Пс 53:2; стих 1 — Пс 53:3)	src-tsk
			Ps.54.1	1	4	(Title.) Ziphims	Mic.7.5	исходный стих: надписание псалма: группы надписания и стиха 1 в записи TSK не разделены, а в синодальном тексте это разные стихи (надписание — Пс 53:1, Пс 53:2; стих 1 — Пс 53:3)	src-tsk
			Ps.54.1	1	5	(Title.) Ziphims	Mic.7.6	исходный стих: надписание псалма: группы надписания и стиха 1 в записи TSK не разделены, а в синодальном тексте это разные стихи (надписание — Пс 53:1, Пс 53:2; стих 1 — Пс 53:3)	src-tsk
			Ps.54.1	1	6	(Title.) Ziphims	Matt.10.21	исходный стих: надписание псалма: группы надписания и стиха 1 в записи TSK не разделены, а в синодальном тексте это разные стихи (надписание — Пс 53:1, Пс 53:2; стих 1 — Пс 53:3)	src-tsk
			Ps.54.1	2	1	by the name	Ps.20.1	исходный стих: надписание псалма: группы надписания и стиха 1 в записи TSK не разделены, а в синодальном тексте это разные стихи (надписание — Пс 53:1, Пс 53:2; стих 1 — Пс 53:3)	src-tsk
			Ps.54.1	2	2	by the name	Ps.48.10	исходный стих: надписание псалма: группы надписания и стиха 1 в записи TSK не разделены, а в синодальном тексте это разные стихи (надписание — Пс 53:1, Пс 53:2; стих 1 — Пс 53:3)	src-tsk
			Ps.54.1	2	3	by the name	Ps.79.9	исходный стих: надписание псалма: группы надписания и стиха 1 в записи TSK не разделены, а в синодальном тексте это разные стихи (надписание — Пс 53:1, Пс 53:2; стих 1 — Пс 53:3)	src-tsk
			Ps.54.1	2	4	by the name	Exod.3.14	исходный стих: надписание псалма: группы надписания и стиха 1 в записи TSK не разделены, а в синодальном тексте это разные стихи (надписание — Пс 53:1, Пс 53:2; стих 1 — Пс 53:3)	src-tsk
			Ps.54.1	2	5	by the name	Exod.3.15	исходный стих: надписание псалма: группы надписания и стиха 1 в записи TSK не разделены, а в синодальном тексте это разные стихи (надписание — Пс 53:1, Пс 53:2; стих 1 — Пс 53:3)	src-tsk
			Ps.54.1	2	6	by the name	Exod.23.21	исходный стих: надписание псалма: группы надписания и стиха 1 в записи TSK не разделены, а в синодальном тексте это разные стихи (надписание — Пс 53:1, Пс 53:2; стих 1 — Пс 53:3)	src-tsk
			Ps.54.1	2	7	by the name	Exod.34.5	исходный стих: надписание псалма: группы надписания и стиха 1 в записи TSK не разделены, а в синодальном тексте это разные стихи (надписание — Пс 53:1, Пс 53:2; стих 1 — Пс 53:3)	src-tsk
			Ps.54.1	2	8	by the name	Exod.34.6	исходный стих: надписание псалма: группы надписания и стиха 1 в записи TSK не разделены, а в синодальном тексте это разные стихи (надписание — Пс 53:1, Пс 53:2; стих 1 — Пс 53:3)	src-tsk
			Ps.54.1	2	9	by the name	Prov.18.10	исходный стих: надписание псалма: группы надписания и стиха 1 в записи TSK не разделены, а в синодальном тексте это разные стихи (надписание — Пс 53:1, Пс 53:2; стих 1 — Пс 53:3)	src-tsk
			Ps.54.1	2	10	by the name	Isa.30.27	исходный стих: надписание псалма: группы надписания и стиха 1 в записи TSK не разделены, а в синодальном тексте это разные стихи (надписание — Пс 53:1, Пс 53:2; стих 1 — Пс 53:3)	src-tsk
			Ps.54.1	2	11	by the name	Matt.1.21	исходный стих: надписание псалма: группы надписания и стиха 1 в записи TSK не разделены, а в синодальном тексте это разные стихи (надписание — Пс 53:1, Пс 53:2; стих 1 — Пс 53:3)	src-tsk
			Ps.54.1	2	12	by the name	Matt.1.23	исходный стих: надписание псалма: группы надписания и стиха 1 в записи TSK не разделены, а в синодальном тексте это разные стихи (надписание — Пс 53:1, Пс 53:2; стих 1 — Пс 53:3)	src-tsk
			Ps.54.1	2	13	by the name	Acts.4.12	исходный стих: надписание псалма: группы надписания и стиха 1 в записи TSK не разделены, а в синодальном тексте это разные стихи (надписание — Пс 53:1, Пс 53:2; стих 1 — Пс 53:3)	src-tsk
			Ps.54.1	3	1	judge	Ps.26.1	исходный стих: надписание псалма: группы надписания и стиха 1 в записи TSK не разделены, а в синодальном тексте это разные стихи (надписание — Пс 53:1, Пс 53:2; стих 1 — Пс 53:3)	src-tsk
			Ps.54.1	3	2	judge	Ps.43.1	исходный стих: надписание псалма: группы надписания и стиха 1 в записи TSK не разделены, а в синодальном тексте это разные стихи (надписание — Пс 53:1, Пс 53:2; стих 1 — Пс 53:3)	src-tsk
			Ps.54.1	3	3	judge	Ps.43.2	исходный стих: надписание псалма: группы надписания и стиха 1 в записи TSK не разделены, а в синодальном тексте это разные стихи (надписание — Пс 53:1, Пс 53:2; стих 1 — Пс 53:3)	src-tsk
			Ps.54.1	3	4	judge	Ps.99.4	исходный стих: надписание псалма: группы надписания и стиха 1 в записи TSK не разделены, а в синодальном тексте это разные стихи (надписание — Пс 53:1, Пс 53:2; стих 1 — Пс 53:3)	src-tsk
			Ps.54.1	3	5	judge	Prov.23.11	исходный стих: надписание псалма: группы надписания и стиха 1 в записи TSK не разделены, а в синодальном тексте это разные стихи (надписание — Пс 53:1, Пс 53:2; стих 1 — Пс 53:3)	src-tsk
			Ps.54.1	3	6	judge	Jer.50.34	исходный стих: надписание псалма: группы надписания и стиха 1 в записи TSK не разделены, а в синодальном тексте это разные стихи (надписание — Пс 53:1, Пс 53:2; стих 1 — Пс 53:3)	src-tsk
			Ps.55.1	1	1	(Title.) Neginoth	Ps.6.1	исходный стих: надписание псалма: группы надписания и стиха 1 в записи TSK не разделены, а в синодальном тексте это разные стихи (надписание — Пс 54:1; стих 1 — Пс 54:2)	src-tsk
			Ps.55.1	1	2	(Title.) Neginoth	Ps.54.1	исходный стих: надписание псалма: группы надписания и стиха 1 в записи TSK не разделены, а в синодальном тексте это разные стихи (надписание — Пс 54:1; стих 1 — Пс 54:2)	src-tsk
			Ps.55.1	2	1	Give	Ps.5.1	исходный стих: надписание псалма: группы надписания и стиха 1 в записи TSK не разделены, а в синодальном тексте это разные стихи (надписание — Пс 54:1; стих 1 — Пс 54:2)	src-tsk
			Ps.55.1	2	2	Give	Ps.17.1	исходный стих: надписание псалма: группы надписания и стиха 1 в записи TSK не разделены, а в синодальном тексте это разные стихи (надписание — Пс 54:1; стих 1 — Пс 54:2)	src-tsk
			Ps.55.1	2	3	Give	Ps.64.1	исходный стих: надписание псалма: группы надписания и стиха 1 в записи TSK не разделены, а в синодальном тексте это разные стихи (надписание — Пс 54:1; стих 1 — Пс 54:2)	src-tsk
			Ps.55.1	2	4	Give	Ps.80.1	исходный стих: надписание псалма: группы надписания и стиха 1 в записи TSK не разделены, а в синодальном тексте это разные стихи (надписание — Пс 54:1; стих 1 — Пс 54:2)	src-tsk
			Ps.55.1	2	5	Give	Ps.84.8	исходный стих: надписание псалма: группы надписания и стиха 1 в записи TSK не разделены, а в синодальном тексте это разные стихи (надписание — Пс 54:1; стих 1 — Пс 54:2)	src-tsk
			Ps.55.1	2	6	Give	1Pet.3.12	исходный стих: надписание псалма: группы надписания и стиха 1 в записи TSK не разделены, а в синодальном тексте это разные стихи (надписание — Пс 54:1; стих 1 — Пс 54:2)	src-tsk
			Ps.55.1	3	1	hide	Ps.28.1	исходный стих: надписание псалма: группы надписания и стиха 1 в записи TSK не разделены, а в синодальном тексте это разные стихи (надписание — Пс 54:1; стих 1 — Пс 54:2)	src-tsk
			Ps.55.1	3	2	hide	Ps.80.4	исходный стих: надписание псалма: группы надписания и стиха 1 в записи TSK не разделены, а в синодальном тексте это разные стихи (надписание — Пс 54:1; стих 1 — Пс 54:2)	src-tsk
			Ps.55.1	3	3	hide	Ps.143.7	исходный стих: надписание псалма: группы надписания и стиха 1 в записи TSK не разделены, а в синодальном тексте это разные стихи (надписание — Пс 54:1; стих 1 — Пс 54:2)	src-tsk
			Ps.55.1	3	4	hide	Lam.3.8	исходный стих: надписание псалма: группы надписания и стиха 1 в записи TSK не разделены, а в синодальном тексте это разные стихи (надписание — Пс 54:1; стих 1 — Пс 54:2)	src-tsk
			Ps.56.1	2	1	Michtam	Ps.16.1	исходный стих: надписание псалма: группы надписания и стиха 1 в записи TSK не разделены, а в синодальном тексте это разные стихи (надписание — Пс 55:1; стих 1 — Пс 55:2)	src-tsk
			Ps.56.1	2	2	Michtam	Ps.57.1	исходный стих: надписание псалма: группы надписания и стиха 1 в записи TSK не разделены, а в синодальном тексте это разные стихи (надписание — Пс 55:1; стих 1 — Пс 55:2)	src-tsk
			Ps.56.1	2	3	Michtam	Ps.58.1	исходный стих: надписание псалма: группы надписания и стиха 1 в записи TSK не разделены, а в синодальном тексте это разные стихи (надписание — Пс 55:1; стих 1 — Пс 55:2)	src-tsk
			Ps.56.1	2	4	Michtam	Ps.59.1	исходный стих: надписание псалма: группы надписания и стиха 1 в записи TSK не разделены, а в синодальном тексте это разные стихи (надписание — Пс 55:1; стих 1 — Пс 55:2)	src-tsk
			Ps.56.1	2	5	Michtam	Ps.60.1	исходный стих: надписание псалма: группы надписания и стиха 1 в записи TSK не разделены, а в синодальном тексте это разные стихи (надписание — Пс 55:1; стих 1 — Пс 55:2)	src-tsk
			Ps.56.1	3	1	when	1Sam.21.11-1Sam.21.15	исходный стих: надписание псалма: группы надписания и стиха 1 в записи TSK не разделены, а в синодальном тексте это разные стихи (надписание — Пс 55:1; стих 1 — Пс 55:2)	src-tsk
			Ps.56.1	3	2	when	1Sam.29.4	исходный стих: надписание псалма: группы надписания и стиха 1 в записи TSK не разделены, а в синодальном тексте это разные стихи (надписание — Пс 55:1; стих 1 — Пс 55:2)	src-tsk
			Ps.56.1	4	1	Be	Ps.31.9	исходный стих: надписание псалма: группы надписания и стиха 1 в записи TSK не разделены, а в синодальном тексте это разные стихи (надписание — Пс 55:1; стих 1 — Пс 55:2)	src-tsk
			Ps.56.1	4	2	Be	Ps.57.1-Ps.57.3	исходный стих: надписание псалма: группы надписания и стиха 1 в записи TSK не разделены, а в синодальном тексте это разные стихи (надписание — Пс 55:1; стих 1 — Пс 55:2)	src-tsk
			Ps.56.1	4	3	Be	Ps.59.10	исходный стих: надписание псалма: группы надписания и стиха 1 в записи TSK не разделены, а в синодальном тексте это разные стихи (надписание — Пс 55:1; стих 1 — Пс 55:2)	src-tsk
			Ps.56.1	4	4	Be	Ps.69.13-Ps.69.16	исходный стих: надписание псалма: группы надписания и стиха 1 в записи TSK не разделены, а в синодальном тексте это разные стихи (надписание — Пс 55:1; стих 1 — Пс 55:2)	src-tsk
			Ps.56.1	4	5	Be	Ps.136.10	исходный стих: надписание псалма: группы надписания и стиха 1 в записи TSK не разделены, а в синодальном тексте это разные стихи (надписание — Пс 55:1; стих 1 — Пс 55:2)	src-tsk
			Ps.56.1	4	6	Be	Ps.136.15	исходный стих: надписание псалма: группы надписания и стиха 1 в записи TSK не разделены, а в синодальном тексте это разные стихи (надписание — Пс 55:1; стих 1 — Пс 55:2)	src-tsk
			Ps.56.1	4	7	Be	Ps.136.17-Ps.136.20	исходный стих: надписание псалма: группы надписания и стиха 1 в записи TSK не разделены, а в синодальном тексте это разные стихи (надписание — Пс 55:1; стих 1 — Пс 55:2)	src-tsk
			Ps.56.1	4	8	Be	Ps.143.12	исходный стих: надписание псалма: группы надписания и стиха 1 в записи TSK не разделены, а в синодальном тексте это разные стихи (надписание — Пс 55:1; стих 1 — Пс 55:2)	src-tsk
			Ps.56.1	5	1	swallow	Ps.21.9	исходный стих: надписание псалма: группы надписания и стиха 1 в записи TSK не разделены, а в синодальном тексте это разные стихи (надписание — Пс 55:1; стих 1 — Пс 55:2)	src-tsk
			Ps.56.1	5	2	swallow	Ps.27.2	исходный стих: надписание псалма: группы надписания и стиха 1 в записи TSK не разделены, а в синодальном тексте это разные стихи (надписание — Пс 55:1; стих 1 — Пс 55:2)	src-tsk
			Ps.56.1	5	3	swallow	Ps.35.25	исходный стих: надписание псалма: группы надписания и стиха 1 в записи TSK не разделены, а в синодальном тексте это разные стихи (надписание — Пс 55:1; стих 1 — Пс 55:2)	src-tsk
			Ps.56.1	5	4	swallow	Ps.57.3	исходный стих: надписание псалма: группы надписания и стиха 1 в записи TSK не разделены, а в синодальном тексте это разные стихи (надписание — Пс 55:1; стих 1 — Пс 55:2)	src-tsk
			Ps.56.1	5	5	swallow	Ps.106.17	исходный стих: надписание псалма: группы надписания и стиха 1 в записи TSK не разделены, а в синодальном тексте это разные стихи (надписание — Пс 55:1; стих 1 — Пс 55:2)	src-tsk
			Ps.56.1	5	6	swallow	Ps.124.3	исходный стих: надписание псалма: группы надписания и стиха 1 в записи TSK не разделены, а в синодальном тексте это разные стихи (надписание — Пс 55:1; стих 1 — Пс 55:2)	src-tsk
			Ps.56.1	5	7	swallow	Prov.1.12	исходный стих: надписание псалма: группы надписания и стиха 1 в записи TSK не разделены, а в синодальном тексте это разные стихи (надписание — Пс 55:1; стих 1 — Пс 55:2)	src-tsk
			Ps.56.1	5	8	swallow	Lam.2.2	исходный стих: надписание псалма: группы надписания и стиха 1 в записи TSK не разделены, а в синодальном тексте это разные стихи (надписание — Пс 55:1; стих 1 — Пс 55:2)	src-tsk
			Ps.56.1	5	9	swallow	Lam.2.5	исходный стих: надписание псалма: группы надписания и стиха 1 в записи TSK не разделены, а в синодальном тексте это разные стихи (надписание — Пс 55:1; стих 1 — Пс 55:2)	src-tsk
			Ps.56.1	5	10	swallow	Lam.2.16	исходный стих: надписание псалма: группы надписания и стиха 1 в записи TSK не разделены, а в синодальном тексте это разные стихи (надписание — Пс 55:1; стих 1 — Пс 55:2)	src-tsk
			Ps.56.1	5	11	swallow	Hos.8.8	исходный стих: надписание псалма: группы надписания и стиха 1 в записи TSK не разделены, а в синодальном тексте это разные стихи (надписание — Пс 55:1; стих 1 — Пс 55:2)	src-tsk
			Ps.56.1	5	12	swallow	1Cor.15.54	исходный стих: надписание псалма: группы надписания и стиха 1 в записи TSK не разделены, а в синодальном тексте это разные стихи (надписание — Пс 55:1; стих 1 — Пс 55:2)	src-tsk
Пс	55	14	Ps.56.13	3	1	walk	Ps.116.9	синодальный стих Пс 114:9 пуст в нашем тексте (tools/bible/source-issues.tsv)	src-tsk
			Ps.57.1	1	1	(Title.) {Al-tas-chith.} or, destroynot	Ps.58.1	исходный стих: надписание псалма: группы надписания и стиха 1 в записи TSK не разделены, а в синодальном тексте это разные стихи (надписание — Пс 56:1; стих 1 — Пс 56:2)	src-tsk
			Ps.57.1	1	2	(Title.) {Al-tas-chith.} or, destroynot	Ps.59.1	исходный стих: надписание псалма: группы надписания и стиха 1 в записи TSK не разделены, а в синодальном тексте это разные стихи (надписание — Пс 56:1; стих 1 — Пс 56:2)	src-tsk
			Ps.57.1	2	1	when	Ps.142.1	исходный стих: надписание псалма: группы надписания и стиха 1 в записи TSK не разделены, а в синодальном тексте это разные стихи (надписание — Пс 56:1; стих 1 — Пс 56:2)	src-tsk
			Ps.57.1	2	3	when	1Sam.22.1	исходный стих: надписание псалма: группы надписания и стиха 1 в записи TSK не разделены, а в синодальном тексте это разные стихи (надписание — Пс 56:1; стих 1 — Пс 56:2)	src-tsk
			Ps.57.1	2	4	when	1Sam.24.3	исходный стих: надписание псалма: группы надписания и стиха 1 в записи TSK не разделены, а в синодальном тексте это разные стихи (надписание — Пс 56:1; стих 1 — Пс 56:2)	src-tsk
			Ps.57.1	2	5	when	1Sam.24.8	исходный стих: надписание псалма: группы надписания и стиха 1 в записи TSK не разделены, а в синодальном тексте это разные стихи (надписание — Пс 56:1; стих 1 — Пс 56:2)	src-tsk
			Ps.57.1	3	1	be	Ps.56.1	исходный стих: надписание псалма: группы надписания и стиха 1 в записи TSK не разделены, а в синодальном тексте это разные стихи (надписание — Пс 56:1; стих 1 — Пс 56:2)	src-tsk
			Ps.57.1	3	2	be	Ps.69.13-Ps.69.16	исходный стих: надписание псалма: группы надписания и стиха 1 в записи TSK не разделены, а в синодальном тексте это разные стихи (надписание — Пс 56:1; стих 1 — Пс 56:2)	src-tsk
			Ps.57.1	3	3	be	Ps.119.76	исходный стих: надписание псалма: группы надписания и стиха 1 в записи TSK не разделены, а в синодальном тексте это разные стихи (надписание — Пс 56:1; стих 1 — Пс 56:2)	src-tsk
			Ps.57.1	3	4	be	Ps.119.77	исходный стих: надписание псалма: группы надписания и стиха 1 в записи TSK не разделены, а в синодальном тексте это разные стихи (надписание — Пс 56:1; стих 1 — Пс 56:2)	src-tsk
			Ps.57.1	4	1	soul	Ps.9.10	исходный стих: надписание псалма: группы надписания и стиха 1 в записи TSK не разделены, а в синодальном тексте это разные стихи (надписание — Пс 56:1; стих 1 — Пс 56:2)	src-tsk
			Ps.57.1	4	2	soul	Ps.13.5	исходный стих: надписание псалма: группы надписания и стиха 1 в записи TSK не разделены, а в синодальном тексте это разные стихи (надписание — Пс 56:1; стих 1 — Пс 56:2)	src-tsk
			Ps.57.1	4	3	soul	Ps.125.1	исходный стих: надписание псалма: группы надписания и стиха 1 в записи TSK не разделены, а в синодальном тексте это разные стихи (надписание — Пс 56:1; стих 1 — Пс 56:2)	src-tsk
			Ps.57.1	4	4	soul	Isa.50.10	исходный стих: надписание псалма: группы надписания и стиха 1 в записи TSK не разделены, а в синодальном тексте это разные стихи (надписание — Пс 56:1; стих 1 — Пс 56:2)	src-tsk
			Ps.57.1	5	1	shadow	Ps.17.7	исходный стих: надписание псалма: группы надписания и стиха 1 в записи TSK не разделены, а в синодальном тексте это разные стихи (надписание — Пс 56:1; стих 1 — Пс 56:2)	src-tsk
			Ps.57.1	5	2	shadow	Ps.17.8	исходный стих: надписание псалма: группы надписания и стиха 1 в записи TSK не разделены, а в синодальном тексте это разные стихи (надписание — Пс 56:1; стих 1 — Пс 56:2)	src-tsk
			Ps.57.1	5	3	shadow	Ps.36.7	исходный стих: надписание псалма: группы надписания и стиха 1 в записи TSK не разделены, а в синодальном тексте это разные стихи (надписание — Пс 56:1; стих 1 — Пс 56:2)	src-tsk
			Ps.57.1	5	4	shadow	Ps.61.4	исходный стих: надписание псалма: группы надписания и стиха 1 в записи TSK не разделены, а в синодальном тексте это разные стихи (надписание — Пс 56:1; стих 1 — Пс 56:2)	src-tsk
			Ps.57.1	5	5	shadow	Ps.63.7	исходный стих: надписание псалма: группы надписания и стиха 1 в записи TSK не разделены, а в синодальном тексте это разные стихи (надписание — Пс 56:1; стих 1 — Пс 56:2)	src-tsk
			Ps.57.1	5	6	shadow	Ps.91.1	исходный стих: надписание псалма: группы надписания и стиха 1 в записи TSK не разделены, а в синодальном тексте это разные стихи (надписание — Пс 56:1; стих 1 — Пс 56:2)	src-tsk
			Ps.57.1	5	7	shadow	Ps.91.4	исходный стих: надписание псалма: группы надписания и стиха 1 в записи TSK не разделены, а в синодальном тексте это разные стихи (надписание — Пс 56:1; стих 1 — Пс 56:2)	src-tsk
			Ps.57.1	5	8	shadow	Ps.91.9	исходный стих: надписание псалма: группы надписания и стиха 1 в записи TSK не разделены, а в синодальном тексте это разные стихи (надписание — Пс 56:1; стих 1 — Пс 56:2)	src-tsk
			Ps.57.1	5	9	shadow	Ruth.2.12	исходный стих: надписание псалма: группы надписания и стиха 1 в записи TSK не разделены, а в синодальном тексте это разные стихи (надписание — Пс 56:1; стих 1 — Пс 56:2)	src-tsk
			Ps.57.1	5	10	shadow	Luke.13.34	исходный стих: надписание псалма: группы надписания и стиха 1 в записи TSK не разделены, а в синодальном тексте это разные стихи (надписание — Пс 56:1; стих 1 — Пс 56:2)	src-tsk
			Ps.57.1	6	1	until	Isa.10.25	исходный стих: надписание псалма: группы надписания и стиха 1 в записи TSK не разделены, а в синодальном тексте это разные стихи (надписание — Пс 56:1; стих 1 — Пс 56:2)	src-tsk
			Ps.57.1	6	2	until	Isa.26.20	исходный стих: надписание псалма: группы надписания и стиха 1 в записи TSK не разделены, а в синодальном тексте это разные стихи (надписание — Пс 56:1; стих 1 — Пс 56:2)	src-tsk
			Ps.57.1	6	3	until	Matt.24.22	исходный стих: надписание псалма: группы надписания и стиха 1 в записи TSK не разделены, а в синодальном тексте это разные стихи (надписание — Пс 56:1; стих 1 — Пс 56:2)	src-tsk
			Ps.57.1	6	4	until	John.16.20	исходный стих: надписание псалма: группы надписания и стиха 1 в записи TSK не разделены, а в синодальном тексте это разные стихи (надписание — Пс 56:1; стих 1 — Пс 56:2)	src-tsk
			Ps.57.1	6	5	until	Jas.5.10	исходный стих: надписание псалма: группы надписания и стиха 1 в записи TSK не разделены, а в синодальном тексте это разные стихи (надписание — Пс 56:1; стих 1 — Пс 56:2)	src-tsk
			Ps.57.1	6	6	until	Jas.5.11	исходный стих: надписание псалма: группы надписания и стиха 1 в записи TSK не разделены, а в синодальном тексте это разные стихи (надписание — Пс 56:1; стих 1 — Пс 56:2)	src-tsk
			Ps.57.1	6	7	until	Rev.7.14	исходный стих: надписание псалма: группы надписания и стиха 1 в записи TSK не разделены, а в синодальном тексте это разные стихи (надписание — Пс 56:1; стих 1 — Пс 56:2)	src-tsk
			Ps.57.1	6	8	until	Rev.21.4	исходный стих: надписание псалма: группы надписания и стиха 1 в записи TSK не разделены, а в синодальном тексте это разные стихи (надписание — Пс 56:1; стих 1 — Пс 56:2)	src-tsk
			Ps.58.1	1	1	(Title.) {Al-taschith.} or, Destroy not	Ps.57.1	исходный стих: надписание псалма: группы надписания и стиха 1 в записи TSK не разделены, а в синодальном тексте это разные стихи (надписание — Пс 57:1; стих 1 — Пс 57:2)	src-tsk
			Ps.58.1	1	2	(Title.) {Al-taschith.} or, Destroy not	Ps.59.1	исходный стих: надписание псалма: группы надписания и стиха 1 в записи TSK не разделены, а в синодальном тексте это разные стихи (надписание — Пс 57:1; стих 1 — Пс 57:2)	src-tsk
			Ps.58.1	2	1	Do	Ps.72.1-Ps.72.4	исходный стих: надписание псалма: группы надписания и стиха 1 в записи TSK не разделены, а в синодальном тексте это разные стихи (надписание — Пс 57:1; стих 1 — Пс 57:2)	src-tsk
			Ps.58.1	2	2	Do	Deut.16.18	исходный стих: надписание псалма: группы надписания и стиха 1 в записи TSK не разделены, а в синодальном тексте это разные стихи (надписание — Пс 57:1; стих 1 — Пс 57:2)	src-tsk
			Ps.58.1	2	3	Do	Deut.16.19	исходный стих: надписание псалма: группы надписания и стиха 1 в записи TSK не разделены, а в синодальном тексте это разные стихи (надписание — Пс 57:1; стих 1 — Пс 57:2)	src-tsk
			Ps.58.1	2	4	Do	2Sam.23.3	исходный стих: надписание псалма: группы надписания и стиха 1 в записи TSK не разделены, а в синодальном тексте это разные стихи (надписание — Пс 57:1; стих 1 — Пс 57:2)	src-tsk
			Ps.58.1	2	5	Do	2Chr.19.6	исходный стих: надписание псалма: группы надписания и стиха 1 в записи TSK не разделены, а в синодальном тексте это разные стихи (надписание — Пс 57:1; стих 1 — Пс 57:2)	src-tsk
			Ps.58.1	2	6	Do	2Chr.19.7	исходный стих: надписание псалма: группы надписания и стиха 1 в записи TSK не разделены, а в синодальном тексте это разные стихи (надписание — Пс 57:1; стих 1 — Пс 57:2)	src-tsk
			Ps.58.1	2	7	Do	Isa.11.3-Isa.11.5	исходный стих: надписание псалма: группы надписания и стиха 1 в записи TSK не разделены, а в синодальном тексте это разные стихи (надписание — Пс 57:1; стих 1 — Пс 57:2)	src-tsk
			Ps.58.1	2	8	Do	Isa.32.1	исходный стих: надписание псалма: группы надписания и стиха 1 в записи TSK не разделены, а в синодальном тексте это разные стихи (надписание — Пс 57:1; стих 1 — Пс 57:2)	src-tsk
			Ps.58.1	2	9	Do	Jer.23.5	исходный стих: надписание псалма: группы надписания и стиха 1 в записи TSK не разделены, а в синодальном тексте это разные стихи (надписание — Пс 57:1; стих 1 — Пс 57:2)	src-tsk
			Ps.58.1	2	10	Do	Jer.23.6	исходный стих: надписание псалма: группы надписания и стиха 1 в записи TSK не разделены, а в синодальном тексте это разные стихи (надписание — Пс 57:1; стих 1 — Пс 57:2)	src-tsk
			Ps.58.1	3	1	O congregation	Ps.82.1	исходный стих: надписание псалма: группы надписания и стиха 1 в записи TSK не разделены, а в синодальном тексте это разные стихи (надписание — Пс 57:1; стих 1 — Пс 57:2)	src-tsk
			Ps.58.1	3	2	O congregation	Ps.82.2	исходный стих: надписание псалма: группы надписания и стиха 1 в записи TSK не разделены, а в синодальном тексте это разные стихи (надписание — Пс 57:1; стих 1 — Пс 57:2)	src-tsk
			Ps.58.1	3	3	O congregation	Num.11.16	исходный стих: надписание псалма: группы надписания и стиха 1 в записи TSK не разделены, а в синодальном тексте это разные стихи (надписание — Пс 57:1; стих 1 — Пс 57:2)	src-tsk
			Ps.58.1	3	4	O congregation	Deut.1.15	исходный стих: надписание псалма: группы надписания и стиха 1 в записи TSK не разделены, а в синодальном тексте это разные стихи (надписание — Пс 57:1; стих 1 — Пс 57:2)	src-tsk
			Ps.58.1	3	5	O congregation	Deut.1.16	исходный стих: надписание псалма: группы надписания и стиха 1 в записи TSK не разделены, а в синодальном тексте это разные стихи (надписание — Пс 57:1; стих 1 — Пс 57:2)	src-tsk
			Ps.58.1	3	6	O congregation	2Sam.5.3	исходный стих: надписание псалма: группы надписания и стиха 1 в записи TSK не разделены, а в синодальном тексте это разные стихи (надписание — Пс 57:1; стих 1 — Пс 57:2)	src-tsk
			Ps.58.1	3	7	O congregation	Matt.26.3	исходный стих: надписание псалма: группы надписания и стиха 1 в записи TSK не разделены, а в синодальном тексте это разные стихи (надписание — Пс 57:1; стих 1 — Пс 57:2)	src-tsk
			Ps.58.1	3	8	O congregation	Matt.27.1	исходный стих: надписание псалма: группы надписания и стиха 1 в записи TSK не разделены, а в синодальном тексте это разные стихи (надписание — Пс 57:1; стих 1 — Пс 57:2)	src-tsk
			Ps.58.1	3	9	O congregation	Luke.23.50	исходный стих: надписание псалма: группы надписания и стиха 1 в записи TSK не разделены, а в синодальном тексте это разные стихи (надписание — Пс 57:1; стих 1 — Пс 57:2)	src-tsk
			Ps.58.1	3	10	O congregation	Luke.23.51	исходный стих: надписание псалма: группы надписания и стиха 1 в записи TSK не разделены, а в синодальном тексте это разные стихи (надписание — Пс 57:1; стих 1 — Пс 57:2)	src-tsk
			Ps.58.1	3	11	O congregation	Acts.5.21	исходный стих: надписание псалма: группы надписания и стиха 1 в записи TSK не разделены, а в синодальном тексте это разные стихи (надписание — Пс 57:1; стих 1 — Пс 57:2)	src-tsk
			Ps.58.1	4	1	O ye	Ps.82.6	исходный стих: надписание псалма: группы надписания и стиха 1 в записи TSK не разделены, а в синодальном тексте это разные стихи (надписание — Пс 57:1; стих 1 — Пс 57:2)	src-tsk
			Ps.58.1	4	2	O ye	Ps.82.7	исходный стих: надписание псалма: группы надписания и стиха 1 в записи TSK не разделены, а в синодальном тексте это разные стихи (надписание — Пс 57:1; стих 1 — Пс 57:2)	src-tsk
			Ps.59.1	1	1	(Title.) {Al-tas-chith.} or,destroy not	Ps.57.1	исходный стих: надписание псалма: группы надписания и стиха 1 в записи TSK не разделены, а в синодальном тексте это разные стихи (надписание — Пс 58:1; стих 1 — Пс 58:2)	src-tsk
			Ps.59.1	1	2	(Title.) {Al-tas-chith.} or,destroy not	Ps.58.1	исходный стих: надписание псалма: группы надписания и стиха 1 в записи TSK не разделены, а в синодальном тексте это разные стихи (надписание — Пс 58:1; стих 1 — Пс 58:2)	src-tsk
			Ps.59.1	3	1	when	Judg.16.2	исходный стих: надписание псалма: группы надписания и стиха 1 в записи TSK не разделены, а в синодальном тексте это разные стихи (надписание — Пс 58:1; стих 1 — Пс 58:2)	src-tsk
			Ps.59.1	3	2	when	Judg.16.3	исходный стих: надписание псалма: группы надписания и стиха 1 в записи TSK не разделены, а в синодальном тексте это разные стихи (надписание — Пс 58:1; стих 1 — Пс 58:2)	src-tsk
			Ps.59.1	3	3	when	1Sam.19.11-1Sam.19.24	исходный стих: надписание псалма: группы надписания и стиха 1 в записи TSK не разделены, а в синодальном тексте это разные стихи (надписание — Пс 58:1; стих 1 — Пс 58:2)	src-tsk
			Ps.59.1	3	4	when	2Cor.11.32	исходный стих: надписание псалма: группы надписания и стиха 1 в записи TSK не разделены, а в синодальном тексте это разные стихи (надписание — Пс 58:1; стих 1 — Пс 58:2)	src-tsk
			Ps.59.1	3	5	when	2Cor.11.33	исходный стих: надписание псалма: группы надписания и стиха 1 в записи TSK не разделены, а в синодальном тексте это разные стихи (надписание — Пс 58:1; стих 1 — Пс 58:2)	src-tsk
			Ps.59.1	4	1	Deliver	Ps.7.1	исходный стих: надписание псалма: группы надписания и стиха 1 в записи TSK не разделены, а в синодальном тексте это разные стихи (надписание — Пс 58:1; стих 1 — Пс 58:2)	src-tsk
			Ps.59.1	4	2	Deliver	Ps.7.2	исходный стих: надписание псалма: группы надписания и стиха 1 в записи TSK не разделены, а в синодальном тексте это разные стихи (надписание — Пс 58:1; стих 1 — Пс 58:2)	src-tsk
			Ps.59.1	4	3	Deliver	Ps.18.48	исходный стих: надписание псалма: группы надписания и стиха 1 в записи TSK не разделены, а в синодальном тексте это разные стихи (надписание — Пс 58:1; стих 1 — Пс 58:2)	src-tsk
			Ps.59.1	4	4	Deliver	Ps.71.4	исходный стих: надписание псалма: группы надписания и стиха 1 в записи TSK не разделены, а в синодальном тексте это разные стихи (надписание — Пс 58:1; стих 1 — Пс 58:2)	src-tsk
			Ps.59.1	4	5	Deliver	Ps.143.12	исходный стих: надписание псалма: группы надписания и стиха 1 в записи TSK не разделены, а в синодальном тексте это разные стихи (надписание — Пс 58:1; стих 1 — Пс 58:2)	src-tsk
			Ps.59.1	4	6	Deliver	Luke.1.74	исходный стих: надписание псалма: группы надписания и стиха 1 в записи TSK не разделены, а в синодальном тексте это разные стихи (надписание — Пс 58:1; стих 1 — Пс 58:2)	src-tsk
			Ps.59.1	4	7	Deliver	Luke.1.75	исходный стих: надписание псалма: группы надписания и стиха 1 в записи TSK не разделены, а в синодальном тексте это разные стихи (надписание — Пс 58:1; стих 1 — Пс 58:2)	src-tsk
			Ps.59.1	4	8	Deliver	2Tim.4.17	исходный стих: надписание псалма: группы надписания и стиха 1 в записи TSK не разделены, а в синодальном тексте это разные стихи (надписание — Пс 58:1; стих 1 — Пс 58:2)	src-tsk
			Ps.59.1	4	9	Deliver	2Tim.4.18	исходный стих: надписание псалма: группы надписания и стиха 1 в записи TSK не разделены, а в синодальном тексте это разные стихи (надписание — Пс 58:1; стих 1 — Пс 58:2)	src-tsk
			Ps.59.1	5	1	defend me	Ps.12.5	исходный стих: надписание псалма: группы надписания и стиха 1 в записи TSK не разделены, а в синодальном тексте это разные стихи (надписание — Пс 58:1; стих 1 — Пс 58:2)	src-tsk
			Ps.59.1	5	2	defend me	Ps.91.14	исходный стих: надписание псалма: группы надписания и стиха 1 в записи TSK не разделены, а в синодальном тексте это разные стихи (надписание — Пс 58:1; стих 1 — Пс 58:2)	src-tsk
			Ps.59.1	5	3	defend me	Isa.33.16	исходный стих: надписание псалма: группы надписания и стиха 1 в записи TSK не разделены, а в синодальном тексте это разные стихи (надписание — Пс 58:1; стих 1 — Пс 58:2)	src-tsk
			Ps.60.1	2	1	Michtam	Ps.59.1	исходный стих: надписание псалма: группы надписания и стиха 1 в записи TSK не разделены, а в синодальном тексте это разные стихи (надписание — Пс 59:1, Пс 59:2; стих 1 — Пс 59:3)	src-tsk
			Ps.60.1	3	1	when he strove	2Sam.8.3	исходный стих: надписание псалма: группы надписания и стиха 1 в записи TSK не разделены, а в синодальном тексте это разные стихи (надписание — Пс 59:1, Пс 59:2; стих 1 — Пс 59:3)	src-tsk
			Ps.60.1	3	2	when he strove	2Sam.8.12	исходный стих: надписание псалма: группы надписания и стиха 1 в записи TSK не разделены, а в синодальном тексте это разные стихи (надписание — Пс 59:1, Пс 59:2; стих 1 — Пс 59:3)	src-tsk
			Ps.60.1	3	3	when he strove	2Sam.8.13	исходный стих: надписание псалма: группы надписания и стиха 1 в записи TSK не разделены, а в синодальном тексте это разные стихи (надписание — Пс 59:1, Пс 59:2; стих 1 — Пс 59:3)	src-tsk
			Ps.60.1	3	4	when he strove	2Sam.10.16	исходный стих: надписание псалма: группы надписания и стиха 1 в записи TSK не разделены, а в синодальном тексте это разные стихи (надписание — Пс 59:1, Пс 59:2; стих 1 — Пс 59:3)	src-tsk
			Ps.60.1	3	5	when he strove	1Chr.18.3	исходный стих: надписание псалма: группы надписания и стиха 1 в записи TSK не разделены, а в синодальном тексте это разные стихи (надписание — Пс 59:1, Пс 59:2; стих 1 — Пс 59:3)	src-tsk
			Ps.60.1	3	6	when he strove	1Chr.18.12	исходный стих: надписание псалма: группы надписания и стиха 1 в записи TSK не разделены, а в синодальном тексте это разные стихи (надписание — Пс 59:1, Пс 59:2; стих 1 — Пс 59:3)	src-tsk
			Ps.60.1	3	7	when he strove	1Chr.18.13	исходный стих: надписание псалма: группы надписания и стиха 1 в записи TSK не разделены, а в синодальном тексте это разные стихи (надписание — Пс 59:1, Пс 59:2; стих 1 — Пс 59:3)	src-tsk
			Ps.60.1	3	8	when he strove	1Chr.19.16-1Chr.19.19	исходный стих: надписание псалма: группы надписания и стиха 1 в записи TSK не разделены, а в синодальном тексте это разные стихи (надписание — Пс 59:1, Пс 59:2; стих 1 — Пс 59:3)	src-tsk
			Ps.60.1	4	1	valley	2Kgs.14.7	исходный стих: надписание псалма: группы надписания и стиха 1 в записи TSK не разделены, а в синодальном тексте это разные стихи (надписание — Пс 59:1, Пс 59:2; стих 1 — Пс 59:3)	src-tsk
			Ps.60.1	4	2	valley	2Chr.25.11	исходный стих: надписание псалма: группы надписания и стиха 1 в записи TSK не разделены, а в синодальном тексте это разные стихи (надписание — Пс 59:1, Пс 59:2; стих 1 — Пс 59:3)	src-tsk
			Ps.60.1	5	1	O God	Ps.60.10	исходный стих: надписание псалма: группы надписания и стиха 1 в записи TSK не разделены, а в синодальном тексте это разные стихи (надписание — Пс 59:1, Пс 59:2; стих 1 — Пс 59:3)	src-tsk
			Ps.60.1	5	2	O God	Ps.44.9	исходный стих: надписание псалма: группы надписания и стиха 1 в записи TSK не разделены, а в синодальном тексте это разные стихи (надписание — Пс 59:1, Пс 59:2; стих 1 — Пс 59:3)	src-tsk
			Ps.60.1	5	3	O God	Ps.74.1	исходный стих: надписание псалма: группы надписания и стиха 1 в записи TSK не разделены, а в синодальном тексте это разные стихи (надписание — Пс 59:1, Пс 59:2; стих 1 — Пс 59:3)	src-tsk
			Ps.60.1	5	4	O God	Ps.89.38	исходный стих: надписание псалма: группы надписания и стиха 1 в записи TSK не разделены, а в синодальном тексте это разные стихи (надписание — Пс 59:1, Пс 59:2; стих 1 — Пс 59:3)	src-tsk
			Ps.60.1	5	5	O God	Ps.108.11	исходный стих: надписание псалма: группы надписания и стиха 1 в записи TSK не разделены, а в синодальном тексте это разные стихи (надписание — Пс 59:1, Пс 59:2; стих 1 — Пс 59:3)	src-tsk
			Ps.60.1	5	6	O God	1Chr.28.9	исходный стих: надписание псалма: группы надписания и стиха 1 в записи TSK не разделены, а в синодальном тексте это разные стихи (надписание — Пс 59:1, Пс 59:2; стих 1 — Пс 59:3)	src-tsk
			Ps.60.1	5	7	O God	Rom.11.1	исходный стих: надписание псалма: группы надписания и стиха 1 в записи TSK не разделены, а в синодальном тексте это разные стихи (надписание — Пс 59:1, Пс 59:2; стих 1 — Пс 59:3)	src-tsk
			Ps.60.1	5	8	O God	Rom.11.2	исходный стих: надписание псалма: группы надписания и стиха 1 в записи TSK не разделены, а в синодальном тексте это разные стихи (надписание — Пс 59:1, Пс 59:2; стих 1 — Пс 59:3)	src-tsk
			Ps.60.1	6	1	scattered	Ps.59.11	исходный стих: надписание псалма: группы надписания и стиха 1 в записи TSK не разделены, а в синодальном тексте это разные стихи (надписание — Пс 59:1, Пс 59:2; стих 1 — Пс 59:3)	src-tsk
			Ps.60.1	6	2	scattered	1Sam.4.10	исходный стих: надписание псалма: группы надписания и стиха 1 в записи TSK не разделены, а в синодальном тексте это разные стихи (надписание — Пс 59:1, Пс 59:2; стих 1 — Пс 59:3)	src-tsk
			Ps.60.1	6	3	scattered	1Sam.4.11	исходный стих: надписание псалма: группы надписания и стиха 1 в записи TSK не разделены, а в синодальном тексте это разные стихи (надписание — Пс 59:1, Пс 59:2; стих 1 — Пс 59:3)	src-tsk
			Ps.60.1	6	4	scattered	1Sam.4.17	исходный стих: надписание псалма: группы надписания и стиха 1 в записи TSK не разделены, а в синодальном тексте это разные стихи (надписание — Пс 59:1, Пс 59:2; стих 1 — Пс 59:3)	src-tsk
			Ps.60.1	6	5	scattered	1Sam.13.6	исходный стих: надписание псалма: группы надписания и стиха 1 в записи TSK не разделены, а в синодальном тексте это разные стихи (надписание — Пс 59:1, Пс 59:2; стих 1 — Пс 59:3)	src-tsk
			Ps.60.1	6	6	scattered	1Sam.13.7	исходный стих: надписание псалма: группы надписания и стиха 1 в записи TSK не разделены, а в синодальном тексте это разные стихи (надписание — Пс 59:1, Пс 59:2; стих 1 — Пс 59:3)	src-tsk
			Ps.60.1	6	7	scattered	1Sam.13.11	исходный стих: надписание псалма: группы надписания и стиха 1 в записи TSK не разделены, а в синодальном тексте это разные стихи (надписание — Пс 59:1, Пс 59:2; стих 1 — Пс 59:3)	src-tsk
			Ps.60.1	6	8	scattered	1Sam.13.19-1Sam.13.22	исходный стих: надписание псалма: группы надписания и стиха 1 в записи TSK не разделены, а в синодальном тексте это разные стихи (надписание — Пс 59:1, Пс 59:2; стих 1 — Пс 59:3)	src-tsk
			Ps.60.1	6	9	scattered	1Sam.31.1-1Sam.31.7	исходный стих: надписание псалма: группы надписания и стиха 1 в записи TSK не разделены, а в синодальном тексте это разные стихи (надписание — Пс 59:1, Пс 59:2; стих 1 — Пс 59:3)	src-tsk
			Ps.60.1	7	1	O turn	Ps.79.9	исходный стих: надписание псалма: группы надписания и стиха 1 в записи TSK не разделены, а в синодальном тексте это разные стихи (надписание — Пс 59:1, Пс 59:2; стих 1 — Пс 59:3)	src-tsk
			Ps.60.1	7	2	O turn	Ps.89.3	исходный стих: надписание псалма: группы надписания и стиха 1 в записи TSK не разделены, а в синодальном тексте это разные стихи (надписание — Пс 59:1, Пс 59:2; стих 1 — Пс 59:3)	src-tsk
			Ps.60.1	7	3	O turn	Ps.89.7	исходный стих: надписание псалма: группы надписания и стиха 1 в записи TSK не разделены, а в синодальном тексте это разные стихи (надписание — Пс 59:1, Пс 59:2; стих 1 — Пс 59:3)	src-tsk
			Ps.60.1	7	4	O turn	Ps.89.19	исходный стих: надписание псалма: группы надписания и стиха 1 в записи TSK не разделены, а в синодальном тексте это разные стихи (надписание — Пс 59:1, Пс 59:2; стих 1 — Пс 59:3)	src-tsk
			Ps.60.1	7	5	O turn	Ps.85.4	исходный стих: надписание псалма: группы надписания и стиха 1 в записи TSK не разделены, а в синодальном тексте это разные стихи (надписание — Пс 59:1, Пс 59:2; стих 1 — Пс 59:3)	src-tsk
			Ps.60.1	7	6	O turn	Ps.90.13	исходный стих: надписание псалма: группы надписания и стиха 1 в записи TSK не разделены, а в синодальном тексте это разные стихи (надписание — Пс 59:1, Пс 59:2; стих 1 — Пс 59:3)	src-tsk
			Ps.60.1	7	7	O turn	Lam.3.31	исходный стих: надписание псалма: группы надписания и стиха 1 в записи TSK не разделены, а в синодальном тексте это разные стихи (надписание — Пс 59:1, Пс 59:2; стих 1 — Пс 59:3)	src-tsk
			Ps.60.1	7	8	O turn	Lam.3.32	исходный стих: надписание псалма: группы надписания и стиха 1 в записи TSK не разделены, а в синодальном тексте это разные стихи (надписание — Пс 59:1, Пс 59:2; стих 1 — Пс 59:3)	src-tsk
			Ps.60.1	7	9	O turn	Zech.10.6	исходный стих: надписание псалма: группы надписания и стиха 1 в записи TSK не разделены, а в синодальном тексте это разные стихи (надписание — Пс 59:1, Пс 59:2; стих 1 — Пс 59:3)	src-tsk
			Ps.61.1	1	1	(Title.) {Neginah.}Instead of {neginath,} many MSS., have {neginoth;} and two MS	Ps.4.1	исходный стих: надписание псалма: группы надписания и стиха 1 в записи TSK не разделены, а в синодальном тексте это разные стихи (надписание — Пс 60:1; стих 1 — Пс 60:2)	src-tsk
			Ps.61.1	1	2	(Title.) {Neginah.}Instead of {neginath,} many MSS., have {neginoth;} and two MS	Ps.6.1	исходный стих: надписание псалма: группы надписания и стиха 1 в записи TSK не разделены, а в синодальном тексте это разные стихи (надписание — Пс 60:1; стих 1 — Пс 60:2)	src-tsk
			Ps.61.1	1	3	(Title.) {Neginah.}Instead of {neginath,} many MSS., have {neginoth;} and two MS	Ps.54.1	исходный стих: надписание псалма: группы надписания и стиха 1 в записи TSK не разделены, а в синодальном тексте это разные стихи (надписание — Пс 60:1; стих 1 — Пс 60:2)	src-tsk
			Ps.61.1	1	4	(Title.) {Neginah.}Instead of {neginath,} many MSS., have {neginoth;} and two MS	Ps.55.1	исходный стих: надписание псалма: группы надписания и стиха 1 в записи TSK не разделены, а в синодальном тексте это разные стихи (надписание — Пс 60:1; стих 1 — Пс 60:2)	src-tsk
			Ps.61.1	2	1	Hear	Ps.5.1-Ps.5.3	исходный стих: надписание псалма: группы надписания и стиха 1 в записи TSK не разделены, а в синодальном тексте это разные стихи (надписание — Пс 60:1; стих 1 — Пс 60:2)	src-tsk
			Ps.61.1	2	2	Hear	Ps.17.1	исходный стих: надписание псалма: группы надписания и стиха 1 в записи TSK не разделены, а в синодальном тексте это разные стихи (надписание — Пс 60:1; стих 1 — Пс 60:2)	src-tsk
			Ps.61.1	2	3	Hear	Ps.28.2	исходный стих: надписание псалма: группы надписания и стиха 1 в записи TSK не разделены, а в синодальном тексте это разные стихи (надписание — Пс 60:1; стих 1 — Пс 60:2)	src-tsk
			Ps.61.1	2	4	Hear	Ps.55.1	исходный стих: надписание псалма: группы надписания и стиха 1 в записи TSK не разделены, а в синодальном тексте это разные стихи (надписание — Пс 60:1; стих 1 — Пс 60:2)	src-tsk
			Ps.61.1	2	5	Hear	Ps.55.2	исходный стих: надписание псалма: группы надписания и стиха 1 в записи TSK не разделены, а в синодальном тексте это разные стихи (надписание — Пс 60:1; стих 1 — Пс 60:2)	src-tsk
			Ps.61.1	2	6	Hear	Ps.130.2	исходный стих: надписание псалма: группы надписания и стиха 1 в записи TSK не разделены, а в синодальном тексте это разные стихи (надписание — Пс 60:1; стих 1 — Пс 60:2)	src-tsk
			Ps.61.1	2	7	Hear	Phil.4.6	исходный стих: надписание псалма: группы надписания и стиха 1 в записи TSK не разделены, а в синодальном тексте это разные стихи (надписание — Пс 60:1; стих 1 — Пс 60:2)	src-tsk
			Ps.62.1	1	1	(Title.) Jeduthun	Ps.39.1	исходный стих: надписание псалма: группы надписания и стиха 1 в записи TSK не разделены, а в синодальном тексте это разные стихи (надписание — Пс 61:1; стих 1 — Пс 61:2)	src-tsk
			Ps.62.1	1	2	(Title.) Jeduthun	Ps.77.1	исходный стих: надписание псалма: группы надписания и стиха 1 в записи TSK не разделены, а в синодальном тексте это разные стихи (надписание — Пс 61:1; стих 1 — Пс 61:2)	src-tsk
			Ps.62.1	1	4	(Title.) Jeduthun	1Chr.16.41	исходный стих: надписание псалма: группы надписания и стиха 1 в записи TSK не разделены, а в синодальном тексте это разные стихи (надписание — Пс 61:1; стих 1 — Пс 61:2)	src-tsk
			Ps.62.1	1	5	(Title.) Jeduthun	1Chr.16.42	исходный стих: надписание псалма: группы надписания и стиха 1 в записи TSK не разделены, а в синодальном тексте это разные стихи (надписание — Пс 61:1; стих 1 — Пс 61:2)	src-tsk
			Ps.62.1	1	6	(Title.) Jeduthun	1Chr.25.1	исходный стих: надписание псалма: группы надписания и стиха 1 в записи TSK не разделены, а в синодальном тексте это разные стихи (надписание — Пс 61:1; стих 1 — Пс 61:2)	src-tsk
			Ps.62.1	1	7	(Title.) Jeduthun	1Chr.25.3	исходный стих: надписание псалма: группы надписания и стиха 1 в записи TSK не разделены, а в синодальном тексте это разные стихи (надписание — Пс 61:1; стих 1 — Пс 61:2)	src-tsk
			Ps.62.1	2	1	Truly	Ps.62.2	исходный стих: надписание псалма: группы надписания и стиха 1 в записи TSK не разделены, а в синодальном тексте это разные стихи (надписание — Пс 61:1; стих 1 — Пс 61:2)	src-tsk
			Ps.62.1	2	2	Truly	Ps.62.5	исходный стих: надписание псалма: группы надписания и стиха 1 в записи TSK не разделены, а в синодальном тексте это разные стихи (надписание — Пс 61:1; стих 1 — Пс 61:2)	src-tsk
			Ps.62.1	2	3	Truly	Ps.62.6	исходный стих: надписание псалма: группы надписания и стиха 1 в записи TSK не разделены, а в синодальном тексте это разные стихи (надписание — Пс 61:1; стих 1 — Пс 61:2)	src-tsk
			Ps.62.1	3	1	my soul	Ps.25.5	исходный стих: надписание псалма: группы надписания и стиха 1 в записи TSK не разделены, а в синодальном тексте это разные стихи (надписание — Пс 61:1; стих 1 — Пс 61:2)	src-tsk
			Ps.62.1	3	2	my soul	Ps.27.14	исходный стих: надписание псалма: группы надписания и стиха 1 в записи TSK не разделены, а в синодальном тексте это разные стихи (надписание — Пс 61:1; стих 1 — Пс 61:2)	src-tsk
			Ps.62.1	3	3	my soul	Ps.33.20	исходный стих: надписание псалма: группы надписания и стиха 1 в записи TSK не разделены, а в синодальном тексте это разные стихи (надписание — Пс 61:1; стих 1 — Пс 61:2)	src-tsk
			Ps.62.1	3	4	my soul	Ps.40.1	исходный стих: надписание псалма: группы надписания и стиха 1 в записи TSK не разделены, а в синодальном тексте это разные стихи (надписание — Пс 61:1; стих 1 — Пс 61:2)	src-tsk
			Ps.62.1	3	5	my soul	Ps.123.2	исходный стих: надписание псалма: группы надписания и стиха 1 в записи TSK не разделены, а в синодальном тексте это разные стихи (надписание — Пс 61:1; стих 1 — Пс 61:2)	src-tsk
			Ps.62.1	3	6	my soul	Ps.130.5	исходный стих: надписание псалма: группы надписания и стиха 1 в записи TSK не разделены, а в синодальном тексте это разные стихи (надписание — Пс 61:1; стих 1 — Пс 61:2)	src-tsk
			Ps.62.1	3	7	my soul	Ps.130.6	исходный стих: надписание псалма: группы надписания и стиха 1 в записи TSK не разделены, а в синодальном тексте это разные стихи (надписание — Пс 61:1; стих 1 — Пс 61:2)	src-tsk
			Ps.62.1	3	8	my soul	Isa.30.18	исходный стих: надписание псалма: группы надписания и стиха 1 в записи TSK не разделены, а в синодальном тексте это разные стихи (надписание — Пс 61:1; стих 1 — Пс 61:2)	src-tsk
			Ps.62.1	3	9	my soul	Isa.40.31	исходный стих: надписание псалма: группы надписания и стиха 1 в записи TSK не разделены, а в синодальном тексте это разные стихи (надписание — Пс 61:1; стих 1 — Пс 61:2)	src-tsk
			Ps.62.1	3	10	my soul	Lam.3.25	исходный стих: надписание псалма: группы надписания и стиха 1 в записи TSK не разделены, а в синодальном тексте это разные стихи (надписание — Пс 61:1; стих 1 — Пс 61:2)	src-tsk
			Ps.62.1	3	11	my soul	Lam.3.38	исходный стих: надписание псалма: группы надписания и стиха 1 в записи TSK не разделены, а в синодальном тексте это разные стихи (надписание — Пс 61:1; стих 1 — Пс 61:2)	src-tsk
			Ps.62.1	3	12	my soul	Jas.5.7	исходный стих: надписание псалма: группы надписания и стиха 1 в записи TSK не разделены, а в синодальном тексте это разные стихи (надписание — Пс 61:1; стих 1 — Пс 61:2)	src-tsk
			Ps.62.1	4	1	waiteth	Ps.37.7	исходный стих: надписание псалма: группы надписания и стиха 1 в записи TSK не разделены, а в синодальном тексте это разные стихи (надписание — Пс 61:1; стих 1 — Пс 61:2)	src-tsk
			Ps.62.1	4	2	waiteth	Ps.65.1	исходный стих: надписание псалма: группы надписания и стиха 1 в записи TSK не разделены, а в синодальном тексте это разные стихи (надписание — Пс 61:1; стих 1 — Пс 61:2)	src-tsk
			Ps.62.1	5	1	from	Ps.37.39	исходный стих: надписание псалма: группы надписания и стиха 1 в записи TSK не разделены, а в синодальном тексте это разные стихи (надписание — Пс 61:1; стих 1 — Пс 61:2)	src-tsk
			Ps.62.1	5	2	from	Ps.68.19	исходный стих: надписание псалма: группы надписания и стиха 1 в записи TSK не разделены, а в синодальном тексте это разные стихи (надписание — Пс 61:1; стих 1 — Пс 61:2)	src-tsk
			Ps.62.1	5	3	from	Ps.68.20	исходный стих: надписание псалма: группы надписания и стиха 1 в записи TSK не разделены, а в синодальном тексте это разные стихи (надписание — Пс 61:1; стих 1 — Пс 61:2)	src-tsk
			Ps.62.1	5	4	from	Ps.121.2	исходный стих: надписание псалма: группы надписания и стиха 1 в записи TSK не разделены, а в синодальном тексте это разные стихи (надписание — Пс 61:1; стих 1 — Пс 61:2)	src-tsk
			Ps.62.1	5	5	from	Isa.12.2	исходный стих: надписание псалма: группы надписания и стиха 1 в записи TSK не разделены, а в синодальном тексте это разные стихи (надписание — Пс 61:1; стих 1 — Пс 61:2)	src-tsk
			Ps.62.1	5	6	from	Jer.3.23	исходный стих: надписание псалма: группы надписания и стиха 1 в записи TSK не разделены, а в синодальном тексте это разные стихи (надписание — Пс 61:1; стих 1 — Пс 61:2)	src-tsk
			Ps.62.1	5	7	from	Luke.2.30-Luke.2.32	исходный стих: надписание псалма: группы надписания и стиха 1 в записи TSK не разделены, а в синодальном тексте это разные стихи (надписание — Пс 61:1; стих 1 — Пс 61:2)	src-tsk
			Ps.63.1	1	1	(Title.) when	1Sam.22.5	исходный стих: надписание псалма: группы надписания и стиха 1 в записи TSK не разделены, а в синодальном тексте это разные стихи (надписание — Пс 62:1; стих 1 — Пс 62:2)	src-tsk
			Ps.63.1	1	2	(Title.) when	1Sam.23.14-1Sam.23.16	исходный стих: надписание псалма: группы надписания и стиха 1 в записи TSK не разделены, а в синодальном тексте это разные стихи (надписание — Пс 62:1; стих 1 — Пс 62:2)	src-tsk
			Ps.63.1	1	3	(Title.) when	1Sam.23.23-1Sam.23.25	исходный стих: надписание псалма: группы надписания и стиха 1 в записи TSK не разделены, а в синодальном тексте это разные стихи (надписание — Пс 62:1; стих 1 — Пс 62:2)	src-tsk
			Ps.63.1	1	4	(Title.) when	1Sam.26.1-1Sam.26.3	исходный стих: надписание псалма: группы надписания и стиха 1 в записи TSK не разделены, а в синодальном тексте это разные стихи (надписание — Пс 62:1; стих 1 — Пс 62:2)	src-tsk
			Ps.63.1	1	5	(Title.) when	2Sam.15.28	исходный стих: надписание псалма: группы надписания и стиха 1 в записи TSK не разделены, а в синодальном тексте это разные стихи (надписание — Пс 62:1; стих 1 — Пс 62:2)	src-tsk
			Ps.63.1	2	1	thou	Ps.31.14	исходный стих: надписание псалма: группы надписания и стиха 1 в записи TSK не разделены, а в синодальном тексте это разные стихи (надписание — Пс 62:1; стих 1 — Пс 62:2)	src-tsk
			Ps.63.1	2	2	thou	Ps.42.11	исходный стих: надписание псалма: группы надписания и стиха 1 в записи TSK не разделены, а в синодальном тексте это разные стихи (надписание — Пс 62:1; стих 1 — Пс 62:2)	src-tsk
			Ps.63.1	2	3	thou	Ps.91.2	исходный стих: надписание псалма: группы надписания и стиха 1 в записи TSK не разделены, а в синодальном тексте это разные стихи (надписание — Пс 62:1; стих 1 — Пс 62:2)	src-tsk
			Ps.63.1	2	4	thou	Ps.118.28	исходный стих: надписание псалма: группы надписания и стиха 1 в записи TSK не разделены, а в синодальном тексте это разные стихи (надписание — Пс 62:1; стих 1 — Пс 62:2)	src-tsk
			Ps.63.1	2	5	thou	Ps.143.10	исходный стих: надписание псалма: группы надписания и стиха 1 в записи TSK не разделены, а в синодальном тексте это разные стихи (надписание — Пс 62:1; стих 1 — Пс 62:2)	src-tsk
			Ps.63.1	2	6	thou	Exod.15.2	исходный стих: надписание псалма: группы надписания и стиха 1 в записи TSK не разделены, а в синодальном тексте это разные стихи (надписание — Пс 62:1; стих 1 — Пс 62:2)	src-tsk
			Ps.63.1	2	7	thou	Jer.31.1	исходный стих: надписание псалма: группы надписания и стиха 1 в записи TSK не разделены, а в синодальном тексте это разные стихи (надписание — Пс 62:1; стих 1 — Пс 62:2)	src-tsk
			Ps.63.1	2	8	thou	Jer.31.33	исходный стих: надписание псалма: группы надписания и стиха 1 в записи TSK не разделены, а в синодальном тексте это разные стихи (надписание — Пс 62:1; стих 1 — Пс 62:2)	src-tsk
			Ps.63.1	2	9	thou	Zech.13.9	исходный стих: надписание псалма: группы надписания и стиха 1 в записи TSK не разделены, а в синодальном тексте это разные стихи (надписание — Пс 62:1; стих 1 — Пс 62:2)	src-tsk
			Ps.63.1	2	10	thou	John.20.17	исходный стих: надписание псалма: группы надписания и стиха 1 в записи TSK не разделены, а в синодальном тексте это разные стихи (надписание — Пс 62:1; стих 1 — Пс 62:2)	src-tsk
			Ps.63.1	3	1	early	Ps.5.3	исходный стих: надписание псалма: группы надписания и стиха 1 в записи TSK не разделены, а в синодальном тексте это разные стихи (надписание — Пс 62:1; стих 1 — Пс 62:2)	src-tsk
			Ps.63.1	3	2	early	Ps.78.34	исходный стих: надписание псалма: группы надписания и стиха 1 в записи TSK не разделены, а в синодальном тексте это разные стихи (надписание — Пс 62:1; стих 1 — Пс 62:2)	src-tsk
			Ps.63.1	3	3	early	Job.8.5	исходный стих: надписание псалма: группы надписания и стиха 1 в записи TSK не разделены, а в синодальном тексте это разные стихи (надписание — Пс 62:1; стих 1 — Пс 62:2)	src-tsk
			Ps.63.1	3	4	early	Prov.1.27	исходный стих: надписание псалма: группы надписания и стиха 1 в записи TSK не разделены, а в синодальном тексте это разные стихи (надписание — Пс 62:1; стих 1 — Пс 62:2)	src-tsk
			Ps.63.1	3	5	early	Prov.1.28	исходный стих: надписание псалма: группы надписания и стиха 1 в записи TSK не разделены, а в синодальном тексте это разные стихи (надписание — Пс 62:1; стих 1 — Пс 62:2)	src-tsk
			Ps.63.1	3	6	early	Prov.8.17	исходный стих: надписание псалма: группы надписания и стиха 1 в записи TSK не разделены, а в синодальном тексте это разные стихи (надписание — Пс 62:1; стих 1 — Пс 62:2)	src-tsk
			Ps.63.1	3	7	early	Song.3.1-Song.3.3	исходный стих: надписание псалма: группы надписания и стиха 1 в записи TSK не разделены, а в синодальном тексте это разные стихи (надписание — Пс 62:1; стих 1 — Пс 62:2)	src-tsk
			Ps.63.1	3	8	early	Hos.5.15	исходный стих: надписание псалма: группы надписания и стиха 1 в записи TSK не разделены, а в синодальном тексте это разные стихи (надписание — Пс 62:1; стих 1 — Пс 62:2)	src-tsk
			Ps.63.1	3	9	early	Matt.6.33	исходный стих: надписание псалма: группы надписания и стиха 1 в записи TSK не разделены, а в синодальном тексте это разные стихи (надписание — Пс 62:1; стих 1 — Пс 62:2)	src-tsk
			Ps.63.1	4	1	soul	Ps.42.1	исходный стих: надписание псалма: группы надписания и стиха 1 в записи TSK не разделены, а в синодальном тексте это разные стихи (надписание — Пс 62:1; стих 1 — Пс 62:2)	src-tsk
			Ps.63.1	4	2	soul	Ps.42.2	исходный стих: надписание псалма: группы надписания и стиха 1 в записи TSK не разделены, а в синодальном тексте это разные стихи (надписание — Пс 62:1; стих 1 — Пс 62:2)	src-tsk
			Ps.63.1	4	3	soul	Ps.84.2	исходный стих: надписание псалма: группы надписания и стиха 1 в записи TSK не разделены, а в синодальном тексте это разные стихи (надписание — Пс 62:1; стих 1 — Пс 62:2)	src-tsk
			Ps.63.1	4	4	soul	Ps.119.81	исходный стих: надписание псалма: группы надписания и стиха 1 в записи TSK не разделены, а в синодальном тексте это разные стихи (надписание — Пс 62:1; стих 1 — Пс 62:2)	src-tsk
			Ps.63.1	4	5	soul	Ps.143.6	исходный стих: надписание псалма: группы надписания и стиха 1 в записи TSK не разделены, а в синодальном тексте это разные стихи (надписание — Пс 62:1; стих 1 — Пс 62:2)	src-tsk
			Ps.63.1	4	6	soul	John.7.37	исходный стих: надписание псалма: группы надписания и стиха 1 в записи TSK не разделены, а в синодальном тексте это разные стихи (надписание — Пс 62:1; стих 1 — Пс 62:2)	src-tsk
			Ps.63.1	4	7	soul	Rev.7.16	исходный стих: надписание псалма: группы надписания и стиха 1 в записи TSK не разделены, а в синодальном тексте это разные стихи (надписание — Пс 62:1; стих 1 — Пс 62:2)	src-tsk
			Ps.63.1	4	8	soul	Rev.7.17	исходный стих: надписание псалма: группы надписания и стиха 1 в записи TSK не разделены, а в синодальном тексте это разные стихи (надписание — Пс 62:1; стих 1 — Пс 62:2)	src-tsk
			Ps.63.1	5	1	flesh	Ps.102.3-Ps.102.5	исходный стих: надписание псалма: группы надписания и стиха 1 в записи TSK не разделены, а в синодальном тексте это разные стихи (надписание — Пс 62:1; стих 1 — Пс 62:2)	src-tsk
			Ps.63.1	5	2	flesh	Song.5.8	исходный стих: надписание псалма: группы надписания и стиха 1 в записи TSK не разделены, а в синодальном тексте это разные стихи (надписание — Пс 62:1; стих 1 — Пс 62:2)	src-tsk
			Ps.63.1	6	1	dry and thirsty land, where no water is	Exod.17.3	исходный стих: надписание псалма: группы надписания и стиха 1 в записи TSK не разделены, а в синодальном тексте это разные стихи (надписание — Пс 62:1; стих 1 — Пс 62:2)	src-tsk
			Ps.63.1	6	2	dry and thirsty land, where no water is	Isa.32.2	исходный стих: надписание псалма: группы надписания и стиха 1 в записи TSK не разделены, а в синодальном тексте это разные стихи (надписание — Пс 62:1; стих 1 — Пс 62:2)	src-tsk
			Ps.63.1	6	3	dry and thirsty land, where no water is	Isa.35.7	исходный стих: надписание псалма: группы надписания и стиха 1 в записи TSK не разделены, а в синодальном тексте это разные стихи (надписание — Пс 62:1; стих 1 — Пс 62:2)	src-tsk
			Ps.63.1	6	4	dry and thirsty land, where no water is	Isa.41.18	исходный стих: надписание псалма: группы надписания и стиха 1 в записи TSK не разделены, а в синодальном тексте это разные стихи (надписание — Пс 62:1; стих 1 — Пс 62:2)	src-tsk
			Ps.63.1	6	5	dry and thirsty land, where no water is	Matt.12.43	исходный стих: надписание псалма: группы надписания и стиха 1 в записи TSK не разделены, а в синодальном тексте это разные стихи (надписание — Пс 62:1; стих 1 — Пс 62:2)	src-tsk
			Ps.67.1	1	1	cir	Ps.4.1	исходный стих: надписание псалма: группы надписания и стиха 1 в записи TSK не разделены, а в синодальном тексте это разные стихи (надписание — Пс 66:1; стих 1 — Пс 66:2)	src-tsk
			Ps.67.1	1	2	cir	Ps.6.1	исходный стих: надписание псалма: группы надписания и стиха 1 в записи TSK не разделены, а в синодальном тексте это разные стихи (надписание — Пс 66:1; стих 1 — Пс 66:2)	src-tsk
			Ps.67.1	1	3	cir	Ps.76.1	исходный стих: надписание псалма: группы надписания и стиха 1 в записи TSK не разделены, а в синодальном тексте это разные стихи (надписание — Пс 66:1; стих 1 — Пс 66:2)	src-tsk
			Ps.67.1	2	1	God	Num.6.24-Num.6.27	исходный стих: надписание псалма: группы надписания и стиха 1 в записи TSK не разделены, а в синодальном тексте это разные стихи (надписание — Пс 66:1; стих 1 — Пс 66:2)	src-tsk
			Ps.67.1	2	2	God	Deut.21.8	исходный стих: надписание псалма: группы надписания и стиха 1 в записи TSK не разделены, а в синодальном тексте это разные стихи (надписание — Пс 66:1; стих 1 — Пс 66:2)	src-tsk
			Ps.67.1	2	3	God	2Cor.13.14	исходный стих: надписание псалма: группы надписания и стиха 1 в записи TSK не разделены, а в синодальном тексте это разные стихи (надписание — Пс 66:1; стих 1 — Пс 66:2)	src-tsk
			Ps.67.1	3	1	bless us	Ps.28.9	исходный стих: надписание псалма: группы надписания и стиха 1 в записи TSK не разделены, а в синодальном тексте это разные стихи (надписание — Пс 66:1; стих 1 — Пс 66:2)	src-tsk
			Ps.67.1	3	2	bless us	Eph.1.3	исходный стих: надписание псалма: группы надписания и стиха 1 в записи TSK не разделены, а в синодальном тексте это разные стихи (надписание — Пс 66:1; стих 1 — Пс 66:2)	src-tsk
			Ps.67.1	4	1	cause	Ps.4.6	исходный стих: надписание псалма: группы надписания и стиха 1 в записи TSK не разделены, а в синодальном тексте это разные стихи (надписание — Пс 66:1; стих 1 — Пс 66:2)	src-tsk
			Ps.67.1	4	2	cause	Ps.31.16	исходный стих: надписание псалма: группы надписания и стиха 1 в записи TSK не разделены, а в синодальном тексте это разные стихи (надписание — Пс 66:1; стих 1 — Пс 66:2)	src-tsk
			Ps.67.1	4	3	cause	Ps.80.1-Ps.80.3	исходный стих: надписание псалма: группы надписания и стиха 1 в записи TSK не разделены, а в синодальном тексте это разные стихи (надписание — Пс 66:1; стих 1 — Пс 66:2)	src-tsk
			Ps.67.1	4	4	cause	Ps.80.7	исходный стих: надписание псалма: группы надписания и стиха 1 в записи TSK не разделены, а в синодальном тексте это разные стихи (надписание — Пс 66:1; стих 1 — Пс 66:2)	src-tsk
			Ps.67.1	4	5	cause	Ps.80.19	исходный стих: надписание псалма: группы надписания и стиха 1 в записи TSK не разделены, а в синодальном тексте это разные стихи (надписание — Пс 66:1; стих 1 — Пс 66:2)	src-tsk
			Ps.67.1	4	6	cause	Ps.119.135	исходный стих: надписание псалма: группы надписания и стиха 1 в записи TSK не разделены, а в синодальном тексте это разные стихи (надписание — Пс 66:1; стих 1 — Пс 66:2)	src-tsk
			Ps.67.1	4	7	cause	2Cor.4.6	исходный стих: надписание псалма: группы надписания и стиха 1 в записи TSK не разделены, а в синодальном тексте это разные стихи (надписание — Пс 66:1; стих 1 — Пс 66:2)	src-tsk
			Ps.68.1	2	1	God arise	Ps.7.6	исходный стих: надписание псалма: группы надписания и стиха 1 в записи TSK не разделены, а в синодальном тексте это разные стихи (надписание — Пс 67:1; стих 1 — Пс 67:2)	src-tsk
			Ps.68.1	2	2	God arise	Ps.7.7	исходный стих: надписание псалма: группы надписания и стиха 1 в записи TSK не разделены, а в синодальном тексте это разные стихи (надписание — Пс 67:1; стих 1 — Пс 67:2)	src-tsk
			Ps.68.1	2	3	God arise	Ps.44.26	исходный стих: надписание псалма: группы надписания и стиха 1 в записи TSK не разделены, а в синодальном тексте это разные стихи (надписание — Пс 67:1; стих 1 — Пс 67:2)	src-tsk
			Ps.68.1	2	4	God arise	Ps.78.65-Ps.78.68	исходный стих: надписание псалма: группы надписания и стиха 1 в записи TSK не разделены, а в синодальном тексте это разные стихи (надписание — Пс 67:1; стих 1 — Пс 67:2)	src-tsk
			Ps.68.1	2	5	God arise	Ps.132.8	исходный стих: надписание псалма: группы надписания и стиха 1 в записи TSK не разделены, а в синодальном тексте это разные стихи (надписание — Пс 67:1; стих 1 — Пс 67:2)	src-tsk
			Ps.68.1	2	6	God arise	Ps.132.9	исходный стих: надписание псалма: группы надписания и стиха 1 в записи TSK не разделены, а в синодальном тексте это разные стихи (надписание — Пс 67:1; стих 1 — Пс 67:2)	src-tsk
			Ps.68.1	2	7	God arise	Num.10.35	исходный стих: надписание псалма: группы надписания и стиха 1 в записи TSK не разделены, а в синодальном тексте это разные стихи (надписание — Пс 67:1; стих 1 — Пс 67:2)	src-tsk
			Ps.68.1	2	8	God arise	2Chr.6.41	исходный стих: надписание псалма: группы надписания и стиха 1 в записи TSK не разделены, а в синодальном тексте это разные стихи (надписание — Пс 67:1; стих 1 — Пс 67:2)	src-tsk
			Ps.68.1	2	9	God arise	Isa.33.3	исходный стих: надписание псалма: группы надписания и стиха 1 в записи TSK не разделены, а в синодальном тексте это разные стихи (надписание — Пс 67:1; стих 1 — Пс 67:2)	src-tsk
			Ps.68.1	2	10	God arise	Isa.42.13	исходный стих: надписание псалма: группы надписания и стиха 1 в записи TSK не разделены, а в синодальном тексте это разные стихи (надписание — Пс 67:1; стих 1 — Пс 67:2)	src-tsk
			Ps.68.1	2	11	God arise	Isa.42.14	исходный стих: надписание псалма: группы надписания и стиха 1 в записи TSK не разделены, а в синодальном тексте это разные стихи (надписание — Пс 67:1; стих 1 — Пс 67:2)	src-tsk
			Ps.68.1	2	12	God arise	Isa.51.9	исходный стих: надписание псалма: группы надписания и стиха 1 в записи TSK не разделены, а в синодальном тексте это разные стихи (надписание — Пс 67:1; стих 1 — Пс 67:2)	src-tsk
			Ps.68.1	2	13	God arise	Isa.51.10	исходный стих: надписание псалма: группы надписания и стиха 1 в записи TSK не разделены, а в синодальном тексте это разные стихи (надписание — Пс 67:1; стих 1 — Пс 67:2)	src-tsk
			Ps.68.1	3	1	be scattered	Ps.68.14	исходный стих: надписание псалма: группы надписания и стиха 1 в записи TSK не разделены, а в синодальном тексте это разные стихи (надписание — Пс 67:1; стих 1 — Пс 67:2)	src-tsk
			Ps.68.1	3	2	be scattered	Ps.68.30	исходный стих: надписание псалма: группы надписания и стиха 1 в записи TSK не разделены, а в синодальном тексте это разные стихи (надписание — Пс 67:1; стих 1 — Пс 67:2)	src-tsk
			Ps.68.1	3	3	be scattered	Ps.59.11	исходный стих: надписание псалма: группы надписания и стиха 1 в записи TSK не разделены, а в синодальном тексте это разные стихи (надписание — Пс 67:1; стих 1 — Пс 67:2)	src-tsk
			Ps.68.1	3	4	be scattered	Ps.89.10	исходный стих: надписание псалма: группы надписания и стиха 1 в записи TSK не разделены, а в синодальном тексте это разные стихи (надписание — Пс 67:1; стих 1 — Пс 67:2)	src-tsk
			Ps.68.1	3	5	be scattered	Isa.41.15	исходный стих: надписание псалма: группы надписания и стиха 1 в записи TSK не разделены, а в синодальном тексте это разные стихи (надписание — Пс 67:1; стих 1 — Пс 67:2)	src-tsk
			Ps.68.1	3	6	be scattered	Isa.41.16	исходный стих: надписание псалма: группы надписания и стиха 1 в записи TSK не разделены, а в синодальном тексте это разные стихи (надписание — Пс 67:1; стих 1 — Пс 67:2)	src-tsk
			Ps.68.1	3	7	be scattered	Ezek.5.2	исходный стих: надписание псалма: группы надписания и стиха 1 в записи TSK не разделены, а в синодальном тексте это разные стихи (надписание — Пс 67:1; стих 1 — Пс 67:2)	src-tsk
			Ps.68.1	3	8	be scattered	Ezek.12.14	исходный стих: надписание псалма: группы надписания и стиха 1 в записи TSK не разделены, а в синодальном тексте это разные стихи (надписание — Пс 67:1; стих 1 — Пс 67:2)	src-tsk
			Ps.68.1	3	9	be scattered	Ezek.12.15	исходный стих: надписание псалма: группы надписания и стиха 1 в записи TSK не разделены, а в синодальном тексте это разные стихи (надписание — Пс 67:1; стих 1 — Пс 67:2)	src-tsk
			Ps.68.1	3	10	be scattered	Dan.2.35	исходный стих: надписание псалма: группы надписания и стиха 1 в записи TSK не разделены, а в синодальном тексте это разные стихи (надписание — Пс 67:1; стих 1 — Пс 67:2)	src-tsk
			Ps.68.1	4	1	that hate	Ps.21.8	исходный стих: надписание псалма: группы надписания и стиха 1 в записи TSK не разделены, а в синодальном тексте это разные стихи (надписание — Пс 67:1; стих 1 — Пс 67:2)	src-tsk
			Ps.68.1	4	2	that hate	Exod.20.5	исходный стих: надписание псалма: группы надписания и стиха 1 в записи TSK не разделены, а в синодальном тексте это разные стихи (надписание — Пс 67:1; стих 1 — Пс 67:2)	src-tsk
			Ps.68.1	4	3	that hate	Deut.7.10	исходный стих: надписание псалма: группы надписания и стиха 1 в записи TSK не разделены, а в синодальном тексте это разные стихи (надписание — Пс 67:1; стих 1 — Пс 67:2)	src-tsk
			Ps.68.1	4	4	that hate	John.14.23	исходный стих: надписание псалма: группы надписания и стиха 1 в записи TSK не разделены, а в синодальном тексте это разные стихи (надписание — Пс 67:1; стих 1 — Пс 67:2)	src-tsk
			Ps.68.1	4	5	that hate	John.14.24	исходный стих: надписание псалма: группы надписания и стиха 1 в записи TSK не разделены, а в синодальном тексте это разные стихи (надписание — Пс 67:1; стих 1 — Пс 67:2)	src-tsk
			Ps.69.1	1	1	(Title.) Shoshannim	Ps.45.1	исходный стих: надписание псалма: группы надписания и стиха 1 в записи TSK не разделены, а в синодальном тексте это разные стихи (надписание — Пс 68:1; стих 1 — Пс 68:2)	src-tsk
			Ps.69.1	1	2	(Title.) Shoshannim	Ps.60.1	исходный стих: надписание псалма: группы надписания и стиха 1 в записи TSK не разделены, а в синодальном тексте это разные стихи (надписание — Пс 68:1; стих 1 — Пс 68:2)	src-tsk
			Ps.69.1	1	3	(Title.) Shoshannim	Ps.80.1	исходный стих: надписание псалма: группы надписания и стиха 1 в записи TSK не разделены, а в синодальном тексте это разные стихи (надписание — Пс 68:1; стих 1 — Пс 68:2)	src-tsk
			Ps.69.1	3	1	the waters	Ps.69.2	исходный стих: надписание псалма: группы надписания и стиха 1 в записи TSK не разделены, а в синодальном тексте это разные стихи (надписание — Пс 68:1; стих 1 — Пс 68:2)	src-tsk
			Ps.69.1	3	2	the waters	Ps.69.14	исходный стих: надписание псалма: группы надписания и стиха 1 в записи TSK не разделены, а в синодальном тексте это разные стихи (надписание — Пс 68:1; стих 1 — Пс 68:2)	src-tsk
			Ps.69.1	3	3	the waters	Ps.69.15	исходный стих: надписание псалма: группы надписания и стиха 1 в записи TSK не разделены, а в синодальном тексте это разные стихи (надписание — Пс 68:1; стих 1 — Пс 68:2)	src-tsk
			Ps.69.1	3	4	the waters	Ps.18.4	исходный стих: надписание псалма: группы надписания и стиха 1 в записи TSK не разделены, а в синодальном тексте это разные стихи (надписание — Пс 68:1; стих 1 — Пс 68:2)	src-tsk
			Ps.69.1	3	5	the waters	Ps.42.7	исходный стих: надписание псалма: группы надписания и стиха 1 в записи TSK не разделены, а в синодальном тексте это разные стихи (надписание — Пс 68:1; стих 1 — Пс 68:2)	src-tsk
			Ps.69.1	3	6	the waters	Isa.28.17	исходный стих: надписание псалма: группы надписания и стиха 1 в записи TSK не разделены, а в синодальном тексте это разные стихи (надписание — Пс 68:1; стих 1 — Пс 68:2)	src-tsk
			Ps.69.1	3	7	the waters	Isa.43.2	исходный стих: надписание псалма: группы надписания и стиха 1 в записи TSK не разделены, а в синодальном тексте это разные стихи (надписание — Пс 68:1; стих 1 — Пс 68:2)	src-tsk
			Ps.69.1	3	8	the waters	Lam.3.54	исходный стих: надписание псалма: группы надписания и стиха 1 в записи TSK не разделены, а в синодальном тексте это разные стихи (надписание — Пс 68:1; стих 1 — Пс 68:2)	src-tsk
			Ps.69.1	3	9	the waters	Jonah.2.3-Jonah.2.5	исходный стих: надписание псалма: группы надписания и стиха 1 в записи TSK не разделены, а в синодальном тексте это разные стихи (надписание — Пс 68:1; стих 1 — Пс 68:2)	src-tsk
			Ps.69.1	3	10	the waters	Rev.12.15	исходный стих: надписание псалма: группы надписания и стиха 1 в записи TSK не разделены, а в синодальном тексте это разные стихи (надписание — Пс 68:1; стих 1 — Пс 68:2)	src-tsk
			Ps.69.1	3	11	the waters	Rev.12.16	исходный стих: надписание псалма: группы надписания и стиха 1 в записи TSK не разделены, а в синодальном тексте это разные стихи (надписание — Пс 68:1; стих 1 — Пс 68:2)	src-tsk
			Ps.69.1	3	12	the waters	Rev.17.15	исходный стих: надписание псалма: группы надписания и стиха 1 в записи TSK не разделены, а в синодальном тексте это разные стихи (надписание — Пс 68:1; стих 1 — Пс 68:2)	src-tsk
			Ps.70.1	1	1	(Title.) A Psalm	2Sam.17.1-2Sam.17.21	исходный стих: надписание псалма: группы надписания и стиха 1 в записи TSK не разделены, а в синодальном тексте это разные стихи (надписание — Пс 69:1; стих 1 — Пс 69:2)	src-tsk
			Ps.70.1	2	1	to bring	Ps.38.1	исходный стих: надписание псалма: группы надписания и стиха 1 в записи TSK не разделены, а в синодальном тексте это разные стихи (надписание — Пс 69:1; стих 1 — Пс 69:2)	src-tsk
			Ps.70.1	3	1	O God	Ps.40.13-Ps.40.17	исходный стих: надписание псалма: группы надписания и стиха 1 в записи TSK не разделены, а в синодальном тексте это разные стихи (надписание — Пс 69:1; стих 1 — Пс 69:2)	src-tsk
			Ps.70.1	3	2	O God	Ps.69.18	исходный стих: надписание псалма: группы надписания и стиха 1 в записи TSK не разделены, а в синодальном тексте это разные стихи (надписание — Пс 69:1; стих 1 — Пс 69:2)	src-tsk
			Ps.70.1	3	3	O God	Ps.71.12	исходный стих: надписание псалма: группы надписания и стиха 1 в записи TSK не разделены, а в синодальном тексте это разные стихи (надписание — Пс 69:1; стих 1 — Пс 69:2)	src-tsk
			Ps.70.1	3	4	O God	Ps.143.7	исходный стих: надписание псалма: группы надписания и стиха 1 в записи TSK не разделены, а в синодальном тексте это разные стихи (надписание — Пс 69:1; стих 1 — Пс 69:2)	src-tsk
			Ps.75.1	1	1	(Title.) Al-tas-chith	Ps.57.1	исходный стих: надписание псалма: группы надписания и стиха 1 в записи TSK не разделены, а в синодальном тексте это разные стихи (надписание — Пс 74:1; стих 1 — Пс 74:2)	src-tsk
			Ps.75.1	1	2	(Title.) Al-tas-chith	Ps.58.1	исходный стих: надписание псалма: группы надписания и стиха 1 в записи TSK не разделены, а в синодальном тексте это разные стихи (надписание — Пс 74:1; стих 1 — Пс 74:2)	src-tsk
			Ps.75.1	4	1	for that	Ps.76.1	исходный стих: надписание псалма: группы надписания и стиха 1 в записи TSK не разделены, а в синодальном тексте это разные стихи (надписание — Пс 74:1; стих 1 — Пс 74:2)	src-tsk
			Ps.75.1	4	2	for that	Ps.138.2	исходный стих: надписание псалма: группы надписания и стиха 1 в записи TSK не разделены, а в синодальном тексте это разные стихи (надписание — Пс 74:1; стих 1 — Пс 74:2)	src-tsk
			Ps.75.1	4	3	for that	Exod.23.21	исходный стих: надписание псалма: группы надписания и стиха 1 в записи TSK не разделены, а в синодальном тексте это разные стихи (надписание — Пс 74:1; стих 1 — Пс 74:2)	src-tsk
			Ps.75.1	4	4	for that	Exod.34.6	исходный стих: надписание псалма: группы надписания и стиха 1 в записи TSK не разделены, а в синодальном тексте это разные стихи (надписание — Пс 74:1; стих 1 — Пс 74:2)	src-tsk
			Ps.75.1	4	5	for that	Exod.34.7	исходный стих: надписание псалма: группы надписания и стиха 1 в записи TSK не разделены, а в синодальном тексте это разные стихи (надписание — Пс 74:1; стих 1 — Пс 74:2)	src-tsk
			Ps.75.1	4	6	for that	Jer.10.6	исходный стих: надписание псалма: группы надписания и стиха 1 в записи TSK не разделены, а в синодальном тексте это разные стихи (надписание — Пс 74:1; стих 1 — Пс 74:2)	src-tsk
			Ps.75.1	5	1	wondrous	Deut.4.7	исходный стих: надписание псалма: группы надписания и стиха 1 в записи TSK не разделены, а в синодальном тексте это разные стихи (надписание — Пс 74:1; стих 1 — Пс 74:2)	src-tsk
			Ps.75.1	5	2	wondrous	Deut.4.33	исходный стих: надписание псалма: группы надписания и стиха 1 в записи TSK не разделены, а в синодальном тексте это разные стихи (надписание — Пс 74:1; стих 1 — Пс 74:2)	src-tsk
			Ps.75.1	5	3	wondrous	Deut.4.34	исходный стих: надписание псалма: группы надписания и стиха 1 в записи TSK не разделены, а в синодальном тексте это разные стихи (надписание — Пс 74:1; стих 1 — Пс 74:2)	src-tsk
			Ps.76.1	1	1	(Title.) Neginoth	Ps.4.1	исходный стих: надписание псалма: группы надписания и стиха 1 в записи TSK не разделены, а в синодальном тексте это разные стихи (надписание — Пс 75:1; стих 1 — Пс 75:2)	src-tsk
			Ps.76.1	1	2	(Title.) Neginoth	Ps.54.1	исходный стих: надписание псалма: группы надписания и стиха 1 в записи TSK не разделены, а в синодальном тексте это разные стихи (надписание — Пс 75:1; стих 1 — Пс 75:2)	src-tsk
			Ps.76.1	1	3	(Title.) Neginoth	Ps.61.1	исходный стих: надписание псалма: группы надписания и стиха 1 в записи TSK не разделены, а в синодальном тексте это разные стихи (надписание — Пс 75:1; стих 1 — Пс 75:2)	src-tsk
			Ps.76.1	1	4	(Title.) Neginoth	Ps.67.1	исходный стих: надписание псалма: группы надписания и стиха 1 в записи TSK не разделены, а в синодальном тексте это разные стихи (надписание — Пс 75:1; стих 1 — Пс 75:2)	src-tsk
			Ps.76.1	4	1	In Judah	Ps.48.1-Ps.48.3	исходный стих: надписание псалма: группы надписания и стиха 1 в записи TSK не разделены, а в синодальном тексте это разные стихи (надписание — Пс 75:1; стих 1 — Пс 75:2)	src-tsk
			Ps.76.1	4	2	In Judah	Ps.147.19	исходный стих: надписание псалма: группы надписания и стиха 1 в записи TSK не разделены, а в синодальном тексте это разные стихи (надписание — Пс 75:1; стих 1 — Пс 75:2)	src-tsk
			Ps.76.1	4	3	In Judah	Ps.147.20	исходный стих: надписание псалма: группы надписания и стиха 1 в записи TSK не разделены, а в синодальном тексте это разные стихи (надписание — Пс 75:1; стих 1 — Пс 75:2)	src-tsk
			Ps.76.1	4	4	In Judah	Deut.4.7	исходный стих: надписание псалма: группы надписания и стиха 1 в записи TSK не разделены, а в синодальном тексте это разные стихи (надписание — Пс 75:1; стих 1 — Пс 75:2)	src-tsk
			Ps.76.1	4	5	In Judah	Deut.4.8	исходный стих: надписание псалма: группы надписания и стиха 1 в записи TSK не разделены, а в синодальном тексте это разные стихи (надписание — Пс 75:1; стих 1 — Пс 75:2)	src-tsk
			Ps.76.1	4	6	In Judah	Deut.4.34-Deut.4.36	исходный стих: надписание псалма: группы надписания и стиха 1 в записи TSK не разделены, а в синодальном тексте это разные стихи (надписание — Пс 75:1; стих 1 — Пс 75:2)	src-tsk
			Ps.76.1	4	7	In Judah	Acts.17.23	исходный стих: надписание псалма: группы надписания и стиха 1 в записи TSK не разделены, а в синодальном тексте это разные стихи (надписание — Пс 75:1; стих 1 — Пс 75:2)	src-tsk
			Ps.76.1	4	8	In Judah	Rom.2.17-Rom.2.29	исходный стих: надписание псалма: группы надписания и стиха 1 в записи TSK не разделены, а в синодальном тексте это разные стихи (надписание — Пс 75:1; стих 1 — Пс 75:2)	src-tsk
			Ps.76.1	4	9	In Judah	Rom.3.1	исходный стих: надписание псалма: группы надписания и стиха 1 в записи TSK не разделены, а в синодальном тексте это разные стихи (надписание — Пс 75:1; стих 1 — Пс 75:2)	src-tsk
			Ps.76.1	4	10	In Judah	Rom.3.2	исходный стих: надписание псалма: группы надписания и стиха 1 в записи TSK не разделены, а в синодальном тексте это разные стихи (надписание — Пс 75:1; стих 1 — Пс 75:2)	src-tsk
			Ps.76.1	5	1	his	Ps.98.2	исходный стих: надписание псалма: группы надписания и стиха 1 в записи TSK не разделены, а в синодальном тексте это разные стихи (надписание — Пс 75:1; стих 1 — Пс 75:2)	src-tsk
			Ps.76.1	5	2	his	Ps.98.3	исходный стих: надписание псалма: группы надписания и стиха 1 в записи TSK не разделены, а в синодальном тексте это разные стихи (надписание — Пс 75:1; стих 1 — Пс 75:2)	src-tsk
			Ps.76.1	5	3	his	Ps.148.13	исходный стих: надписание псалма: группы надписания и стиха 1 в записи TSK не разделены, а в синодальном тексте это разные стихи (надписание — Пс 75:1; стих 1 — Пс 75:2)	src-tsk
			Ps.76.1	5	4	his	Ps.148.14	исходный стих: надписание псалма: группы надписания и стиха 1 в записи TSK не разделены, а в синодальном тексте это разные стихи (надписание — Пс 75:1; стих 1 — Пс 75:2)	src-tsk
			Ps.76.1	5	5	his	1Chr.29.10-1Chr.29.12	исходный стих: надписание псалма: группы надписания и стиха 1 в записи TSK не разделены, а в синодальном тексте это разные стихи (надписание — Пс 75:1; стих 1 — Пс 75:2)	src-tsk
			Ps.76.1	5	6	his	2Chr.2.5	исходный стих: надписание псалма: группы надписания и стиха 1 в записи TSK не разделены, а в синодальном тексте это разные стихи (надписание — Пс 75:1; стих 1 — Пс 75:2)	src-tsk
			Ps.76.1	5	7	his	2Chr.2.6	исходный стих: надписание псалма: группы надписания и стиха 1 в записи TSK не разделены, а в синодальном тексте это разные стихи (надписание — Пс 75:1; стих 1 — Пс 75:2)	src-tsk
			Ps.76.1	5	8	his	Dan.3.29	исходный стих: надписание псалма: группы надписания и стиха 1 в записи TSK не разделены, а в синодальном тексте это разные стихи (надписание — Пс 75:1; стих 1 — Пс 75:2)	src-tsk
			Ps.76.1	5	9	his	Dan.4.1	исходный стих: надписание псалма: группы надписания и стиха 1 в записи TSK не разделены, а в синодальном тексте это разные стихи (надписание — Пс 75:1; стих 1 — Пс 75:2)	src-tsk
			Ps.76.1	5	10	his	Dan.4.2	исходный стих: надписание псалма: группы надписания и стиха 1 в записи TSK не разделены, а в синодальном тексте это разные стихи (надписание — Пс 75:1; стих 1 — Пс 75:2)	src-tsk
			Ps.77.1	1	1	cir	Ps.39.1	исходный стих: надписание псалма: группы надписания и стиха 1 в записи TSK не разделены, а в синодальном тексте это разные стихи (надписание — Пс 76:1; стих 1 — Пс 76:2)	src-tsk
			Ps.77.1	1	2	cir	Ps.62.1	исходный стих: надписание псалма: группы надписания и стиха 1 в записи TSK не разделены, а в синодальном тексте это разные стихи (надписание — Пс 76:1; стих 1 — Пс 76:2)	src-tsk
			Ps.77.1	1	4	cir	1Chr.16.41	исходный стих: надписание псалма: группы надписания и стиха 1 в записи TSK не разделены, а в синодальном тексте это разные стихи (надписание — Пс 76:1; стих 1 — Пс 76:2)	src-tsk
			Ps.77.1	1	5	cir	1Chr.16.42	исходный стих: надписание псалма: группы надписания и стиха 1 в записи TSK не разделены, а в синодальном тексте это разные стихи (надписание — Пс 76:1; стих 1 — Пс 76:2)	src-tsk
			Ps.77.1	1	6	cir	1Chr.25.3	исходный стих: надписание псалма: группы надписания и стиха 1 в записи TSK не разделены, а в синодальном тексте это разные стихи (надписание — Пс 76:1; стих 1 — Пс 76:2)	src-tsk
			Ps.77.1	1	7	cir	1Chr.25.6	исходный стих: надписание псалма: группы надписания и стиха 1 в записи TSK не разделены, а в синодальном тексте это разные стихи (надписание — Пс 76:1; стих 1 — Пс 76:2)	src-tsk
			Ps.77.1	3	1	of Asaph	Ps.50.1	исходный стих: надписание псалма: группы надписания и стиха 1 в записи TSK не разделены, а в синодальном тексте это разные стихи (надписание — Пс 76:1; стих 1 — Пс 76:2)	src-tsk
			Ps.77.1	4	1	I cried	Ps.3.4	исходный стих: надписание псалма: группы надписания и стиха 1 в записи TSK не разделены, а в синодальном тексте это разные стихи (надписание — Пс 76:1; стих 1 — Пс 76:2)	src-tsk
			Ps.77.1	4	2	I cried	Ps.34.6	исходный стих: надписание псалма: группы надписания и стиха 1 в записи TSK не разделены, а в синодальном тексте это разные стихи (надписание — Пс 76:1; стих 1 — Пс 76:2)	src-tsk
			Ps.77.1	4	3	I cried	Ps.55.16	исходный стих: надписание псалма: группы надписания и стиха 1 в записи TSK не разделены, а в синодальном тексте это разные стихи (надписание — Пс 76:1; стих 1 — Пс 76:2)	src-tsk
			Ps.77.1	4	4	I cried	Ps.55.17	исходный стих: надписание псалма: группы надписания и стиха 1 в записи TSK не разделены, а в синодальном тексте это разные стихи (надписание — Пс 76:1; стих 1 — Пс 76:2)	src-tsk
			Ps.77.1	4	5	I cried	Ps.142.1-Ps.142.3	исходный стих: надписание псалма: группы надписания и стиха 1 в записи TSK не разделены, а в синодальном тексте это разные стихи (надписание — Пс 76:1; стих 1 — Пс 76:2)	src-tsk
			Ps.77.1	5	1	gave	Ps.116.1	исходный стих: надписание псалма: группы надписания и стиха 1 в записи TSK не разделены, а в синодальном тексте это разные стихи (надписание — Пс 76:1; стих 1 — Пс 76:2)	src-tsk
			Ps.77.1	5	2	gave	Ps.116.2	исходный стих: надписание псалма: группы надписания и стиха 1 в записи TSK не разделены, а в синодальном тексте это разные стихи (надписание — Пс 76:1; стих 1 — Пс 76:2)	src-tsk
			Ps.80.1	1	1	cir	Ps.45.1	исходный стих: надписание псалма: группы надписания и стиха 1 в записи TSK не разделены, а в синодальном тексте это разные стихи (надписание — Пс 79:1; стих 1 — Пс 79:2)	src-tsk
			Ps.80.1	1	2	cir	Ps.60.1	исходный стих: надписание псалма: группы надписания и стиха 1 в записи TSK не разделены, а в синодальном тексте это разные стихи (надписание — Пс 79:1; стих 1 — Пс 79:2)	src-tsk
			Ps.80.1	1	3	cir	Ps.69.1	исходный стих: надписание псалма: группы надписания и стиха 1 в записи TSK не разделены, а в синодальном тексте это разные стихи (надписание — Пс 79:1; стих 1 — Пс 79:2)	src-tsk
			Ps.80.1	4	1	Give ear	Ps.5.1	исходный стих: надписание псалма: группы надписания и стиха 1 в записи TSK не разделены, а в синодальном тексте это разные стихи (надписание — Пс 79:1; стих 1 — Пс 79:2)	src-tsk
			Ps.80.1	4	2	Give ear	Ps.55.1	исходный стих: надписание псалма: группы надписания и стиха 1 в записи TSK не разделены, а в синодальном тексте это разные стихи (надписание — Пс 79:1; стих 1 — Пс 79:2)	src-tsk
			Ps.80.1	5	1	O Shepherd	Ps.23.1	исходный стих: надписание псалма: группы надписания и стиха 1 в записи TSK не разделены, а в синодальном тексте это разные стихи (надписание — Пс 79:1; стих 1 — Пс 79:2)	src-tsk
			Ps.80.1	5	2	O Shepherd	Ps.23.2	исходный стих: надписание псалма: группы надписания и стиха 1 в записи TSK не разделены, а в синодальном тексте это разные стихи (надписание — Пс 79:1; стих 1 — Пс 79:2)	src-tsk
			Ps.80.1	5	3	O Shepherd	Isa.40.11	исходный стих: надписание псалма: группы надписания и стиха 1 в записи TSK не разделены, а в синодальном тексте это разные стихи (надписание — Пс 79:1; стих 1 — Пс 79:2)	src-tsk
			Ps.80.1	5	4	O Shepherd	Ezek.34.23	исходный стих: надписание псалма: группы надписания и стиха 1 в записи TSK не разделены, а в синодальном тексте это разные стихи (надписание — Пс 79:1; стих 1 — Пс 79:2)	src-tsk
			Ps.80.1	5	5	O Shepherd	John.10.14	исходный стих: надписание псалма: группы надписания и стиха 1 в записи TSK не разделены, а в синодальном тексте это разные стихи (надписание — Пс 79:1; стих 1 — Пс 79:2)	src-tsk
			Ps.80.1	5	6	O Shepherd	Heb.13.20	исходный стих: надписание псалма: группы надписания и стиха 1 в записи TSK не разделены, а в синодальном тексте это разные стихи (надписание — Пс 79:1; стих 1 — Пс 79:2)	src-tsk
			Ps.80.1	5	7	O Shepherd	1Pet.2.25	исходный стих: надписание псалма: группы надписания и стиха 1 в записи TSK не разделены, а в синодальном тексте это разные стихи (надписание — Пс 79:1; стих 1 — Пс 79:2)	src-tsk
			Ps.80.1	5	8	O Shepherd	1Pet.5.4	исходный стих: надписание псалма: группы надписания и стиха 1 в записи TSK не разделены, а в синодальном тексте это разные стихи (надписание — Пс 79:1; стих 1 — Пс 79:2)	src-tsk
			Ps.80.1	6	1	leadest	Ps.77.20	исходный стих: надписание псалма: группы надписания и стиха 1 в записи TSK не разделены, а в синодальном тексте это разные стихи (надписание — Пс 79:1; стих 1 — Пс 79:2)	src-tsk
			Ps.80.1	6	2	leadest	Ps.78.52	исходный стих: надписание псалма: группы надписания и стиха 1 в записи TSK не разделены, а в синодальном тексте это разные стихи (надписание — Пс 79:1; стих 1 — Пс 79:2)	src-tsk
			Ps.80.1	6	3	leadest	Isa.49.9	исходный стих: надписание псалма: группы надписания и стиха 1 в записи TSK не разделены, а в синодальном тексте это разные стихи (надписание — Пс 79:1; стих 1 — Пс 79:2)	src-tsk
			Ps.80.1	6	4	leadest	Isa.49.10	исходный стих: надписание псалма: группы надписания и стиха 1 в записи TSK не разделены, а в синодальном тексте это разные стихи (надписание — Пс 79:1; стих 1 — Пс 79:2)	src-tsk
			Ps.80.1	6	5	leadest	Isa.63.11	исходный стих: надписание псалма: группы надписания и стиха 1 в записи TSK не разделены, а в синодальном тексте это разные стихи (надписание — Пс 79:1; стих 1 — Пс 79:2)	src-tsk
			Ps.80.1	6	6	leadest	John.10.3	исходный стих: надписание псалма: группы надписания и стиха 1 в записи TSK не разделены, а в синодальном тексте это разные стихи (надписание — Пс 79:1; стих 1 — Пс 79:2)	src-tsk
			Ps.80.1	6	7	leadest	John.10.4	исходный стих: надписание псалма: группы надписания и стиха 1 в записи TSK не разделены, а в синодальном тексте это разные стихи (надписание — Пс 79:1; стих 1 — Пс 79:2)	src-tsk
			Ps.80.1	7	1	dwellest	Ps.99.1	исходный стих: надписание псалма: группы надписания и стиха 1 в записи TSK не разделены, а в синодальном тексте это разные стихи (надписание — Пс 79:1; стих 1 — Пс 79:2)	src-tsk
			Ps.80.1	7	2	dwellest	Exod.25.20-Exod.25.22	исходный стих: надписание псалма: группы надписания и стиха 1 в записи TSK не разделены, а в синодальном тексте это разные стихи (надписание — Пс 79:1; стих 1 — Пс 79:2)	src-tsk
			Ps.80.1	7	3	dwellest	1Sam.4.4	исходный стих: надписание псалма: группы надписания и стиха 1 в записи TSK не разделены, а в синодальном тексте это разные стихи (надписание — Пс 79:1; стих 1 — Пс 79:2)	src-tsk
			Ps.80.1	7	4	dwellest	2Sam.6.2	исходный стих: надписание псалма: группы надписания и стиха 1 в записи TSK не разделены, а в синодальном тексте это разные стихи (надписание — Пс 79:1; стих 1 — Пс 79:2)	src-tsk
			Ps.80.1	7	5	dwellest	2Kgs.19.15	исходный стих: надписание псалма: группы надписания и стиха 1 в записи TSK не разделены, а в синодальном тексте это разные стихи (надписание — Пс 79:1; стих 1 — Пс 79:2)	src-tsk
			Ps.80.1	7	6	dwellest	Ezek.1.13	исходный стих: надписание псалма: группы надписания и стиха 1 в записи TSK не разделены, а в синодальном тексте это разные стихи (надписание — Пс 79:1; стих 1 — Пс 79:2)	src-tsk
			Ps.80.1	7	7	dwellest	Ezek.10.4	исходный стих: надписание псалма: группы надписания и стиха 1 в записи TSK не разделены, а в синодальном тексте это разные стихи (надписание — Пс 79:1; стих 1 — Пс 79:2)	src-tsk
			Ps.80.1	8	1	shine	Ps.80.3	исходный стих: надписание псалма: группы надписания и стиха 1 в записи TSK не разделены, а в синодальном тексте это разные стихи (надписание — Пс 79:1; стих 1 — Пс 79:2)	src-tsk
			Ps.80.1	8	2	shine	Ps.80.7	исходный стих: надписание псалма: группы надписания и стиха 1 в записи TSK не разделены, а в синодальном тексте это разные стихи (надписание — Пс 79:1; стих 1 — Пс 79:2)	src-tsk
			Ps.80.1	8	3	shine	Ps.80.19	исходный стих: надписание псалма: группы надписания и стиха 1 в записи TSK не разделены, а в синодальном тексте это разные стихи (надписание — Пс 79:1; стих 1 — Пс 79:2)	src-tsk
			Ps.80.1	8	4	shine	Ps.50.2	исходный стих: надписание псалма: группы надписания и стиха 1 в записи TSK не разделены, а в синодальном тексте это разные стихи (надписание — Пс 79:1; стих 1 — Пс 79:2)	src-tsk
			Ps.80.1	8	5	shine	Ps.94.1	исходный стих: надписание псалма: группы надписания и стиха 1 в записи TSK не разделены, а в синодальном тексте это разные стихи (надписание — Пс 79:1; стих 1 — Пс 79:2)	src-tsk
			Ps.80.1	8	6	shine	Deut.33.2	исходный стих: надписание псалма: группы надписания и стиха 1 в записи TSK не разделены, а в синодальном тексте это разные стихи (надписание — Пс 79:1; стих 1 — Пс 79:2)	src-tsk
			Ps.80.1	8	7	shine	Job.10.3	исходный стих: надписание псалма: группы надписания и стиха 1 в записи TSK не разделены, а в синодальном тексте это разные стихи (надписание — Пс 79:1; стих 1 — Пс 79:2)	src-tsk
			Ps.80.1	8	8	shine	Isa.60.1	исходный стих: надписание псалма: группы надписания и стиха 1 в записи TSK не разделены, а в синодальном тексте это разные стихи (надписание — Пс 79:1; стих 1 — Пс 79:2)	src-tsk
			Ps.80.1	8	9	shine	Ezek.43.2	исходный стих: надписание псалма: группы надписания и стиха 1 в записи TSK не разделены, а в синодальном тексте это разные стихи (надписание — Пс 79:1; стих 1 — Пс 79:2)	src-tsk
			Ps.80.1	8	10	shine	Dan.9.17	исходный стих: надписание псалма: группы надписания и стиха 1 в записи TSK не разделены, а в синодальном тексте это разные стихи (надписание — Пс 79:1; стих 1 — Пс 79:2)	src-tsk
			Ps.80.1	8	11	shine	Rev.21.23	исходный стих: надписание псалма: группы надписания и стиха 1 в записи TSK не разделены, а в синодальном тексте это разные стихи (надписание — Пс 79:1; стих 1 — Пс 79:2)	src-tsk
			Ps.81.1	1	1	(Title.) Gittith	Ps.8.1	исходный стих: надписание псалма: группы надписания и стиха 1 в записи TSK не разделены, а в синодальном тексте это разные стихи (надписание — Пс 80:1; стих 1 — Пс 80:2)	src-tsk
			Ps.81.1	4	1	Sing	Ps.67.4	исходный стих: надписание псалма: группы надписания и стиха 1 в записи TSK не разделены, а в синодальном тексте это разные стихи (надписание — Пс 80:1; стих 1 — Пс 80:2)	src-tsk
			Ps.81.1	4	2	Sing	Jer.31.7	исходный стих: надписание псалма: группы надписания и стиха 1 в записи TSK не разделены, а в синодальном тексте это разные стихи (надписание — Пс 80:1; стих 1 — Пс 80:2)	src-tsk
			Ps.81.1	5	1	our strength	Ps.18.1	исходный стих: надписание псалма: группы надписания и стиха 1 в записи TSK не разделены, а в синодальном тексте это разные стихи (надписание — Пс 80:1; стих 1 — Пс 80:2)	src-tsk
			Ps.81.1	5	2	our strength	Ps.18.2	исходный стих: надписание псалма: группы надписания и стиха 1 в записи TSK не разделены, а в синодальном тексте это разные стихи (надписание — Пс 80:1; стих 1 — Пс 80:2)	src-tsk
			Ps.81.1	5	3	our strength	Ps.28.7	исходный стих: надписание псалма: группы надписания и стиха 1 в записи TSK не разделены, а в синодальном тексте это разные стихи (надписание — Пс 80:1; стих 1 — Пс 80:2)	src-tsk
			Ps.81.1	5	4	our strength	Ps.52.7	исходный стих: надписание псалма: группы надписания и стиха 1 в записи TSK не разделены, а в синодальном тексте это разные стихи (надписание — Пс 80:1; стих 1 — Пс 80:2)	src-tsk
			Ps.81.1	5	5	our strength	Phil.4.13	исходный стих: надписание псалма: группы надписания и стиха 1 в записи TSK не разделены, а в синодальном тексте это разные стихи (надписание — Пс 80:1; стих 1 — Пс 80:2)	src-tsk
			Ps.81.1	6	1	make	Ps.33.1-Ps.33.3	исходный стих: надписание псалма: группы надписания и стиха 1 в записи TSK не разделены, а в синодальном тексте это разные стихи (надписание — Пс 80:1; стих 1 — Пс 80:2)	src-tsk
			Ps.81.1	6	2	make	Ps.46.1-Ps.46.7	исходный стих: надписание псалма: группы надписания и стиха 1 в записи TSK не разделены, а в синодальном тексте это разные стихи (надписание — Пс 80:1; стих 1 — Пс 80:2)	src-tsk
			Ps.81.1	6	3	make	Ps.66.1	исходный стих: надписание псалма: группы надписания и стиха 1 в записи TSK не разделены, а в синодальном тексте это разные стихи (надписание — Пс 80:1; стих 1 — Пс 80:2)	src-tsk
			Ps.81.1	6	4	make	Ps.100.1	исходный стих: надписание псалма: группы надписания и стиха 1 в записи TSK не разделены, а в синодальном тексте это разные стихи (надписание — Пс 80:1; стих 1 — Пс 80:2)	src-tsk
			Ps.81.1	6	5	make	Ps.100.2	исходный стих: надписание псалма: группы надписания и стиха 1 в записи TSK не разделены, а в синодальном тексте это разные стихи (надписание — Пс 80:1; стих 1 — Пс 80:2)	src-tsk
			Ps.81.1	7	1	the God	Ps.46.11	исходный стих: надписание псалма: группы надписания и стиха 1 в записи TSK не разделены, а в синодальном тексте это разные стихи (надписание — Пс 80:1; стих 1 — Пс 80:2)	src-tsk
			Ps.81.1	7	2	the God	Gen.50.17	исходный стих: надписание псалма: группы надписания и стиха 1 в записи TSK не разделены, а в синодальном тексте это разные стихи (надписание — Пс 80:1; стих 1 — Пс 80:2)	src-tsk
			Ps.81.1	7	3	the God	Matt.22.32	исходный стих: надписание псалма: группы надписания и стиха 1 в записи TSK не разделены, а в синодальном тексте это разные стихи (надписание — Пс 80:1; стих 1 — Пс 80:2)	src-tsk
			Ps.83.1	3	1	Keep	Ps.28.1	исходный стих: надписание псалма: группы надписания и стиха 1 в записи TSK не разделены, а в синодальном тексте это разные стихи (надписание — Пс 82:1; стих 1 — Пс 82:2)	src-tsk
			Ps.83.1	3	2	Keep	Ps.35.22	исходный стих: надписание псалма: группы надписания и стиха 1 в записи TSK не разделены, а в синодальном тексте это разные стихи (надписание — Пс 82:1; стих 1 — Пс 82:2)	src-tsk
			Ps.83.1	3	3	Keep	Ps.44.23	исходный стих: надписание псалма: группы надписания и стиха 1 в записи TSK не разделены, а в синодальном тексте это разные стихи (надписание — Пс 82:1; стих 1 — Пс 82:2)	src-tsk
			Ps.83.1	3	4	Keep	Ps.50.3	исходный стих: надписание псалма: группы надписания и стиха 1 в записи TSK не разделены, а в синодальном тексте это разные стихи (надписание — Пс 82:1; стих 1 — Пс 82:2)	src-tsk
			Ps.83.1	3	5	Keep	Ps.109.1	исходный стих: надписание псалма: группы надписания и стиха 1 в записи TSK не разделены, а в синодальном тексте это разные стихи (надписание — Пс 82:1; стих 1 — Пс 82:2)	src-tsk
			Ps.83.1	3	6	Keep	Ps.109.2	исходный стих: надписание псалма: группы надписания и стиха 1 в записи TSK не разделены, а в синодальном тексте это разные стихи (надписание — Пс 82:1; стих 1 — Пс 82:2)	src-tsk
			Ps.83.1	4	1	be not	Isa.42.14	исходный стих: надписание псалма: группы надписания и стиха 1 в записи TSK не разделены, а в синодальном тексте это разные стихи (надписание — Пс 82:1; стих 1 — Пс 82:2)	src-tsk
Пс	82	3	Ps.83.2	1	12	For, lo	Acts.19.28-Acts.19.41	в диапазоне: таблица неполна: KJV 19:41 — конец Деян 19:40; строки в таблице нет	src-tsk
			Ps.84.1	1	1	(Title.) Gittith	Ps.8.1	исходный стих: надписание псалма: группы надписания и стиха 1 в записи TSK не разделены, а в синодальном тексте это разные стихи (надписание — Пс 83:1; стих 1 — Пс 83:2)	src-tsk
			Ps.84.1	1	2	(Title.) Gittith	Ps.81.1	исходный стих: надписание псалма: группы надписания и стиха 1 в записи TSK не разделены, а в синодальном тексте это разные стихи (надписание — Пс 83:1; стих 1 — Пс 83:2)	src-tsk
			Ps.84.1	4	1	How	Ps.36.8	исходный стих: надписание псалма: группы надписания и стиха 1 в записи TSK не разделены, а в синодальном тексте это разные стихи (надписание — Пс 83:1; стих 1 — Пс 83:2)	src-tsk
			Ps.84.1	4	2	How	Ps.27.4	исходный стих: надписание псалма: группы надписания и стиха 1 в записи TSK не разделены, а в синодальном тексте это разные стихи (надписание — Пс 83:1; стих 1 — Пс 83:2)	src-tsk
			Ps.84.1	4	3	How	Ps.48.1	исходный стих: надписание псалма: группы надписания и стиха 1 в записи TSK не разделены, а в синодальном тексте это разные стихи (надписание — Пс 83:1; стих 1 — Пс 83:2)	src-tsk
			Ps.84.1	4	4	How	Ps.48.2	исходный стих: надписание псалма: группы надписания и стиха 1 в записи TSK не разделены, а в синодальном тексте это разные стихи (надписание — Пс 83:1; стих 1 — Пс 83:2)	src-tsk
			Ps.84.1	4	5	How	Ps.87.2	исходный стих: надписание псалма: группы надписания и стиха 1 в записи TSK не разделены, а в синодальном тексте это разные стихи (надписание — Пс 83:1; стих 1 — Пс 83:2)	src-tsk
			Ps.84.1	4	6	How	Ps.87.3	исходный стих: надписание псалма: группы надписания и стиха 1 в записи TSK не разделены, а в синодальном тексте это разные стихи (надписание — Пс 83:1; стих 1 — Пс 83:2)	src-tsk
			Ps.84.1	4	7	How	Ps.122.1	исходный стих: надписание псалма: группы надписания и стиха 1 в записи TSK не разделены, а в синодальном тексте это разные стихи (надписание — Пс 83:1; стих 1 — Пс 83:2)	src-tsk
			Ps.84.1	4	8	How	Heb.9.23	исходный стих: надписание псалма: группы надписания и стиха 1 в записи TSK не разделены, а в синодальном тексте это разные стихи (надписание — Пс 83:1; стих 1 — Пс 83:2)	src-tsk
			Ps.84.1	4	9	How	Heb.9.24	исходный стих: надписание псалма: группы надписания и стиха 1 в записи TSK не разделены, а в синодальном тексте это разные стихи (надписание — Пс 83:1; стих 1 — Пс 83:2)	src-tsk
			Ps.84.1	4	10	How	Rev.21.2	исходный стих: надписание псалма: группы надписания и стиха 1 в записи TSK не разделены, а в синодальном тексте это разные стихи (надписание — Пс 83:1; стих 1 — Пс 83:2)	src-tsk
			Ps.84.1	4	11	How	Rev.21.3	исходный стих: надписание псалма: группы надписания и стиха 1 в записи TSK не разделены, а в синодальном тексте это разные стихи (надписание — Пс 83:1; стих 1 — Пс 83:2)	src-tsk
			Ps.84.1	4	12	How	Rev.21.22	исходный стих: надписание псалма: группы надписания и стиха 1 в записи TSK не разделены, а в синодальном тексте это разные стихи (надписание — Пс 83:1; стих 1 — Пс 83:2)	src-tsk
			Ps.84.1	4	13	How	Rev.21.23	исходный стих: надписание псалма: группы надписания и стиха 1 в записи TSK не разделены, а в синодальном тексте это разные стихи (надписание — Пс 83:1; стих 1 — Пс 83:2)	src-tsk
			Ps.84.1	5	1	O Lord	Ps.103.20	исходный стих: надписание псалма: группы надписания и стиха 1 в записи TSK не разделены, а в синодальном тексте это разные стихи (надписание — Пс 83:1; стих 1 — Пс 83:2)	src-tsk
			Ps.84.1	5	2	O Lord	Ps.103.21	исходный стих: надписание псалма: группы надписания и стиха 1 в записи TSK не разделены, а в синодальном тексте это разные стихи (надписание — Пс 83:1; стих 1 — Пс 83:2)	src-tsk
			Ps.84.1	5	3	O Lord	1Kgs.22.19	исходный стих: надписание псалма: группы надписания и стиха 1 в записи TSK не разделены, а в синодальном тексте это разные стихи (надписание — Пс 83:1; стих 1 — Пс 83:2)	src-tsk
			Ps.84.1	5	4	O Lord	Neh.9.6	исходный стих: надписание псалма: группы надписания и стиха 1 в записи TSK не разделены, а в синодальном тексте это разные стихи (надписание — Пс 83:1; стих 1 — Пс 83:2)	src-tsk
			Ps.84.1	5	5	O Lord	Isa.6.2	исходный стих: надписание псалма: группы надписания и стиха 1 в записи TSK не разделены, а в синодальном тексте это разные стихи (надписание — Пс 83:1; стих 1 — Пс 83:2)	src-tsk
			Ps.84.1	5	6	O Lord	Isa.6.3	исходный стих: надписание псалма: группы надписания и стиха 1 в записи TSK не разделены, а в синодальном тексте это разные стихи (надписание — Пс 83:1; стих 1 — Пс 83:2)	src-tsk
			Ps.85.1	1	1	(Title.) for	Ps.42.1	исходный стих: надписание псалма: группы надписания и стиха 1 в записи TSK не разделены, а в синодальном тексте это разные стихи (надписание — Пс 84:1; стих 1 — Пс 84:2)	src-tsk
			Ps.85.1	2	1	Lord	Lev.26.42	исходный стих: надписание псалма: группы надписания и стиха 1 в записи TSK не разделены, а в синодальном тексте это разные стихи (надписание — Пс 84:1; стих 1 — Пс 84:2)	src-tsk
			Ps.85.1	2	2	Lord	Joel.2.18	исходный стих: надписание псалма: группы надписания и стиха 1 в записи TSK не разделены, а в синодальном тексте это разные стихи (надписание — Пс 84:1; стих 1 — Пс 84:2)	src-tsk
			Ps.85.1	2	3	Lord	Zech.1.16	исходный стих: надписание псалма: группы надписания и стиха 1 в записи TSK не разделены, а в синодальном тексте это разные стихи (надписание — Пс 84:1; стих 1 — Пс 84:2)	src-tsk
			Ps.85.1	3	1	favourable unto	Ps.77.7	исходный стих: надписание псалма: группы надписания и стиха 1 в записи TSK не разделены, а в синодальном тексте это разные стихи (надписание — Пс 84:1; стих 1 — Пс 84:2)	src-tsk
			Ps.85.1	4	1	thou hast	Ps.14.7	исходный стих: надписание псалма: группы надписания и стиха 1 в записи TSK не разделены, а в синодальном тексте это разные стихи (надписание — Пс 84:1; стих 1 — Пс 84:2)	src-tsk
			Ps.85.1	4	2	thou hast	Ps.126.1	исходный стих: надписание псалма: группы надписания и стиха 1 в записи TSK не разделены, а в синодальном тексте это разные стихи (надписание — Пс 84:1; стих 1 — Пс 84:2)	src-tsk
			Ps.85.1	4	3	thou hast	Ps.126.2	исходный стих: надписание псалма: группы надписания и стиха 1 в записи TSK не разделены, а в синодальном тексте это разные стихи (надписание — Пс 84:1; стих 1 — Пс 84:2)	src-tsk
			Ps.85.1	4	4	thou hast	Ezra.1.11	исходный стих: надписание псалма: группы надписания и стиха 1 в записи TSK не разделены, а в синодальном тексте это разные стихи (надписание — Пс 84:1; стих 1 — Пс 84:2)	src-tsk
			Ps.85.1	4	5	thou hast	Ezra.2.1	исходный стих: надписание псалма: группы надписания и стиха 1 в записи TSK не разделены, а в синодальном тексте это разные стихи (надписание — Пс 84:1; стих 1 — Пс 84:2)	src-tsk
			Ps.85.1	4	6	thou hast	Jer.30.18	исходный стих: надписание псалма: группы надписания и стиха 1 в записи TSK не разделены, а в синодальном тексте это разные стихи (надписание — Пс 84:1; стих 1 — Пс 84:2)	src-tsk
			Ps.85.1	4	7	thou hast	Jer.31.23	исходный стих: надписание псалма: группы надписания и стиха 1 в записи TSK не разделены, а в синодальном тексте это разные стихи (надписание — Пс 84:1; стих 1 — Пс 84:2)	src-tsk
			Ps.85.1	4	8	thou hast	Ezek.39.25	исходный стих: надписание псалма: группы надписания и стиха 1 в записи TSK не разделены, а в синодальном тексте это разные стихи (надписание — Пс 84:1; стих 1 — Пс 84:2)	src-tsk
			Ps.85.1	4	9	thou hast	Joel.3.1	исходный стих: надписание псалма: группы надписания и стиха 1 в записи TSK не разделены, а в синодальном тексте это разные стихи (надписание — Пс 84:1; стих 1 — Пс 84:2)	src-tsk
			Ps.88.1	1	1	cir	Ps.53.1	исходный стих: надписание псалма: группы надписания и стиха 1 в записи TSK не разделены, а в синодальном тексте это разные стихи (надписание — Пс 87:1; стих 1 — Пс 87:2)	src-tsk
			Ps.88.1	3	1	Heman	1Kgs.4.31	исходный стих: надписание псалма: группы надписания и стиха 1 в записи TSK не разделены, а в синодальном тексте это разные стихи (надписание — Пс 87:1; стих 1 — Пс 87:2)	src-tsk
			Ps.88.1	3	2	Heman	1Chr.2.6	исходный стих: надписание псалма: группы надписания и стиха 1 в записи TSK не разделены, а в синодальном тексте это разные стихи (надписание — Пс 87:1; стих 1 — Пс 87:2)	src-tsk
			Ps.88.1	4	1	Lord	Ps.27.1	исходный стих: надписание псалма: группы надписания и стиха 1 в записи TSK не разделены, а в синодальном тексте это разные стихи (надписание — Пс 87:1; стих 1 — Пс 87:2)	src-tsk
			Ps.88.1	4	2	Lord	Ps.27.9	исходный стих: надписание псалма: группы надписания и стиха 1 в записи TSK не разделены, а в синодальном тексте это разные стихи (надписание — Пс 87:1; стих 1 — Пс 87:2)	src-tsk
			Ps.88.1	4	3	Lord	Ps.51.14	исходный стих: надписание псалма: группы надписания и стиха 1 в записи TSK не разделены, а в синодальном тексте это разные стихи (надписание — Пс 87:1; стих 1 — Пс 87:2)	src-tsk
			Ps.88.1	4	4	Lord	Ps.62.7	исходный стих: надписание псалма: группы надписания и стиха 1 в записи TSK не разделены, а в синодальном тексте это разные стихи (надписание — Пс 87:1; стих 1 — Пс 87:2)	src-tsk
			Ps.88.1	4	5	Lord	Ps.65.5	исходный стих: надписание псалма: группы надписания и стиха 1 в записи TSK не разделены, а в синодальном тексте это разные стихи (надписание — Пс 87:1; стих 1 — Пс 87:2)	src-tsk
			Ps.88.1	4	6	Lord	Ps.68.19	исходный стих: надписание псалма: группы надписания и стиха 1 в записи TSK не разделены, а в синодальном тексте это разные стихи (надписание — Пс 87:1; стих 1 — Пс 87:2)	src-tsk
			Ps.88.1	4	7	Lord	Ps.79.9	исходный стих: надписание псалма: группы надписания и стиха 1 в записи TSK не разделены, а в синодальном тексте это разные стихи (надписание — Пс 87:1; стих 1 — Пс 87:2)	src-tsk
			Ps.88.1	4	8	Lord	Ps.140.7	исходный стих: надписание псалма: группы надписания и стиха 1 в записи TSK не разделены, а в синодальном тексте это разные стихи (надписание — Пс 87:1; стих 1 — Пс 87:2)	src-tsk
			Ps.88.1	4	9	Lord	Gen.49.18	исходный стих: надписание псалма: группы надписания и стиха 1 в записи TSK не разделены, а в синодальном тексте это разные стихи (надписание — Пс 87:1; стих 1 — Пс 87:2)	src-tsk
			Ps.88.1	4	10	Lord	Isa.12.2	исходный стих: надписание псалма: группы надписания и стиха 1 в записи TSK не разделены, а в синодальном тексте это разные стихи (надписание — Пс 87:1; стих 1 — Пс 87:2)	src-tsk
			Ps.88.1	4	11	Lord	Luke.1.47	исходный стих: надписание псалма: группы надписания и стиха 1 в записи TSK не разделены, а в синодальном тексте это разные стихи (надписание — Пс 87:1; стих 1 — Пс 87:2)	src-tsk
			Ps.88.1	4	12	Lord	Luke.2.30	исходный стих: надписание псалма: группы надписания и стиха 1 в записи TSK не разделены, а в синодальном тексте это разные стихи (надписание — Пс 87:1; стих 1 — Пс 87:2)	src-tsk
			Ps.88.1	4	13	Lord	Titus.2.10	исходный стих: надписание псалма: группы надписания и стиха 1 в записи TSK не разделены, а в синодальном тексте это разные стихи (надписание — Пс 87:1; стих 1 — Пс 87:2)	src-tsk
			Ps.88.1	4	14	Lord	Titus.2.13	исходный стих: надписание псалма: группы надписания и стиха 1 в записи TSK не разделены, а в синодальном тексте это разные стихи (надписание — Пс 87:1; стих 1 — Пс 87:2)	src-tsk
			Ps.88.1	4	15	Lord	Titus.3.4-Titus.3.7	исходный стих: надписание псалма: группы надписания и стиха 1 в записи TSK не разделены, а в синодальном тексте это разные стихи (надписание — Пс 87:1; стих 1 — Пс 87:2)	src-tsk
			Ps.88.1	5	1	I have	Ps.22.2	исходный стих: надписание псалма: группы надписания и стиха 1 в записи TSK не разделены, а в синодальном тексте это разные стихи (надписание — Пс 87:1; стих 1 — Пс 87:2)	src-tsk
			Ps.88.1	5	2	I have	Ps.86.3	исходный стих: надписание псалма: группы надписания и стиха 1 в записи TSK не разделены, а в синодальном тексте это разные стихи (надписание — Пс 87:1; стих 1 — Пс 87:2)	src-tsk
			Ps.88.1	5	3	I have	Neh.1.6	исходный стих: надписание псалма: группы надписания и стиха 1 в записи TSK не разделены, а в синодальном тексте это разные стихи (надписание — Пс 87:1; стих 1 — Пс 87:2)	src-tsk
			Ps.88.1	5	4	I have	Isa.62.6	исходный стих: надписание псалма: группы надписания и стиха 1 в записи TSK не разделены, а в синодальном тексте это разные стихи (надписание — Пс 87:1; стих 1 — Пс 87:2)	src-tsk
			Ps.88.1	5	5	I have	Luke.2.37	исходный стих: надписание псалма: группы надписания и стиха 1 в записи TSK не разделены, а в синодальном тексте это разные стихи (надписание — Пс 87:1; стих 1 — Пс 87:2)	src-tsk
			Ps.88.1	5	6	I have	Luke.18.7	исходный стих: надписание псалма: группы надписания и стиха 1 в записи TSK не разделены, а в синодальном тексте это разные стихи (надписание — Пс 87:1; стих 1 — Пс 87:2)	src-tsk
			Ps.88.1	5	7	I have	1Thess.3.10	исходный стих: надписание псалма: группы надписания и стиха 1 в записи TSK не разделены, а в синодальном тексте это разные стихи (надписание — Пс 87:1; стих 1 — Пс 87:2)	src-tsk
			Ps.88.1	5	8	I have	2Tim.1.3	исходный стих: надписание псалма: группы надписания и стиха 1 в записи TSK не разделены, а в синодальном тексте это разные стихи (надписание — Пс 87:1; стих 1 — Пс 87:2)	src-tsk
			Ps.89.1	2	1	Ethan	1Kgs.4.31	исходный стих: надписание псалма: группы надписания и стиха 1 в записи TSK не разделены, а в синодальном тексте это разные стихи (надписание — Пс 88:1; стих 1 — Пс 88:2)	src-tsk
			Ps.89.1	2	2	Ethan	1Chr.2.6	исходный стих: надписание псалма: группы надписания и стиха 1 в записи TSK не разделены, а в синодальном тексте это разные стихи (надписание — Пс 88:1; стих 1 — Пс 88:2)	src-tsk
			Ps.89.1	3	1	I will	Ps.86.12	исходный стих: надписание псалма: группы надписания и стиха 1 в записи TSK не разделены, а в синодальном тексте это разные стихи (надписание — Пс 88:1; стих 1 — Пс 88:2)	src-tsk
			Ps.89.1	3	2	I will	Ps.86.13	исходный стих: надписание псалма: группы надписания и стиха 1 в записи TSK не разделены, а в синодальном тексте это разные стихи (надписание — Пс 88:1; стих 1 — Пс 88:2)	src-tsk
			Ps.89.1	3	3	I will	Ps.101.1	исходный стих: надписание псалма: группы надписания и стиха 1 в записи TSK не разделены, а в синодальном тексте это разные стихи (надписание — Пс 88:1; стих 1 — Пс 88:2)	src-tsk
			Ps.89.1	3	4	I will	Ps.106.1	исходный стих: надписание псалма: группы надписания и стиха 1 в записи TSK не разделены, а в синодальном тексте это разные стихи (надписание — Пс 88:1; стих 1 — Пс 88:2)	src-tsk
			Ps.89.1	3	5	I will	Ps.136.1-Ps.136.26	исходный стих: надписание псалма: группы надписания и стиха 1 в записи TSK не разделены, а в синодальном тексте это разные стихи (надписание — Пс 88:1; стих 1 — Пс 88:2)	src-tsk
			Ps.89.1	4	1	with	Ps.40.9	исходный стих: надписание псалма: группы надписания и стиха 1 в записи TSK не разделены, а в синодальном тексте это разные стихи (надписание — Пс 88:1; стих 1 — Пс 88:2)	src-tsk
			Ps.89.1	4	2	with	Ps.40.10	исходный стих: надписание псалма: группы надписания и стиха 1 в записи TSK не разделены, а в синодальном тексте это разные стихи (надписание — Пс 88:1; стих 1 — Пс 88:2)	src-tsk
			Ps.89.1	4	3	with	Ps.71.8	исходный стих: надписание псалма: группы надписания и стиха 1 в записи TSK не разделены, а в синодальном тексте это разные стихи (надписание — Пс 88:1; стих 1 — Пс 88:2)	src-tsk
			Ps.89.1	4	4	with	Ps.71.15-Ps.71.19	исходный стих: надписание псалма: группы надписания и стиха 1 в записи TSK не разделены, а в синодальном тексте это разные стихи (надписание — Пс 88:1; стих 1 — Пс 88:2)	src-tsk
			Ps.89.1	5	1	thy faithfulness	Ps.89.5	исходный стих: надписание псалма: группы надписания и стиха 1 в записи TSK не разделены, а в синодальном тексте это разные стихи (надписание — Пс 88:1; стих 1 — Пс 88:2)	src-tsk
			Ps.89.1	5	2	thy faithfulness	Ps.89.8	исходный стих: надписание псалма: группы надписания и стиха 1 в записи TSK не разделены, а в синодальном тексте это разные стихи (надписание — Пс 88:1; стих 1 — Пс 88:2)	src-tsk
			Ps.89.1	5	3	thy faithfulness	Ps.89.33	исходный стих: надписание псалма: группы надписания и стиха 1 в записи TSK не разделены, а в синодальном тексте это разные стихи (надписание — Пс 88:1; стих 1 — Пс 88:2)	src-tsk
			Ps.89.1	5	4	thy faithfulness	Ps.89.49	исходный стих: надписание псалма: группы надписания и стиха 1 в записи TSK не разделены, а в синодальном тексте это разные стихи (надписание — Пс 88:1; стих 1 — Пс 88:2)	src-tsk
			Ps.89.1	5	5	thy faithfulness	Ps.36.5	исходный стих: надписание псалма: группы надписания и стиха 1 в записи TSK не разделены, а в синодальном тексте это разные стихи (надписание — Пс 88:1; стих 1 — Пс 88:2)	src-tsk
			Ps.89.1	5	6	thy faithfulness	Ps.92.2	исходный стих: надписание псалма: группы надписания и стиха 1 в записи TSK не разделены, а в синодальном тексте это разные стихи (надписание — Пс 88:1; стих 1 — Пс 88:2)	src-tsk
			Ps.89.1	5	7	thy faithfulness	Isa.25.1	исходный стих: надписание псалма: группы надписания и стиха 1 в записи TSK не разделены, а в синодальном тексте это разные стихи (надписание — Пс 88:1; стих 1 — Пс 88:2)	src-tsk
			Ps.89.1	5	8	thy faithfulness	Lam.3.23	исходный стих: надписание псалма: группы надписания и стиха 1 в записи TSK не разделены, а в синодальном тексте это разные стихи (надписание — Пс 88:1; стих 1 — Пс 88:2)	src-tsk
			Ps.89.1	5	9	thy faithfulness	Mic.7.20	исходный стих: надписание псалма: группы надписания и стиха 1 в записи TSK не разделены, а в синодальном тексте это разные стихи (надписание — Пс 88:1; стих 1 — Пс 88:2)	src-tsk
			Ps.89.1	5	10	thy faithfulness	Titus.1.2	исходный стих: надписание псалма: группы надписания и стиха 1 в записи TSK не разделены, а в синодальном тексте это разные стихи (надписание — Пс 88:1; стих 1 — Пс 88:2)	src-tsk
			Ps.89.1	6	1	all generations	Ps.89.4	исходный стих: надписание псалма: группы надписания и стиха 1 в записи TSK не разделены, а в синодальном тексте это разные стихи (надписание — Пс 88:1; стих 1 — Пс 88:2)	src-tsk
			Ps.89.1	6	2	all generations	Ps.119.90	исходный стих: надписание псалма: группы надписания и стиха 1 в записи TSK не разделены, а в синодальном тексте это разные стихи (надписание — Пс 88:1; стих 1 — Пс 88:2)	src-tsk
			Ps.90.1	1	1	(Title.) A Prayer, or, A prayer,being a Psalm of Moses	Num.13.1-Num.14.45	исходный стих: надписание псалма: группы надписания и стиха 1 в записи TSK не разделены, а в синодальном тексте это разные стихи (надписание — Пс 89:1; стих 1 — Пс 89:2)	src-tsk
			Ps.90.1	2	1	the man	Exod.33.14-Exod.33.19	исходный стих: надписание псалма: группы надписания и стиха 1 в записи TSK не разделены, а в синодальном тексте это разные стихи (надписание — Пс 89:1; стих 1 — Пс 89:2)	src-tsk
			Ps.90.1	2	2	the man	Deut.33.1	исходный стих: надписание псалма: группы надписания и стиха 1 в записи TSK не разделены, а в синодальном тексте это разные стихи (надписание — Пс 89:1; стих 1 — Пс 89:2)	src-tsk
			Ps.90.1	2	3	the man	1Kgs.13.1	исходный стих: надписание псалма: группы надписания и стиха 1 в записи TSK не разделены, а в синодальном тексте это разные стихи (надписание — Пс 89:1; стих 1 — Пс 89:2)	src-tsk
			Ps.90.1	2	4	the man	1Tim.6.11	исходный стих: надписание псалма: группы надписания и стиха 1 в записи TSK не разделены, а в синодальном тексте это разные стихи (надписание — Пс 89:1; стих 1 — Пс 89:2)	src-tsk
			Ps.90.1	3	1	Lord	Ps.71.3	исходный стих: надписание псалма: группы надписания и стиха 1 в записи TSK не разделены, а в синодальном тексте это разные стихи (надписание — Пс 89:1; стих 1 — Пс 89:2)	src-tsk
			Ps.90.1	3	2	Lord	Ps.91.1	исходный стих: надписание псалма: группы надписания и стиха 1 в записи TSK не разделены, а в синодальном тексте это разные стихи (надписание — Пс 89:1; стих 1 — Пс 89:2)	src-tsk
			Ps.90.1	3	3	Lord	Ps.91.9	исходный стих: надписание псалма: группы надписания и стиха 1 в записи TSK не разделены, а в синодальном тексте это разные стихи (надписание — Пс 89:1; стих 1 — Пс 89:2)	src-tsk
			Ps.90.1	3	4	Lord	Deut.33.27	исходный стих: надписание псалма: группы надписания и стиха 1 в записи TSK не разделены, а в синодальном тексте это разные стихи (надписание — Пс 89:1; стих 1 — Пс 89:2)	src-tsk
			Ps.90.1	3	5	Lord	Isa.8.14	исходный стих: надписание псалма: группы надписания и стиха 1 в записи TSK не разделены, а в синодальном тексте это разные стихи (надписание — Пс 89:1; стих 1 — Пс 89:2)	src-tsk
			Ps.90.1	3	6	Lord	Ezek.11.16	исходный стих: надписание псалма: группы надписания и стиха 1 в записи TSK не разделены, а в синодальном тексте это разные стихи (надписание — Пс 89:1; стих 1 — Пс 89:2)	src-tsk
			Ps.90.1	3	7	Lord	John.6.56	исходный стих: надписание псалма: группы надписания и стиха 1 в записи TSK не разделены, а в синодальном тексте это разные стихи (надписание — Пс 89:1; стих 1 — Пс 89:2)	src-tsk
			Ps.90.1	3	8	Lord	1John.4.16	исходный стих: надписание псалма: группы надписания и стиха 1 в записи TSK не разделены, а в синодальном тексте это разные стихи (надписание — Пс 89:1; стих 1 — Пс 89:2)	src-tsk
			Ps.90.1	4	1	all generations	Ps.89.1	исходный стих: надписание псалма: группы надписания и стиха 1 в записи TSK не разделены, а в синодальном тексте это разные стихи (надписание — Пс 89:1; стих 1 — Пс 89:2)	src-tsk
			Ps.92.1	2	1	for	Isa.58.13	исходный стих: надписание псалма: группы надписания и стиха 1 в записи TSK не разделены, а в синодальном тексте это разные стихи (надписание — Пс 91:1; стих 1 — Пс 91:2)	src-tsk
			Ps.92.1	2	2	for	Isa.58.14	исходный стих: надписание псалма: группы надписания и стиха 1 в записи TSK не разделены, а в синодальном тексте это разные стихи (надписание — Пс 91:1; стих 1 — Пс 91:2)	src-tsk
			Ps.92.1	2	3	for	Heb.4.9	исходный стих: надписание псалма: группы надписания и стиха 1 в записи TSK не разделены, а в синодальном тексте это разные стихи (надписание — Пс 91:1; стих 1 — Пс 91:2)	src-tsk
			Ps.92.1	2	5	for	Rev.4.8-Rev.4.11	исходный стих: надписание псалма: группы надписания и стиха 1 в записи TSK не разделены, а в синодальном тексте это разные стихи (надписание — Пс 91:1; стих 1 — Пс 91:2)	src-tsk
			Ps.92.1	3	1	good	Ps.33.1	исходный стих: надписание псалма: группы надписания и стиха 1 в записи TSK не разделены, а в синодальном тексте это разные стихи (надписание — Пс 91:1; стих 1 — Пс 91:2)	src-tsk
			Ps.92.1	3	2	good	Ps.50.23	исходный стих: надписание псалма: группы надписания и стиха 1 в записи TSK не разделены, а в синодальном тексте это разные стихи (надписание — Пс 91:1; стих 1 — Пс 91:2)	src-tsk
			Ps.92.1	3	3	good	Ps.52.9	исходный стих: надписание псалма: группы надписания и стиха 1 в записи TSK не разделены, а в синодальном тексте это разные стихи (надписание — Пс 91:1; стих 1 — Пс 91:2)	src-tsk
			Ps.92.1	3	4	good	Ps.54.6	исходный стих: надписание псалма: группы надписания и стиха 1 в записи TSK не разделены, а в синодальном тексте это разные стихи (надписание — Пс 91:1; стих 1 — Пс 91:2)	src-tsk
			Ps.92.1	3	5	good	Ps.73.28	исходный стих: надписание псалма: группы надписания и стиха 1 в записи TSK не разделены, а в синодальном тексте это разные стихи (надписание — Пс 91:1; стих 1 — Пс 91:2)	src-tsk
			Ps.92.1	3	6	good	Ps.107.1	исходный стих: надписание псалма: группы надписания и стиха 1 в записи TSK не разделены, а в синодальном тексте это разные стихи (надписание — Пс 91:1; стих 1 — Пс 91:2)	src-tsk
			Ps.92.1	3	7	good	Ps.107.8	исходный стих: надписание псалма: группы надписания и стиха 1 в записи TSK не разделены, а в синодальном тексте это разные стихи (надписание — Пс 91:1; стих 1 — Пс 91:2)	src-tsk
			Ps.92.1	3	8	good	Ps.107.15	исходный стих: надписание псалма: группы надписания и стиха 1 в записи TSK не разделены, а в синодальном тексте это разные стихи (надписание — Пс 91:1; стих 1 — Пс 91:2)	src-tsk
			Ps.92.1	3	9	good	Ps.107.21	исходный стих: надписание псалма: группы надписания и стиха 1 в записи TSK не разделены, а в синодальном тексте это разные стихи (надписание — Пс 91:1; стих 1 — Пс 91:2)	src-tsk
			Ps.92.1	3	10	good	Ps.107.22	исходный стих: надписание псалма: группы надписания и стиха 1 в записи TSK не разделены, а в синодальном тексте это разные стихи (надписание — Пс 91:1; стих 1 — Пс 91:2)	src-tsk
			Ps.92.1	3	11	good	Ps.135.3	исходный стих: надписание псалма: группы надписания и стиха 1 в записи TSK не разделены, а в синодальном тексте это разные стихи (надписание — Пс 91:1; стих 1 — Пс 91:2)	src-tsk
			Ps.92.1	3	12	good	Ps.147.1	исходный стих: надписание псалма: группы надписания и стиха 1 в записи TSK не разделены, а в синодальном тексте это разные стихи (надписание — Пс 91:1; стих 1 — Пс 91:2)	src-tsk
			Ps.92.1	3	13	good	Eph.5.19	исходный стих: надписание псалма: группы надписания и стиха 1 в записи TSK не разделены, а в синодальном тексте это разные стихи (надписание — Пс 91:1; стих 1 — Пс 91:2)	src-tsk
			Ps.92.1	3	14	good	Heb.13.15	исходный стих: надписание псалма: группы надписания и стиха 1 в записи TSK не разделены, а в синодальном тексте это разные стихи (надписание — Пс 91:1; стих 1 — Пс 91:2)	src-tsk
			Ps.92.1	4	1	most	Ps.92.8	исходный стих: надписание псалма: группы надписания и стиха 1 в записи TSK не разделены, а в синодальном тексте это разные стихи (надписание — Пс 91:1; стих 1 — Пс 91:2)	src-tsk
			Ps.92.1	4	2	most	Ps.82.6	исходный стих: надписание псалма: группы надписания и стиха 1 в записи TSK не разделены, а в синодальном тексте это разные стихи (надписание — Пс 91:1; стих 1 — Пс 91:2)	src-tsk
			Ps.92.1	4	3	most	Isa.57.15	исходный стих: надписание псалма: группы надписания и стиха 1 в записи TSK не разделены, а в синодальном тексте это разные стихи (надписание — Пс 91:1; стих 1 — Пс 91:2)	src-tsk
			Ps.92.1	4	4	most	Dan.4.34-Dan.4.37	исходный стих: надписание псалма: группы надписания и стиха 1 в записи TSK не разделены, а в синодальном тексте это разные стихи (надписание — Пс 91:1; стих 1 — Пс 91:2)	src-tsk
			Ps.92.1	4	5	most	Dan.5.18	исходный стих: надписание псалма: группы надписания и стиха 1 в записи TSK не разделены, а в синодальном тексте это разные стихи (надписание — Пс 91:1; стих 1 — Пс 91:2)	src-tsk
			Ps.92.1	4	6	most	Acts.7.48	исходный стих: надписание псалма: группы надписания и стиха 1 в записи TSK не разделены, а в синодальном тексте это разные стихи (надписание — Пс 91:1; стих 1 — Пс 91:2)	src-tsk
			Ps.92.1	4	7	most	Acts.7.49	исходный стих: надписание псалма: группы надписания и стиха 1 в записи TSK не разделены, а в синодальном тексте это разные стихи (надписание — Пс 91:1; стих 1 — Пс 91:2)	src-tsk
			Ps.102.1	2	1	of	Ps.12.5	исходный стих: надписание псалма: группы надписания и стиха 1 в записи TSK не разделены, а в синодальном тексте это разные стихи (надписание — Пс 101:1; стих 1 — Пс 101:2)	src-tsk
			Ps.102.1	2	2	of	Ps.61.2	исходный стих: надписание псалма: группы надписания и стиха 1 в записи TSK не разделены, а в синодальном тексте это разные стихи (надписание — Пс 101:1; стих 1 — Пс 101:2)	src-tsk
			Ps.102.1	2	3	of	Ps.69.1	исходный стих: надписание псалма: группы надписания и стиха 1 в записи TSK не разделены, а в синодальном тексте это разные стихи (надписание — Пс 101:1; стих 1 — Пс 101:2)	src-tsk
			Ps.102.1	2	4	of	Ps.69.2	исходный стих: надписание псалма: группы надписания и стиха 1 в записи TSK не разделены, а в синодальном тексте это разные стихи (надписание — Пс 101:1; стих 1 — Пс 101:2)	src-tsk
			Ps.102.1	2	5	of	Ps.142.2	исходный стих: надписание псалма: группы надписания и стиха 1 в записи TSK не разделены, а в синодальном тексте это разные стихи (надписание — Пс 101:1; стих 1 — Пс 101:2)	src-tsk
			Ps.102.1	2	6	of	Ps.142.3	исходный стих: надписание псалма: группы надписания и стиха 1 в записи TSK не разделены, а в синодальном тексте это разные стихи (надписание — Пс 101:1; стих 1 — Пс 101:2)	src-tsk
			Ps.102.1	2	7	of	Ps.143.4	исходный стих: надписание псалма: группы надписания и стиха 1 в записи TSK не разделены, а в синодальном тексте это разные стихи (надписание — Пс 101:1; стих 1 — Пс 101:2)	src-tsk
			Ps.102.1	2	8	of	Lam.3.18-Lam.3.20	исходный стих: надписание псалма: группы надписания и стиха 1 в записи TSK не разделены, а в синодальном тексте это разные стихи (надписание — Пс 101:1; стих 1 — Пс 101:2)	src-tsk
			Ps.102.1	2	9	of	Mark.14.33	исходный стих: надписание псалма: группы надписания и стиха 1 в записи TSK не разделены, а в синодальном тексте это разные стихи (надписание — Пс 101:1; стих 1 — Пс 101:2)	src-tsk
			Ps.102.1	2	10	of	Mark.14.34	исходный стих: надписание псалма: группы надписания и стиха 1 в записи TSK не разделены, а в синодальном тексте это разные стихи (надписание — Пс 101:1; стих 1 — Пс 101:2)	src-tsk
			Ps.102.1	2	11	of	Luke.22.44	исходный стих: надписание псалма: группы надписания и стиха 1 в записи TSK не разделены, а в синодальном тексте это разные стихи (надписание — Пс 101:1; стих 1 — Пс 101:2)	src-tsk
			Ps.102.1	2	12	of	Heb.5.7	исходный стих: надписание псалма: группы надписания и стиха 1 в записи TSK не разделены, а в синодальном тексте это разные стихи (надписание — Пс 101:1; стих 1 — Пс 101:2)	src-tsk
			Ps.102.1	3	1	poureth	Ps.42.4	исходный стих: надписание псалма: группы надписания и стиха 1 в записи TSK не разделены, а в синодальном тексте это разные стихи (надписание — Пс 101:1; стих 1 — Пс 101:2)	src-tsk
			Ps.102.1	3	2	poureth	Ps.62.8	исходный стих: надписание псалма: группы надписания и стиха 1 в записи TSK не разделены, а в синодальном тексте это разные стихи (надписание — Пс 101:1; стих 1 — Пс 101:2)	src-tsk
			Ps.102.1	3	3	poureth	Ps.77.3	исходный стих: надписание псалма: группы надписания и стиха 1 в записи TSK не разделены, а в синодальном тексте это разные стихи (надписание — Пс 101:1; стих 1 — Пс 101:2)	src-tsk
			Ps.102.1	3	4	poureth	Ps.142.2	исходный стих: надписание псалма: группы надписания и стиха 1 в записи TSK не разделены, а в синодальном тексте это разные стихи (надписание — Пс 101:1; стих 1 — Пс 101:2)	src-tsk
			Ps.102.1	3	5	poureth	1Sam.1.15	исходный стих: надписание псалма: группы надписания и стиха 1 в записи TSK не разделены, а в синодальном тексте это разные стихи (надписание — Пс 101:1; стих 1 — Пс 101:2)	src-tsk
			Ps.102.1	3	6	poureth	1Sam.1.16	исходный стих: надписание псалма: группы надписания и стиха 1 в записи TSK не разделены, а в синодальном тексте это разные стихи (надписание — Пс 101:1; стих 1 — Пс 101:2)	src-tsk
			Ps.102.1	4	1	Hear	Ps.5.2	исходный стих: надписание псалма: группы надписания и стиха 1 в записи TSK не разделены, а в синодальном тексте это разные стихи (надписание — Пс 101:1; стих 1 — Пс 101:2)	src-tsk
			Ps.102.1	4	2	Hear	Ps.55.1-Ps.55.5	исходный стих: надписание псалма: группы надписания и стиха 1 в записи TSK не разделены, а в синодальном тексте это разные стихи (надписание — Пс 101:1; стих 1 — Пс 101:2)	src-tsk
			Ps.102.1	4	3	Hear	Ps.57.1-Ps.57.3	исходный стих: надписание псалма: группы надписания и стиха 1 в записи TSK не разделены, а в синодальном тексте это разные стихи (надписание — Пс 101:1; стих 1 — Пс 101:2)	src-tsk
			Ps.102.1	4	4	Hear	Ps.130.1	исходный стих: надписание псалма: группы надписания и стиха 1 в записи TSK не разделены, а в синодальном тексте это разные стихи (надписание — Пс 101:1; стих 1 — Пс 101:2)	src-tsk
			Ps.102.1	4	5	Hear	Ps.130.2	исходный стих: надписание псалма: группы надписания и стиха 1 в записи TSK не разделены, а в синодальном тексте это разные стихи (надписание — Пс 101:1; стих 1 — Пс 101:2)	src-tsk
			Ps.102.1	4	6	Hear	Ps.41.1	исходный стих: надписание псалма: группы надписания и стиха 1 в записи TSK не разделены, а в синодальном тексте это разные стихи (надписание — Пс 101:1; стих 1 — Пс 101:2)	src-tsk
			Ps.102.1	4	7	Hear	Ps.41.2	исходный стих: надписание псалма: группы надписания и стиха 1 в записи TSK не разделены, а в синодальном тексте это разные стихи (надписание — Пс 101:1; стих 1 — Пс 101:2)	src-tsk
			Ps.102.1	4	8	Hear	Ps.143.7	исходный стих: надписание псалма: группы надписания и стиха 1 в записи TSK не разделены, а в синодальном тексте это разные стихи (надписание — Пс 101:1; стих 1 — Пс 101:2)	src-tsk
			Ps.102.1	4	9	Hear	Ps.145.19	исходный стих: надписание псалма: группы надписания и стиха 1 в записи TSK не разделены, а в синодальном тексте это разные стихи (надписание — Пс 101:1; стих 1 — Пс 101:2)	src-tsk
			Ps.102.1	5	1	let my	Ps.18.6	исходный стих: надписание псалма: группы надписания и стиха 1 в записи TSK не разделены, а в синодальном тексте это разные стихи (надписание — Пс 101:1; стих 1 — Пс 101:2)	src-tsk
			Ps.102.1	5	2	let my	Exod.2.23	исходный стих: надписание псалма: группы надписания и стиха 1 в записи TSK не разделены, а в синодальном тексте это разные стихи (надписание — Пс 101:1; стих 1 — Пс 101:2)	src-tsk
			Ps.102.1	5	3	let my	Judg.10.16	исходный стих: надписание псалма: группы надписания и стиха 1 в записи TSK не разделены, а в синодальном тексте это разные стихи (надписание — Пс 101:1; стих 1 — Пс 101:2)	src-tsk
			Ps.102.1	5	4	let my	1Sam.9.16	исходный стих: надписание псалма: группы надписания и стиха 1 в записи TSK не разделены, а в синодальном тексте это разные стихи (надписание — Пс 101:1; стих 1 — Пс 101:2)	src-tsk
			Ps.102.1	5	5	let my	2Chr.30.27	исходный стих: надписание псалма: группы надписания и стиха 1 в записи TSK не разделены, а в синодальном тексте это разные стихи (надписание — Пс 101:1; стих 1 — Пс 101:2)	src-tsk
			Ps.102.1	5	6	let my	Lam.3.8	исходный стих: надписание псалма: группы надписания и стиха 1 в записи TSK не разделены, а в синодальном тексте это разные стихи (надписание — Пс 101:1; стих 1 — Пс 101:2)	src-tsk
			Ps.102.1	5	7	let my	Lam.3.44	исходный стих: надписание псалма: группы надписания и стиха 1 в записи TSK не разделены, а в синодальном тексте это разные стихи (надписание — Пс 101:1; стих 1 — Пс 101:2)	src-tsk
			Ps.108.1	1	1	(Title.)This Psalm is composed of two Psalms; ver	Ps.68.1	исходный стих: надписание псалма: группы надписания и стиха 1 в записи TSK не разделены, а в синодальном тексте это разные стихи (надписание — Пс 107:1; стих 1 — Пс 107:2)	src-tsk
			Ps.108.1	2	1	my heart	Ps.57.7-Ps.57.11	исходный стих: надписание псалма: группы надписания и стиха 1 в записи TSK не разделены, а в синодальном тексте это разные стихи (надписание — Пс 107:1; стих 1 — Пс 107:2)	src-tsk
			Ps.108.1	3	1	I will	Ps.30.12	исходный стих: надписание псалма: группы надписания и стиха 1 в записи TSK не разделены, а в синодальном тексте это разные стихи (надписание — Пс 107:1; стих 1 — Пс 107:2)	src-tsk
			Ps.108.1	3	2	I will	Ps.34.1	исходный стих: надписание псалма: группы надписания и стиха 1 в записи TSK не разделены, а в синодальном тексте это разные стихи (надписание — Пс 107:1; стих 1 — Пс 107:2)	src-tsk
			Ps.108.1	3	3	I will	Ps.104.33	исходный стих: надписание псалма: группы надписания и стиха 1 в записи TSK не разделены, а в синодальном тексте это разные стихи (надписание — Пс 107:1; стих 1 — Пс 107:2)	src-tsk
			Ps.108.1	3	4	I will	Ps.138.1	исходный стих: надписание псалма: группы надписания и стиха 1 в записи TSK не разделены, а в синодальном тексте это разные стихи (надписание — Пс 107:1; стих 1 — Пс 107:2)	src-tsk
			Ps.108.1	3	5	I will	Ps.145.1	исходный стих: надписание псалма: группы надписания и стиха 1 в записи TSK не разделены, а в синодальном тексте это разные стихи (надписание — Пс 107:1; стих 1 — Пс 107:2)	src-tsk
			Ps.108.1	3	6	I will	Ps.145.2	исходный стих: надписание псалма: группы надписания и стиха 1 в записи TSK не разделены, а в синодальном тексте это разные стихи (надписание — Пс 107:1; стих 1 — Пс 107:2)	src-tsk
			Ps.108.1	3	7	I will	Ps.146.1	исходный стих: надписание псалма: группы надписания и стиха 1 в записи TSK не разделены, а в синодальном тексте это разные стихи (надписание — Пс 107:1; стих 1 — Пс 107:2)	src-tsk
			Ps.108.1	3	8	I will	Ps.146.2	исходный стих: надписание псалма: группы надписания и стиха 1 в записи TSK не разделены, а в синодальном тексте это разные стихи (надписание — Пс 107:1; стих 1 — Пс 107:2)	src-tsk
			Ps.108.1	3	9	I will	Exod.15.1	исходный стих: надписание псалма: группы надписания и стиха 1 в записи TSK не разделены, а в синодальном тексте это разные стихи (надписание — Пс 107:1; стих 1 — Пс 107:2)	src-tsk
			Ps.108.1	4	1	my glory	Ps.16.9	исходный стих: надписание псалма: группы надписания и стиха 1 в записи TSK не разделены, а в синодальном тексте это разные стихи (надписание — Пс 107:1; стих 1 — Пс 107:2)	src-tsk
			Ps.108.1	4	2	my glory	Ps.71.8	исходный стих: надписание псалма: группы надписания и стиха 1 в записи TSK не разделены, а в синодальном тексте это разные стихи (надписание — Пс 107:1; стих 1 — Пс 107:2)	src-tsk
			Ps.108.1	4	3	my glory	Ps.71.15	исходный стих: надписание псалма: группы надписания и стиха 1 в записи TSK не разделены, а в синодальном тексте это разные стихи (надписание — Пс 107:1; стих 1 — Пс 107:2)	src-tsk
			Ps.108.1	4	4	my glory	Ps.71.23	исходный стих: надписание псалма: группы надписания и стиха 1 в записи TSK не разделены, а в синодальном тексте это разные стихи (надписание — Пс 107:1; стих 1 — Пс 107:2)	src-tsk
			Ps.108.1	4	5	my glory	Ps.71.24	исходный стих: надписание псалма: группы надписания и стиха 1 в записи TSK не разделены, а в синодальном тексте это разные стихи (надписание — Пс 107:1; стих 1 — Пс 107:2)	src-tsk
			Ps.108.1	4	6	my glory	Ps.145.21	исходный стих: надписание псалма: группы надписания и стиха 1 в записи TSK не разделены, а в синодальном тексте это разные стихи (надписание — Пс 107:1; стих 1 — Пс 107:2)	src-tsk
Пс	108	31	Ps.109.31	3	8	to save	5:30	перенос строки в источнике: книга неясна	src-tsk
Пс	108	31	Ps.109.31	3	9	to save	31	перенос строки в источнике: книга неясна	src-tsk
			Ps.116.9	1	1	walk	Ps.61.7	исходный стих: синодальный стих Пс 114:9 пуст в нашем тексте (tools/bible/source-issues.tsv)	src-tsk
			Ps.116.9	1	2	walk	Gen.17.1	исходный стих: синодальный стих Пс 114:9 пуст в нашем тексте (tools/bible/source-issues.tsv)	src-tsk
			Ps.116.9	1	3	walk	1Kgs.2.4	исходный стих: синодальный стих Пс 114:9 пуст в нашем тексте (tools/bible/source-issues.tsv)	src-tsk
			Ps.116.9	1	4	walk	1Kgs.8.25	исходный стих: синодальный стих Пс 114:9 пуст в нашем тексте (tools/bible/source-issues.tsv)	src-tsk
			Ps.116.9	1	5	walk	1Kgs.9.4	исходный стих: синодальный стих Пс 114:9 пуст в нашем тексте (tools/bible/source-issues.tsv)	src-tsk
			Ps.116.9	1	6	walk	Luke.1.6	исходный стих: синодальный стих Пс 114:9 пуст в нашем тексте (tools/bible/source-issues.tsv)	src-tsk
			Ps.116.9	1	7	walk	Luke.1.75	исходный стих: синодальный стих Пс 114:9 пуст в нашем тексте (tools/bible/source-issues.tsv)	src-tsk
			Ps.116.9	2	1	in the land	Ps.27.13	исходный стих: синодальный стих Пс 114:9 пуст в нашем тексте (tools/bible/source-issues.tsv)	src-tsk
			Ps.116.9	2	2	in the land	Isa.53.8	исходный стих: синодальный стих Пс 114:9 пуст в нашем тексте (tools/bible/source-issues.tsv)	src-tsk
Пс	131	1	Ps.132.1	3	1	all his afflictions	1Sam.18.1-1Sam.30.31	в диапазоне: один стих KJV — несколько синодальных: 1Цар 20:42, 1Цар 20:43	src-tsk
Еккл	6	8	Eccl.6.8	2	3	the poor	Ps.116.9	синодальный стих Пс 114:9 пуст в нашем тексте (tools/bible/source-issues.tsv)	src-tsk
Еккл	8	16	Eccl.8.16	1	2	When I	7	голый номер после «;»: глава неясна	src-tsk
			Song.1.1	1	1	song	Ps.14.1	исходный стих: у стиха KJV нет синодальной пары в таблице	src-tsk
			Song.1.1	1	3	song	Isa.5.1	исходный стих: у стиха KJV нет синодальной пары в таблице	src-tsk
			Song.1.1	2	1	Solomon's	1Kgs.4.32	исходный стих: у стиха KJV нет синодальной пары в таблице	src-tsk
Песн	2	4	Song.2.4	2	1	banqueting house	Song.1.1	у стиха KJV нет синодальной пары в таблице	src-tsk
Песн	5	6	Song.5.6	3	9	I sought	58:2:4	адрес не разобран	src-tsk
Песн	5	6	Song.5.6	3	10	I sought	7-9	номер без главы после названия книги	src-tsk
Ис	38	11	Isa.38.11	1	8		Ps.116.9	синодальный стих Пс 114:9 пуст в нашем тексте (tools/bible/source-issues.tsv)	src-tsk
Ис	44	9	Isa.44.9	2	9	and their	1Kgs.18.26-1Kgs.18.40	в диапазоне: один стих KJV — несколько синодальных: 3Цар 18:33, 3Цар 18:34	src-tsk
Иер	2	20	Jer.2.20	2	6	and thou saidst	Josh.24.26-Josh.24.24	конец диапазона раньше начала	src-tsk
Иер	11	19	Jer.11.19	4	4	from	Ps.116.9	синодальный стих Пс 114:9 пуст в нашем тексте (tools/bible/source-issues.tsv)	src-tsk
Иер	14	15	Jer.14.15	1	11	Sword and famine shall not	31	голый номер после «;»: глава неясна	src-tsk
Иер	25	22	Jer.25.22	1	3	Tyrus	26:1-28:1-19	адрес не разобран	src-tsk
Иер	42	5	Jer.42.5	1	6	The Lord be	1Sam.20.42	один стих KJV — несколько синодальных: 1Цар 20:42, 1Цар 20:43	src-tsk
Иер	46	5	Jer.46.5	3	5	fear	10	перенос строки в источнике: глава неясна	src-tsk
Иер	49	23	Jer.49.23	1	9	Damascus	2Cor.11.32	у стиха KJV нет синодальной пары в таблице	src-tsk
Иез	32	23	Ezek.32.23	3	4	terror	Ps.116.9	синодальный стих Пс 114:9 пуст в нашем тексте (tools/bible/source-issues.tsv)	src-tsk
Иез	43	18	Ezek.43.18	1	7	to offer	Heb.9.21-Heb.9.13	конец диапазона раньше начала	src-tsk
Дан	1	20	Dan.1.20	3	2	the magicians	Dan.2.21-Dan.2.13	конец диапазона раньше начала	src-tsk
Дан	3	19	Dan.3.19	5	1	than	1Kgs.18.33-1Kgs.18.35	один стих KJV — несколько синодальных: 3Цар 18:33, 3Цар 18:34	src-tsk
Дан	4	10	Dan.4.13	1	4	in the	17	перенос строки в источнике: глава неясна	src-tsk
Ос	2	13	Hos.2.13	2	8	the days	1Kgs.18.18-1Kgs.18.40	в диапазоне: один стих KJV — несколько синодальных: 3Цар 18:33, 3Цар 18:34	src-tsk
Ос	4	6	Hos.4.6	5	8	seeing	1:6	перенос строки в источнике: книга неясна	src-tsk
Ос	12	10	Hos.12.10	1	4	have also	1Kgs.18.21-1Kgs.18.40	в диапазоне: один стих KJV — несколько синодальных: 3Цар 18:33, 3Цар 18:34	src-tsk
Ион	1	3	Jonah.1.3	1	10	to flee	26:19	перенос строки в источнике: книга неясна	src-tsk
Зах	10	9	Zech.10.9	1	11	sow	Acts.14.1-Acts.21.16	в диапазоне: таблица неполна: KJV 19:41 — конец Деян 19:40; строки в таблице нет	src-tsk
Мф	4	4	Matt.4.4	3	15	but	31-59	голый номер после «;»: глава неясна	src-tsk
Мф	7	24	Matt.7.24	1	6	whosoever	28-32	голый номер после «;»: глава неясна	src-tsk
Мф	10	12	Matt.10.12	1	5	salute it	3John.1.14	один стих KJV — несколько синодальных: 3Ин 1:14, 3Ин 1:15	src-tsk
Мк	1	40	Mark.1.40	2	1	a leper	Lev.13.1-Lev.14.57	в диапазоне: таблица неполна: Лев 14:55 = KJV 14:55–56, Лев 14:56 = KJV 14:57 (по тексту); строки в таблице нет	src-tsk
Мк	5	34	Mark.5.34	3	2	go	1Sam.20.42	один стих KJV — несколько синодальных: 1Цар 20:42, 1Цар 20:43	src-tsk
Мк	6	1	Mark.6.1	1	1	and came	Matt.13.54-Matt.13.4	конец диапазона раньше начала	src-tsk
Мк	9	2	Mark.9.2	3	3	an high	1Kgs.18.33	один стих KJV — несколько синодальных: 3Цар 18:33, 3Цар 18:34	src-tsk
Мк	16	20	Mark.16.20	1	1	they went	Acts.2.1-Acts.28.31	в диапазоне: таблица неполна: KJV 19:41 — конец Деян 19:40; строки в таблице нет	src-tsk
Лк	5	12	Luke.5.12	2	3	full	Lev.13.1-Lev.14.57	в диапазоне: таблица неполна: Лев 14:55 = KJV 14:55–56, Лев 14:56 = KJV 14:57 (по тексту); строки в таблице нет	src-tsk
Лк	7	36	Luke.7.36	1	1	one	Matt.26.6-Matt.26.5	конец диапазона раньше начала	src-tsk
Ин	1	51	John.1.51	3	12	and the	-9	адрес не разобран	src-tsk
Деян	1	13	Acts.1.13	2	26	Peter	3John.1.1-3John.1.14	в диапазоне: один стих KJV — несколько синодальных: 3Ин 1:14, 3Ин 1:15	src-tsk
Деян	7	5	Acts.7.5	3	12	yet	9:5	перенос строки в источнике: книга неясна	src-tsk
Деян	7	5	Acts.7.5	3	13	yet	10:11	перенос строки в источнике: книга неясна	src-tsk
Деян	7	5	Acts.7.5	3	14	yet	11:9	перенос строки в источнике: книга неясна	src-tsk
Деян	7	5	Acts.7.5	3	15	yet	34:4	перенос строки в источнике: книга неясна	src-tsk
Деян	9	24	Acts.9.24	1	11	their	2Cor.11.32	у стиха KJV нет синодальной пары в таблице	src-tsk
Деян	15	23	Acts.15.23	2	6	greeting	3John.1.14	один стих KJV — несколько синодальных: 3Ин 1:14, 3Ин 1:15	src-tsk
Деян	16	22	Acts.16.22	1	3	the multitude	Acts.19.28-Acts.19.41	в диапазоне: таблица неполна: KJV 19:41 — конец Деян 19:40; строки в таблице нет	src-tsk
Деян	16	36	Acts.16.36	1	5	and go	1Sam.20.42	один стих KJV — несколько синодальных: 1Цар 20:42, 1Цар 20:43	src-tsk
Деян	17	10	Acts.17.10	1	8	the brethren	1Sam.20.42	один стих KJV — несколько синодальных: 1Цар 20:42, 1Цар 20:43	src-tsk
			Acts.19.41	1	1	when	Prov.15.1	исходный стих: таблица неполна: KJV 19:41 — конец Деян 19:40; строки в таблице нет	src-tsk
			Acts.19.41	1	2	when	Prov.15.2	исходный стих: таблица неполна: KJV 19:41 — конец Деян 19:40; строки в таблице нет	src-tsk
			Acts.19.41	1	3	when	Eccl.9.17	исходный стих: таблица неполна: KJV 19:41 — конец Деян 19:40; строки в таблице нет	src-tsk
			Acts.19.41	2	1	he dismissed	Ps.65.7	исходный стих: таблица неполна: KJV 19:41 — конец Деян 19:40; строки в таблице нет	src-tsk
			Acts.19.41	2	2	he dismissed	2Cor.1.8-2Cor.1.10	исходный стих: таблица неполна: KJV 19:41 — конец Деян 19:40; строки в таблице нет	src-tsk
Деян	20	1	Acts.20.1	1	1	after	Acts.19.23-Acts.19.41	в диапазоне: таблица неполна: KJV 19:41 — конец Деян 19:40; строки в таблице нет	src-tsk
Деян	20	1	Acts.20.1	2	7	embraced	1Sam.20.42	один стих KJV — несколько синодальных: 1Цар 20:42, 1Цар 20:43	src-tsk
Деян	20	1	Acts.20.1	2	10	embraced	2Cor.13.12	у стиха KJV нет синодальной пары в таблице	src-tsk
Деян	20	37	Acts.20.37	3	3	kissed	2Cor.13.12	у стиха KJV нет синодальной пары в таблице	src-tsk
Деян	21	1	Acts.21.1	1	4	we were	1Sam.20.42	один стих KJV — несколько синодальных: 1Цар 20:42, 1Цар 20:43	src-tsk
Деян	21	31	Acts.21.31	1	5	as	2Cor.11.23-2Cor.11.33	в диапазоне: у стиха KJV нет синодальной пары в таблице	src-tsk
Деян	23	21	Acts.23.21	2	9	for	2Cor.11.32	у стиха KJV нет синодальной пары в таблице	src-tsk
Деян	23	26	Acts.23.26	2	3	greeting	3John.1.14	один стих KJV — несколько синодальных: 3Ин 1:14, 3Ин 1:15	src-tsk
Деян	26	17	Acts.26.17	1	14	Delivering	Acts.19.28-Acts.19.41	в диапазоне: таблица неполна: KJV 19:41 — конец Деян 19:40; строки в таблице нет	src-tsk
Рим	6	11	Rom.6.11	4	3	through	Rom.16.27	стих KJV — часть синодального Рим 14:26 (a)	src-tsk
Рим	11	36	Rom.11.36	2	1	to whom	Rom.16.27	стих KJV — часть синодального Рим 14:26 (a)	src-tsk
Рим	16	16	Rom.16.16	1	3	with	2Cor.13.12	у стиха KJV нет синодальной пары в таблице	src-tsk
			Rom.16.27	1	1	God	Rom.11.36	исходный стих: стих KJV — часть синодального Рим 14:26 (a)	src-tsk
			Rom.16.27	1	2	God	Gal.1.4	исходный стих: стих KJV — часть синодального Рим 14:26 (a)	src-tsk
			Rom.16.27	1	3	God	Gal.1.5	исходный стих: стих KJV — часть синодального Рим 14:26 (a)	src-tsk
			Rom.16.27	1	4	God	Eph.3.20	исходный стих: стих KJV — часть синодального Рим 14:26 (a)	src-tsk
			Rom.16.27	1	5	God	Eph.3.21	исходный стих: стих KJV — часть синодального Рим 14:26 (a)	src-tsk
			Rom.16.27	1	6	God	Phil.4.20	исходный стих: стих KJV — часть синодального Рим 14:26 (a)	src-tsk
			Rom.16.27	1	7	God	1Tim.1.17	исходный стих: стих KJV — часть синодального Рим 14:26 (a)	src-tsk
			Rom.16.27	1	8	God	1Tim.6.16	исходный стих: стих KJV — часть синодального Рим 14:26 (a)	src-tsk
			Rom.16.27	1	9	God	2Tim.4.18	исходный стих: стих KJV — часть синодального Рим 14:26 (a)	src-tsk
			Rom.16.27	1	10	God	Heb.13.15	исходный стих: стих KJV — часть синодального Рим 14:26 (a)	src-tsk
			Rom.16.27	1	11	God	Heb.13.21	исходный стих: стих KJV — часть синодального Рим 14:26 (a)	src-tsk
			Rom.16.27	1	12	God	1Pet.2.5	исходный стих: стих KJV — часть синодального Рим 14:26 (a)	src-tsk
			Rom.16.27	1	13	God	1Pet.5.10	исходный стих: стих KJV — часть синодального Рим 14:26 (a)	src-tsk
			Rom.16.27	1	14	God	1Pet.5.11	исходный стих: стих KJV — часть синодального Рим 14:26 (a)	src-tsk
			Rom.16.27	1	15	God	2Pet.3.18	исходный стих: стих KJV — часть синодального Рим 14:26 (a)	src-tsk
			Rom.16.27	1	16	God	Rev.1.5	исходный стих: стих KJV — часть синодального Рим 14:26 (a)	src-tsk
			Rom.16.27	1	17	God	Rev.1.6	исходный стих: стих KJV — часть синодального Рим 14:26 (a)	src-tsk
			Rom.16.27	1	18	God	Rev.4.9-Rev.4.11	исходный стих: стих KJV — часть синодального Рим 14:26 (a)	src-tsk
			Rom.16.27	1	19	God	Rev.5.9-Rev.5.14	исходный стих: стих KJV — часть синодального Рим 14:26 (a)	src-tsk
			Rom.16.27	1	20	God	Rev.7.10-Rev.7.12	исходный стих: стих KJV — часть синодального Рим 14:26 (a)	src-tsk
			Rom.16.27	1	21	God	Rev.19.1-Rev.19.6	исходный стих: стих KJV — часть синодального Рим 14:26 (a)	src-tsk
			Rom.16.27	2	1	only	Rom.11.33	исходный стих: стих KJV — часть синодального Рим 14:26 (a)	src-tsk
			Rom.16.27	2	2	only	Rom.11.34	исходный стих: стих KJV — часть синодального Рим 14:26 (a)	src-tsk
			Rom.16.27	2	3	only	Ps.147.5	исходный стих: стих KJV — часть синодального Рим 14:26 (a)	src-tsk
			Rom.16.27	2	4	only	Eph.1.7	исходный стих: стих KJV — часть синодального Рим 14:26 (a)	src-tsk
			Rom.16.27	2	5	only	Eph.1.8	исходный стих: стих KJV — часть синодального Рим 14:26 (a)	src-tsk
			Rom.16.27	2	6	only	Eph.3.10	исходный стих: стих KJV — часть синодального Рим 14:26 (a)	src-tsk
			Rom.16.27	2	7	only	Col.2.2	исходный стих: стих KJV — часть синодального Рим 14:26 (a)	src-tsk
			Rom.16.27	2	8	only	Col.2.3	исходный стих: стих KJV — часть синодального Рим 14:26 (a)	src-tsk
			Rom.16.27	2	9	only	Jude.1.25	исходный стих: стих KJV — часть синодального Рим 14:26 (a)	src-tsk
1Кор	7	21	1Cor.7.21	3	5	care	21:34	перенос строки в источнике: книга неясна	src-tsk
1Кор	15	32	1Cor.15.32	3	2	Ephesus	Acts.19.23-Acts.19.41	в диапазоне: таблица неполна: KJV 19:41 — конец Деян 19:40; строки в таблице нет	src-tsk
1Кор	16	20	1Cor.16.20	2	1	Greet	2Cor.13.12	у стиха KJV нет синодальной пары в таблице	src-tsk
2Кор	11	26	2Cor.11.26	3	5	in perils by the	Acts.19.23-Acts.19.41	в диапазоне: таблица неполна: KJV 19:41 — конец Деян 19:40; строки в таблице нет	src-tsk
2Кор	11	26	2Cor.11.26	4	1	in perils in the city	2Cor.11.32	у стиха KJV нет синодальной пары в таблице	src-tsk
			2Cor.11.32	1	1	Damascus	2Cor.11.26	исходный стих: у стиха KJV нет синодальной пары в таблице	src-tsk
			2Cor.11.32	1	2	Damascus	Acts.9.24	исходный стих: у стиха KJV нет синодальной пары в таблице	src-tsk
			2Cor.11.32	1	3	Damascus	Acts.9.25	исходный стих: у стиха KJV нет синодальной пары в таблице	src-tsk
			2Cor.13.12	1	1		Rom.16.16	исходный стих: у стиха KJV нет синодальной пары в таблице	src-tsk
			2Cor.13.12	1	2		1Cor.16.20	исходный стих: у стиха KJV нет синодальной пары в таблице	src-tsk
			2Cor.13.12	1	3		1Thess.5.26	исходный стих: у стиха KJV нет синодальной пары в таблице	src-tsk
			2Cor.13.12	1	4		1Pet.5.14	исходный стих: у стиха KJV нет синодальной пары в таблице	src-tsk
2Кор	13	12	2Cor.13.13	1	10		3John.1.14	один стих KJV — несколько синодальных: 3Ин 1:14, 3Ин 1:15	src-tsk
2Кор	13	13	2Cor.13.14	4	4	Amen	Rom.16.27	стих KJV — часть синодального Рим 14:26 (a)	src-tsk
Гал	1	5	Gal.1.5	1	9	whom	Rom.16.27	стих KJV — часть синодального Рим 14:26 (a)	src-tsk
Гал	1	17	Gal.1.17	2	1	returned	2Cor.11.32	у стиха KJV нет синодальной пары в таблице	src-tsk
Еф	1	1	Eph.1.1	4	1	faithful	Acts.19.1-Acts.20.38	в диапазоне: таблица неполна: KJV 19:41 — конец Деян 19:40; строки в таблице нет	src-tsk
Еф	1	9	Eph.1.9	1	5	made	Rom.16.25-Rom.16.27	в диапазоне: стих KJV — часть синодального Рим 14:26 (a)	src-tsk
Еф	3	21	Eph.3.21	1	12	be	Rom.16.27	стих KJV — часть синодального Рим 14:26 (a)	src-tsk
Еф	5	32	Eph.5.32	2	2	speak	Song.1.1-Song.8.14	у стиха KJV нет синодальной пары в таблице	src-tsk
Флп	2	24	Phil.2.24	1	8		3John.1.14	один стих KJV — несколько синодальных: 3Ин 1:14, 3Ин 1:15	src-tsk
Флп	4	20	Phil.4.20	1	7	unto	Rom.16.27	стих KJV — часть синодального Рим 14:26 (a)	src-tsk
Флп	4	22	Phil.4.22	1	5	the	3John.1.14	один стих KJV — несколько синодальных: 3Ин 1:14, 3Ин 1:15	src-tsk
Кол	3	16	Col.3.16	7	5	and spiritual	Song.1.1	у стиха KJV нет синодальной пары в таблице	src-tsk
1Тим	1	6	1Tim.1.6	1	4	From which some having swerved	4:10	перенос строки в источнике: книга неясна	src-tsk
1Тим	1	17	1Tim.1.17	3	1	the only	Rom.16.27	стих KJV — часть синодального Рим 14:26 (a)	src-tsk
1Тим	3	14	1Tim.3.14	1	9	hoping	3John.1.14	один стих KJV — несколько синодальных: 3Ин 1:14, 3Ин 1:15	src-tsk
1Тим	6	16	1Tim.6.16	4	2	to whom	Rom.16.25-Rom.16.27	в диапазоне: стих KJV — часть синодального Рим 14:26 (a)	src-tsk
2Тим	4	18	2Tim.4.18	3	2	to whom	Rom.16.27	стих KJV — часть синодального Рим 14:26 (a)	src-tsk
2Тим	4	21	2Tim.4.21	2	6	and all	3John.1.14	один стих KJV — несколько синодальных: 3Ин 1:14, 3Ин 1:15	src-tsk
Флм	1	22	Phlm.1.22	2	7	for I trust	3John.1.14	один стих KJV — несколько синодальных: 3Ин 1:14, 3Ин 1:15	src-tsk
Евр	13	21	Heb.13.21	7	3	to whom	Rom.16.27	стих KJV — часть синодального Рим 14:26 (a)	src-tsk
1Пет	4	11	1Pet.4.11	7	2	to whom	Rom.16.27	стих KJV — часть синодального Рим 14:26 (a)	src-tsk
1Пет	5	14	1Pet.5.14	1	3	with a	2Cor.13.12	у стиха KJV нет синодальной пары в таблице	src-tsk
			3John.1.14	1	1	face to face	Gen.43.23	исходный стих: один стих KJV — несколько синодальных: 3Ин 1:14, 3Ин 1:15	src-tsk
			3John.1.14	1	2	face to face	Dan.4.1	исходный стих: один стих KJV — несколько синодальных: 3Ин 1:14, 3Ин 1:15	src-tsk
			3John.1.14	1	3	face to face	Gal.5.16	исходный стих: один стих KJV — несколько синодальных: 3Ин 1:14, 3Ин 1:15	src-tsk
			3John.1.14	1	4	face to face	Eph.6.23	исходный стих: один стих KJV — несколько синодальных: 3Ин 1:14, 3Ин 1:15	src-tsk
			3John.1.14	1	5	face to face	1Pet.5.14	исходный стих: один стих KJV — несколько синодальных: 3Ин 1:14, 3Ин 1:15	src-tsk
			3John.1.14	2	1	Our	Rom.16.10	исходный стих: один стих KJV — несколько синодальных: 3Ин 1:14, 3Ин 1:15	src-tsk
			3John.1.14	2	2	Our	Rom.16.11	исходный стих: один стих KJV — несколько синодальных: 3Ин 1:14, 3Ин 1:15	src-tsk
			3John.1.14	4	1	Greet	Rom.16.1-Rom.16.16	исходный стих: один стих KJV — несколько синодальных: 3Ин 1:14, 3Ин 1:15	src-tsk
Иуд	1	24	Jude.1.24	1	6	able	Rom.16.25-Rom.16.27	в диапазоне: стих KJV — часть синодального Рим 14:26 (a)	src-tsk
Иуд	1	25	Jude.1.25	1	4	the only	Rom.16.27	стих KJV — часть синодального Рим 14:26 (a)	src-tsk
Откр	1	11	Rev.1.11	4	3	Ephesus	Acts.19.1-Acts.19.41	в диапазоне: таблица неполна: KJV 19:41 — конец Деян 19:40; строки в таблице нет	src-tsk
Откр	5	13	Rev.5.13	3	9	blessing	Rom.16.27	стих KJV — часть синодального Рим 14:26 (a)	src-tsk
Откр	11	17	Rev.11.17	4	10	thou hast	Ps.102.13-Ps.102.8	конец диапазона раньше начала	src-tsk
