книга	глава	стих	текст в скобках	вид	основание	скобка у нас	надёжность	свидетель B	свидетель C	свидетель E
Быт	1	6	И стало так.	а	B: квадратные; в C (линия 1882, без вставок по греческому) нет	[]	по признакам	[]	absent	absent
Быт	1	8	И увидел Бог, что это хорошо.	а	B: квадратные; в C (линия 1882, без вставок по греческому) нет	[]	по признакам	[]	absent	absent
Быт	1	9	И собралась вода под небом в свои места, и явилась суша.	а	B: квадратные; в C (линия 1882, без вставок по греческому) нет	[]	по признакам	[]	absent	absent
Быт	1	11	по роду и по подобию ее, и	а	B: квадратные; в C (линия 1882, без вставок по греческому) нет	[]	по признакам	[]	absent	absent
Быт	1	12	и по подобию	а	B: квадратные; в C (линия 1882, без вставок по греческому) нет	[]	по признакам	[]	absent	absent
Быт	1	12	плодовитое	а	B: квадратные; в C (линия 1882, без вставок по греческому) нет	[]	по признакам	[]	absent	absent
Быт	1	12	на земле	а	B: квадратные; в C (линия 1882, без вставок по греческому) нет	[]	по признакам	[]	absent	absent
Быт	1	14	для освещения земли и	а	B: квадратные; в C (линия 1882, без вставок по греческому) нет	[]	по признакам	[]	absent	absent
Быт	1	20	И стало так.	а	B: квадратные; в C (линия 1882, без вставок по греческому) нет; в KJV нет	[]	проверено	[]	absent	absent
Быт	1	26	и	а	B: квадратные; в C (линия 1882, без вставок по греческому) нет	[]	по признакам	[]	absent	absent
Быт	1	26	и над зверями,	а	B: квадратные; в C (линия 1882, без вставок по греческому) нет	[]	по признакам	[]	absent	absent
Быт	1	28	и над зверями,	а	B: квадратные; C: без пометы; в KJV нет	[]	проверено	[]	plain	plain
Быт	1	28	и над всяким скотом, и над всею землею,	а	B: квадратные; в C (линия 1882, без вставок по греческому) нет	[]	по признакам	[]	absent	absent
Быт	1	30	гаду,	а	B: квадратные; в C (линия 1882, без вставок по греческому) нет	[]	по признакам	[]	absent	absent
Быт	2	13	Геон	а	B: квадратные; в C (линия 1882, без вставок по греческому) нет	[]	по признакам	[]	absent	absent
Быт	2	14	Тигр	а	B: квадратные; в C (линия 1882, без вставок по греческому) нет	[]	по признакам	[]	absent	absent
Быт	2	15	которого создал,	а	B: квадратные; в C (линия 1882, без вставок по греческому) нет	[]	по признакам	[]	absent	absent
Быт	2	19	их	а	B: квадратные; в C (линия 1882, без вставок по греческому) нет	[]	по признакам	[]	absent	absent
Быт	2	23	своего	а	B: квадратные; в C (линия 1882, без вставок по греческому) нет	[]	по признакам	[]	absent	absent
Быт	2	24	два	а	B: квадратные; в C (линия 1882, без вставок по греческому) нет	[]	по признакам	[]	absent	absent
Быт	3	9	Адам,	а	B: квадратные; в C (линия 1882, без вставок по греческому) нет	[]	по признакам	[]	absent	absent
Быт	3	11	Бог	а	B: квадратные; в C (линия 1882, без вставок по греческому) нет	[]	по признакам	[]	absent	absent
Быт	4	6	Бог	а	B: квадратные; в C (линия 1882, без вставок по греческому) нет	[]	по признакам	[]	absent	absent
Быт	4	8	пойдем в поле	а	B: квадратные; в C (линия 1882, без вставок по греческому) нет	[]	по признакам	[]	absent	absent
Быт	4	9	Бог	а	B: квадратные; в C (линия 1882, без вставок по греческому) нет	[]	по признакам	[]	absent	absent
Быт	4	10	Господь	а	B: квадратные; в C (линия 1882, без вставок по греческому) нет	[]	по признакам	[]	absent	absent
Быт	4	13	Богу	а	B: квадратные; в C (линия 1882, без вставок по греческому) нет	[]	по признакам	[]	absent	absent
Быт	4	15	Бог	а	B: квадратные; в C (линия 1882, без вставок по греческому) нет	[]	по признакам	[]	absent	absent
Быт	4	15	Бог	а	B: квадратные; в C (линия 1882, без вставок по греческому) нет	[]	по признакам	[]	absent	absent
Быт	4	18	Гаидад	а	B: квадратные; в C (линия 1882, без вставок по греческому) нет	[]	по признакам	[]	absent	absent
Быт	4	18	Малелеила	а	B: квадратные; в C (линия 1882, без вставок по греческому) нет	[]	по признакам	[]	absent	absent
Быт	4	19	Селла	а	B: квадратные; в C (линия 1882, без вставок по греческому) нет	[]	по признакам	[]	absent	absent
Быт	4	22	Фовела	а	B: квадратные; в C (линия 1882, без вставок по греческому) нет	[]	по признакам	[]	absent	absent
Быт	4	25	Еву,	а	B: квадратные; в C (линия 1882, без вставок по греческому) нет	[]	по признакам	[]	absent	absent
Быт	4	25	говорила она,	в	B: квадратные; C (линия 1882): курсив — слово для связности, которого нет в еврейском	[]	по признакам	[]	i	[]
Быт	4	26	Бога	а	B: квадратные; в C (линия 1882, без вставок по греческому) нет	[]	по признакам	[]	absent	absent
Быт	5	3	230	а	B: квадратные; в C (линия 1882, без вставок по греческому) нет	[]	по признакам	[]	absent	absent
Быт	5	3	сына	в	B: квадратные; C (линия 1882): курсив — слово для связности, которого нет в еврейском	[]	по признакам	[]	i	[]
Быт	5	3	и	а	B: квадратные; в C (линия 1882, без вставок по греческому) нет	[]	по признакам	[]	absent	absent
Быт	5	4	700	а	B: квадратные; в C (линия 1882, без вставок по греческому) нет	[]	по признакам	[]	absent	absent
Быт	5	6	205	а	B: квадратные; в C (линия 1882, без вставок по греческому) нет	[]	по признакам	[]	absent	absent
Быт	5	7	707	а	B: квадратные; в C (линия 1882, без вставок по греческому) нет	[]	по признакам	[]	absent	absent
Быт	5	9	190	а	B: квадратные; в C (линия 1882, без вставок по греческому) нет	[]	по признакам	[]	absent	absent
Быт	5	10	715	а	B: квадратные; в C (линия 1882, без вставок по греческому) нет	[]	по признакам	[]	absent	absent
Быт	5	12	170	а	B: квадратные; в C (линия 1882, без вставок по греческому) нет	[]	по признакам	[]	absent	absent
Быт	5	13	740	а	B: квадратные; в C (линия 1882, без вставок по греческому) нет	[]	по признакам	[]	absent	absent
Быт	5	15	165	а	B: квадратные; в C (линия 1882, без вставок по греческому) нет	[]	по признакам	[]	absent	absent
Быт	5	16	730	а	B: квадратные; в C (линия 1882, без вставок по греческому) нет	[]	по признакам	[]	absent	absent
Быт	5	21	165	а	B: квадратные; в C (линия 1882, без вставок по греческому) нет	[]	по признакам	[]	absent	absent
Быт	5	22	200	а	B: квадратные; в C (линия 1882, без вставок по греческому) нет	[]	по признакам	[]	absent	absent
Быт	5	28	188	а	B: квадратные; в C (линия 1882, без вставок по греческому) нет	[]	по признакам	[]	absent	absent
Быт	5	29	Бог	а	B: квадратные; в C (линия 1882, без вставок по греческому) нет	[]	по признакам	[]	absent	absent
Быт	5	30	565	а	B: квадратные; в C (линия 1882, без вставок по греческому) нет	[]	по признакам	[]	absent	absent
Быт	5	31	753	а	B: квадратные; в C (линия 1882, без вставок по греческому) нет	[]	по признакам	[]	absent	absent
Быт	5	32	трех сынов	а	B: квадратные; в C (линия 1882, без вставок по греческому) нет	[]	по признакам	[]	absent	absent
Быт	6	3	Бог	а	B: квадратные; в C (линия 1882, без вставок по греческому) нет	[]	по признакам	[]	absent	absent
Быт	6	3	сими	а	B: квадратные; в C (линия 1882, без вставок по греческому) нет	[]	по признакам	[]	absent	absent
Быт	6	5	Бог	а	B: квадратные; в C (линия 1882, без вставок по греческому) нет	[]	по признакам	[]	absent	absent
Быт	6	8	Бога	а	B: квадратные; в C (линия 1882, без вставок по греческому) нет; в KJV нет	[]	проверено	[]	absent	absent
Быт	6	12	Господь	а	B: квадратные; в C (линия 1882, без вставок по греческому) нет	[]	по признакам	[]	absent	absent
Быт	6	13	Господь	а	B: квадратные; в C (линия 1882, без вставок по греческому) нет	[]	по признакам	[]	absent	absent
Быт	6	16	жилье	в	B: квадратные; C (линия 1882): курсив — слово для связности, которого нет в еврейском	[]	по признакам	[]	i	[]
Быт	6	19	из всякого скота, и из всех гадов, и	а	B: квадратные; в C (линия 1882, без вставок по греческому) нет	[]	по признакам	[]	absent	absent
Быт	6	20	всех	а	B: квадратные; в C (линия 1882, без вставок по греческому) нет	[]	по признакам	[]	absent	absent
Быт	6	20	всех	а	B: квадратные; в C (линия 1882, без вставок по греческому) нет	[]	по признакам	[]	absent	absent
Быт	6	20	с тобою, мужеского пола и женского	а	B: квадратные; в C (линия 1882, без вставок по греческому) нет	[]	по признакам	[]	absent	absent
Быт	6	22	Господь	а	B: квадратные; в C (линия 1882, без вставок по греческому) нет	[]	по признакам	[]	absent	absent
Быт	7	1	Бог	а	B: квадратные; в C (линия 1882, без вставок по греческому) нет	[]	по признакам	[]	absent	absent
Быт	7	3	чистых	а	B: квадратные; в C (линия 1882, без вставок по греческому) нет	[]	по признакам	[]	absent	absent
Быт	7	3	и из всех птиц нечистых по две, мужеского пола и женского,	а	B: квадратные; в C (линия 1882, без вставок по греческому) нет	[]	по признакам	[]	absent	absent
Быт	7	5	Бог	а	B: квадратные; в C (линия 1882, без вставок по греческому) нет	[]	по признакам	[]	absent	absent
Быт	7	8	из птиц чистых и из птиц нечистых, и	а	B: квадратные; в C (линия 1882, без вставок по греческому) нет	[]	по признакам	[]	absent	absent
Быт	7	8	и из зверей	а	B: квадратные; в C (линия 1882, без вставок по греческому) нет; в KJV нет	[]	проверено	[]	absent	absent
Быт	7	9	Господь	а	B: квадратные; в C (линия 1882, без вставок по греческому) нет	[]	по признакам	[]	absent	absent
Быт	7	11	27	а	B: квадратные; в C (линия 1882, без вставок по греческому) нет	[]	по признакам	[]	absent	absent
Быт	7	14	земли	а	B: квадратные; в C (линия 1882, без вставок по греческому) нет	[]	по признакам	[]	absent	absent
Быт	7	15	мужеского пола и женского	а	B: квадратные; в C (линия 1882, без вставок по греческому) нет	[]	по признакам	[]	absent	absent
Быт	7	16	к Ною в ковчег	а	B: квадратные; в C (линия 1882, без вставок по греческому) нет	[]	по признакам	[]	absent	absent
Быт	7	16	Господь	а	B: квадратные; в C (линия 1882, без вставок по греческому) нет	[]	по признакам	[]	absent	absent
Быт	7	16	Бог	а	B: квадратные; в C (линия 1882, без вставок по греческому) нет	[]	по признакам	[]	absent	absent
Быт	7	16	ковчег	а	B: квадратные; в C (линия 1882, без вставок по греческому) нет	[]	по признакам	[]	absent	absent
Быт	7	17	и сорок ночей	а	B: квадратные; в C (линия 1882, без вставок по греческому) нет	[]	по признакам	[]	absent	absent
Быт	7	20	все высокие	а	B: квадратные; в C (линия 1882, без вставок по греческому) нет	[]	по признакам	[]	absent	absent
Быт	7	23	всей	а	B: квадратные; в C (линия 1882, без вставок по греческому) нет	[]	по признакам	[]	absent	absent
Быт	8	1	и о всех птицах, и о всех гадах пресмыкающихся,	а	B: квадратные; в C и KJV нет, в славянском есть; у нас ошибочно круглые	()	проверено	[]	absent	()
Быт	8	7	чтобы видеть, убыла ли вода с земли,	а	B: квадратные; в C (линия 1882, без вставок по греческому) нет	[]	по признакам	[]	absent	absent
Быт	8	12	опять	а	B: квадратные; в C (линия 1882, без вставок по греческому) нет	[]	по признакам	[]	absent	absent
Быт	8	13	жизни Ноевой	а	B: квадратные; в C (линия 1882, без вставок по греческому) нет	[]	по признакам	[]	absent	absent
Быт	8	13	дню	в	B: квадратные; C (линия 1882): курсив — слово для связности, которого нет в еврейском	[]	по признакам	[]	i	[]
Быт	8	15	Господь	а	B: квадратные; в C (линия 1882, без вставок по греческому) нет	[]	по признакам	[]	absent	absent
Быт	8	19	весь скот, и	а	B: квадратные; в C (линия 1882, без вставок по греческому) нет	[]	по признакам	[]	absent	absent
Быт	8	21	Бог	а	B: квадратные; в C (линия 1882, без вставок по греческому) нет	[]	по признакам	[]	absent	absent
Быт	9	1	и обладайте ею	а	B: квадратные; в C (линия 1882, без вставок по греческому) нет	[]	по признакам	[]	absent	absent
Быт	9	2	и весь скот земной,	а	B: квадратные; в C (линия 1882, без вставок по греческому) нет; в KJV нет	[]	проверено	[]	absent	absent
Быт	9	12	Господь	а	B: квадратные; в C (линия 1882, без вставок по греческому) нет	[]	по признакам	[]	absent	absent
Быт	9	13	вечного	а	B: квадратные; в C (линия 1882, без вставок по греческому) нет	[]	по признакам	[]	absent	absent
Быт	9	14	Моя	а	B: квадратные; в C (линия 1882, без вставок по греческому) нет	[]	по признакам	[]	absent	absent
Быт	9	16	Моя	а	B: квадратные; в C (линия 1882, без вставок по греческому) нет	[]	по признакам	[]	absent	absent
Быт	9	16	и между землею	а	B: квадратные; в C (линия 1882, без вставок по греческому) нет	[]	по признакам	[]	absent	absent
Быт	10	2	Елиса,	а	B: квадратные; в C (линия 1882, без вставок по греческому) нет	[]	по признакам	[]	absent	absent
Быт	10	9	Богом	а	B: квадратные; в C (линия 1882, без вставок по греческому) нет	[]	по признакам	[]	absent	absent
Быт	10	9	Богом	а	B: квадратные; в C (линия 1882, без вставок по греческому) нет	[]	по признакам	[]	absent	absent
Быт	10	22	и Каинан	а	B: квадратные; в C (линия 1882, без вставок по греческому) нет	[]	по признакам	[]	absent	absent
Быт	10	24	Каинана, Каинан родил	а	B: квадратные; в C (линия 1882, без вставок по греческому) нет	[]	по признакам	[]	absent	absent
Быт	11	8	и башню	а	B: квадратные; в C (линия 1882, без вставок по греческому) нет	[]	по признакам	[]	absent	absent
Быт	11	11	и умер	а	B: квадратные; в C (линия 1882, без вставок по греческому) нет	[]	по признакам	[]	absent	absent
Быт	11	12	135	а	B: квадратные; в C (линия 1882, без вставок по греческому) нет	[]	по признакам	[]	absent	absent
Быт	11	12	Каинана. По рождении Каинана Арфаксад жил триста тридцать лет и родил сынов и дочерей и умер. Каинан жил сто тридцать лет, и родил	а	B: квадратные; в C (линия 1882, без вставок по греческому) нет	[]	по признакам	[]	absent	absent
Быт	11	13	Каинан	а	B: квадратные; в C (линия 1882, без вставок по греческому) нет	[]	по признакам	[]	absent	absent
Быт	11	13	330	а	B: квадратные; в C (линия 1882, без вставок по греческому) нет	[]	по признакам	[]	absent	absent
Быт	11	13	и умер	а	B: квадратные; в C (линия 1882, без вставок по греческому) нет	[]	по признакам	[]	absent	absent
Быт	11	14	130	а	B: квадратные; в C (линия 1882, без вставок по греческому) нет	[]	по признакам	[]	absent	absent
Быт	11	15	330	а	B: квадратные; в C (линия 1882, без вставок по греческому) нет	[]	по признакам	[]	absent	absent
Быт	11	15	и умер	а	B: квадратные; в C (линия 1882, без вставок по греческому) нет	[]	по признакам	[]	absent	absent
Быт	11	16	134	а	B: квадратные; в C (линия 1882, без вставок по греческому) нет	[]	по признакам	[]	absent	absent
Быт	11	17	370	а	B: квадратные; в C (линия 1882, без вставок по греческому) нет	[]	по признакам	[]	absent	absent
Быт	11	17	и умер	а	B: квадратные; в C (линия 1882, без вставок по греческому) нет	[]	по признакам	[]	absent	absent
Быт	11	18	130	а	B: квадратные; в C (линия 1882, без вставок по греческому) нет	[]	по признакам	[]	absent	absent
Быт	11	19	и умер	а	B: квадратные; в C (линия 1882, без вставок по греческому) нет	[]	по признакам	[]	absent	absent
Быт	11	20	132	а	B: квадратные; в C (линия 1882, без вставок по греческому) нет	[]	по признакам	[]	absent	absent
Быт	11	21	и умер	а	B: квадратные; в C (линия 1882, без вставок по греческому) нет	[]	по признакам	[]	absent	absent
Быт	11	22	130	а	B: квадратные; в C (линия 1882, без вставок по греческому) нет	[]	по признакам	[]	absent	absent
Быт	11	23	и умер	а	B: квадратные; в C (линия 1882, без вставок по греческому) нет	[]	по признакам	[]	absent	absent
Быт	11	24	79	а	B: квадратные; в C (линия 1882, без вставок по греческому) нет	[]	по признакам	[]	absent	absent
Быт	11	25	129	а	B: квадратные; в C (линия 1882, без вставок по греческому) нет	[]	по признакам	[]	absent	absent
Быт	11	25	и умер	а	B: квадратные; в C (линия 1882, без вставок по греческому) нет	[]	по признакам	[]	absent	absent
Быт	11	32	в Харранской земле	а	B: квадратные; в C (линия 1882, без вставок по греческому) нет	[]	по признакам	[]	absent	absent
Быт	12	1	и иди	а	B: квадратные; в C (линия 1882, без вставок по греческому) нет	[]	по признакам	[]	absent	absent
Быт	12	6	по длине ее	а	B: квадратные; в C (линия 1882, без вставок по греческому) нет	[]	по признакам	[]	absent	absent
Быт	12	6	жили	в	B: квадратные; C (линия 1882): курсив — слово для связности, которого нет в еврейском	[]	по признакам	[]	i	[]
Быт	12	7	ему	а	B: квадратные; в C (линия 1882, без вставок по греческому) нет	[]	по признакам	[]	absent	absent
Быт	12	7	Аврам	а	B: квадратные; в C (линия 1882, без вставок по греческому) нет	[]	по признакам	[]	absent	absent
Быт	12	8	явившегося ему	а	B: квадратные; в C (линия 1882, без вставок по греческому) нет	[]	по признакам	[]	absent	absent
Быт	12	19	ее	а	B: квадратные; в C (линия 1882, без вставок по греческому) нет	[]	по признакам	[]	absent	absent
Быт	12	20	и Лота с ним	а	B: квадратные; в C (линия 1882, без вставок по греческому) нет; в KJV нет	[]	проверено	[]	absent	absent
Быт	13	17	и потомству твоему навсегда	а	B: квадратные; в C (линия 1882, без вставок по греческому) нет	[]	по признакам	[]	absent	absent
Быт	14	14	Лот	а	B: квадратные; в C (линия 1882, без вставок по греческому) нет	[]	по признакам	[]	absent	absent
Быт	14	20	Аврам	в	B: квадратные; C (линия 1882): курсив — слово для связности, которого нет в еврейском	[]	по признакам	[]	i	[]
Быт	15	1	ночью	а	B: квадратные; в C (линия 1882, без вставок по греческому) нет	[]	по признакам	[]	absent	absent
Быт	15	1	будет	а	B: квадратные; в C (линия 1882, без вставок по греческому) нет	[]	по признакам	[]	absent	absent
Быт	15	5	ему	а	B: квадратные; в C (линия 1882, без вставок по греческому) нет	[]	по признакам	[]	absent	absent
Быт	15	14	сюда	а	B: квадратные; в C (линия 1882, без вставок по греческому) нет	[]	по признакам	[]	absent	absent
Быт	15	21	Евеев	а	B: квадратные; в C (линия 1882, без вставок по греческому) нет	[]	по признакам	[]	absent	absent
Быт	16	8	ей Ангел Господень	а	B: квадратные; в C (линия 1882, без вставок по греческому) нет	[]	по признакам	[]	absent	absent
Быт	16	13	Агарь	в	B: квадратные; C (линия 1882): курсив — слово для связности, которого нет в еврейском	[]	по признакам	[]	i	[]
Быт	16	15	Аврам	в	B: квадратные; C (линия 1882): курсив — слово для связности, которого нет в еврейском	[]	по признакам	[]	i	[]
Быт	17	10	в роды их	а	B: квадратные; в C (линия 1882, без вставок по греческому) нет	[]	по признакам	[]	absent	absent
Быт	17	14	в восьмой день	а	B: квадратные; в C (линия 1882, без вставок по греческому) нет	[]	по признакам	[]	absent	absent
Быт	17	19	Аврааму	а	B: квадратные; в C (линия 1882, без вставок по греческому) нет	[]	по признакам	[]	absent	absent
Быт	17	19	в том, что Я буду Богом ему и	а	B: квадратные; в C (линия 1882, без вставок по греческому) нет	[]	по признакам	[]	absent	absent
Быт	18	1	свой	а	B: квадратные; в C (линия 1882, без вставок по греческому) нет	[]	по признакам	[]	absent	absent
Быт	18	2	свой	а	B: квадратные; в C (линия 1882, без вставок по греческому) нет	[]	по признакам	[]	absent	absent
Быт	18	5	в путь свой	а	B: квадратные; в C (линия 1882, без вставок по греческому) нет; в KJV нет	[]	проверено	[]	absent	absent
Быт	18	6	ей	а	B: квадратные; в C (линия 1882, без вставок по греческому) нет	[]	по признакам	[]	absent	absent
Быт	18	10	в следующем году	а	B: квадратные; в C (линия 1882, без вставок по греческому) нет	[]	по признакам	[]	absent	absent
Быт	18	13	сама в себе	а	B: квадратные; в C (линия 1882, без вставок по греческому) нет	[]	по признакам	[]	absent	absent
Быт	18	14	будет	а	B: квадратные; в C (линия 1882, без вставок по греческому) нет	[]	по признакам	[]	absent	absent
Быт	18	15	ей	а	B: квадратные; в C (линия 1882, без вставок по греческому) нет	[]	по признакам	[]	absent	absent
Быт	18	16	и Гоморре	а	B: квадратные; в C (линия 1882, без вставок по греческому) нет	[]	по признакам	[]	absent	absent
Быт	18	17	раба Моего	а	B: квадратные; в C (линия 1882, без вставок по греческому) нет	[]	по признакам	[]	absent	absent
Быт	18	19	все	а	B: квадратные; в C (линия 1882, без вставок по греческому) нет	[]	по признакам	[]	absent	absent
Быт	18	23	и с праведником будет то же, что с нечестивым	а	B: квадратные; в C (линия 1882, без вставок по греческому) нет	[]	по признакам	[]	absent	absent
Быт	18	24	всего	а	B: квадратные; в C (линия 1882, без вставок по греческому) нет	[]	по признакам	[]	absent	absent
Быт	18	24	если они находятся	а	B: квадратные; в C (линия 1882, без вставок по греческому) нет	[]	по признакам	[]	absent	absent
Быт	18	26	весь город и	а	B: квадратные; в C (линия 1882, без вставок по греческому) нет	[]	по признакам	[]	absent	absent
Быт	19	7	им	а	B: квадратные; в C (линия 1882, без вставок по греческому) нет	[]	по признакам	[]	absent	absent
Быт	19	9	ему	а	B: квадратные; в C (линия 1882, без вставок по греческому) нет	[]	по признакам	[]	absent	absent
Быт	19	10	дома	а	B: квадратные; в C (линия 1882, без вставок по греческому) нет	[]	по признакам	[]	absent	absent
Быт	19	16	Ангелы	а	B: квадратные; в C (линия 1882, без вставок по греческому) нет	[]	по признакам	[]	absent	absent
Быт	19	20	ради Тебя	а	B: квадратные; в C (линия 1882, без вставок по греческому) нет	[]	по признакам	[]	absent	absent
Быт	19	25	все	а	B: квадратные; в C (линия 1882, без вставок по греческому) нет	[]	по признакам	[]	absent	absent
Быт	19	27	и пошел	в	C: курсив («пошел»); в KJV нет	[]	проверено	[]	plain	plain
Быт	19	29	все	а	B: квадратные; в C (линия 1882, без вставок по греческому) нет	[]	по признакам	[]	absent	absent
Быт	19	33	в ту ночь	а	B: квадратные; в C (линия 1882, без вставок по греческому) нет	[]	по признакам	[]	absent	absent
Быт	19	37	говоря: он от отца моего	а	B: квадратные; в C (линия 1882, без вставок по греческому) нет; в KJV нет	[]	проверено	[]	absent	absent
Быт	19	38	говоря: он сын рода моего	а	B: квадратные; в C (линия 1882, без вставок по греческому) нет; в KJV нет	[]	проверено	[]	absent	absent
Быт	20	2	Ибо он боялся сказать, что это жена его, чтобы жители города того не убили его за нее.	а	B: квадратные; в C (линия 1882, без вставок по греческому) нет	[]	по признакам	[]	absent	absent
Быт	20	4	не знавший сего	а	B: квадратные; в C (линия 1882, без вставок по греческому) нет	[]	по признакам	[]	absent	absent
Быт	20	8	все	а	B: квадратные; в C (линия 1882, без вставок по греческому) нет	[]	по признакам	[]	absent	absent
Быт	20	14	серебра тысячу сиклей и	а	B: квадратные; в C (линия 1882, без вставок по греческому) нет	[]	по признакам	[]	absent	absent
Быт	20	15	Аврааму	а	B: квадратные; в C (линия 1882, без вставок по греческому) нет	[]	по признакам	[]	absent	absent
Быт	21	8	сын его	а	B: квадратные; в C (линия 1882, без вставок по греческому) нет	[]	по признакам	[]	absent	absent
Быт	21	9	над ее сыном, Исааком	а	B: квадратные; в C (линия 1882, без вставок по греческому) нет; в KJV нет	[]	проверено	[]	absent	absent
Быт	21	11	Измаила	а	B: квадратные; в C (линия 1882, без вставок по греческому) нет	[]	по признакам	[]	absent	absent
Быт	21	13	великий	а	B: квадратные; в C (линия 1882, без вставок по греческому) нет	[]	по признакам	[]	absent	absent
Быт	21	16	поодаль	а	B: квадратные; в C (линия 1882, без вставок по греческому) нет	[]	по признакам	[]	absent	absent
Быт	21	16	него	а	B: квадратные; в C (линия 1882, без вставок по греческому) нет	[]	по признакам	[]	absent	absent
Быт	21	17	оттуда, где он был	а	B: квадратные; в C (линия 1882, без вставок по греческому) нет	[]	по признакам	[]	absent	absent
Быт	21	19	живою	а	B: квадратные; в C (линия 1882, без вставок по греческому) нет	[]	по признакам	[]	absent	absent
Быт	21	22	Ахузафом невестоводителем и	а	B: квадратные; в C (линия 1882, без вставок по греческому) нет	[]	по признакам	[]	absent	absent
Быт	21	26	ему	а	B: квадратные; в C (линия 1882, без вставок по греческому) нет	[]	по признакам	[]	absent	absent
Быт	21	29	из стада овец	а	B: квадратные; в C (линия 1882, без вставок по греческому) нет	[]	по признакам	[]	absent	absent
Быт	21	30	Авраам	а	B: квадратные; в C (линия 1882, без вставок по греческому) нет	[]	по признакам	[]	absent	absent
Быт	21	32	Ахузаф, невестоводитель его, и	а	B: квадратные; в C (линия 1882, без вставок по греческому) нет; в KJV нет	[]	проверено	[]	absent	absent
Быт	21	33	Авраам	в	B: квадратные; C (линия 1882): курсив — слово для связности, которого нет в еврейском	[]	по признакам	[]	i	[]
Быт	22	13	Исаака	а	B: квадратные; в C (линия 1882, без вставок по греческому) нет	[]	по признакам	[]	absent	absent
Быт	22	16	для Меня,	а	B: квадратные; в C (линия 1882, без вставок по греческому) нет	[]	по признакам	[]	absent	absent
Быт	22	23	сынов	а	B: квадратные; в C (линия 1882, без вставок по греческому) нет	[]	по признакам	[]	absent	absent
Быт	23	2	который на долине,	а	B: квадратные; в C (линия 1882, без вставок по греческому) нет	[]	по признакам	[]	absent	absent
Быт	23	6	на нем	а	B: квадратные; в C (линия 1882, без вставок по греческому) нет	[]	по признакам	[]	absent	absent
Быт	23	8	Авраам	а	B: квадратные; в C (линия 1882, без вставок по греческому) нет	[]	по признакам	[]	absent	absent
Быт	23	13	всего	а	B: квадратные; в C (линия 1882, без вставок по греческому) нет	[]	по признакам	[]	absent	absent
Быт	24	3	Исааку	а	B: квадратные; в C (линия 1882, без вставок по греческому) нет	[]	по признакам	[]	absent	absent
Быт	24	4	и к племени моему	а	B: квадратные; в C (линия 1882, без вставок по греческому) нет	[]	по признакам	[]	absent	absent
Быт	24	4	оттуда	а	B: квадратные; в C (линия 1882, без вставок по греческому) нет	[]	по признакам	[]	absent	absent
Быт	24	7	и Бог земли	а	B: квадратные; в C (линия 1882, без вставок по греческому) нет	[]	по признакам	[]	absent	absent
Быт	24	7	тебе и	а	B: квадратные; в C (линия 1882, без вставок по греческому) нет	[]	по признакам	[]	absent	absent
Быт	24	7	Исааку	а	B: квадратные; в C (линия 1882, без вставок по греческому) нет	[]	по признакам	[]	absent	absent
Быт	24	8	в землю сию	а	B: квадратные; в C (линия 1882, без вставок по греческому) нет	[]	по признакам	[]	absent	absent
Быт	24	11	воду	а	B: квадратные; в C (линия 1882, без вставок по греческому) нет	[]	по признакам	[]	absent	absent
Быт	24	14	мне	а	B: квадратные; в C (линия 1882, без вставок по греческому) нет	[]	по признакам	[]	absent	absent
Быт	24	14	пока не напьются,	а	B: квадратные; в C (линия 1882, без вставок по греческому) нет; в KJV нет	[]	проверено	[]	absent	absent
Быт	24	14	Авраамом	а	B: квадратные; в C (линия 1882, без вставок по греческому) нет	[]	по признакам	[]	absent	absent
Быт	24	15	в уме своем	а	B: квадратные; в C (линия 1882, без вставок по греческому) нет	[]	по признакам	[]	absent	absent
Быт	24	19	все	а	B: квадратные; в C (линия 1882, без вставок по греческому) нет	[]	по признакам	[]	absent	absent
Быт	24	20	воды	а	B: квадратные; в C (линия 1882, без вставок по греческому) нет	[]	по признакам	[]	absent	absent
Быт	24	23	и спросил ее	а	B: квадратные; в C (линия 1882, без вставок по греческому) нет	[]	по признакам	[]	absent	absent
Быт	24	31	ему	а	B: квадратные; в C (линия 1882, без вставок по греческому) нет	[]	по признакам	[]	absent	absent
Быт	24	36	одного	а	B: квадратные; в C (линия 1882, без вставок по греческому) нет	[]	по признакам	[]	absent	absent
Быт	24	38	оттуда	а	B: квадратные; в C (линия 1882, без вставок по греческому) нет	[]	по признакам	[]	absent	absent
Быт	24	40	Бог	а	B: квадратные; в C (линия 1882, без вставок по греческому) нет	[]	по признакам	[]	absent	absent
Быт	24	43	и дочери жителей города выходят черпать воду,	а	B: квадратные; в C (линия 1882, без вставок по греческому) нет; в KJV нет	[]	проверено	[]	absent	absent
Быт	24	44	рабу Своему Исааку; и по сему узнаю я, что Ты творишь милость с господином моим Авраамом	а	B: квадратные; в C (линия 1882, без вставок по греческому) нет	[]	по признакам	[]	absent	absent
Быт	24	45	воды	а	B: квадратные; в C (линия 1882, без вставок по греческому) нет	[]	по признакам	[]	absent	absent
Быт	24	46	на руку свою	а	B: квадратные; в C (линия 1882, без вставок по греческому) нет; в KJV нет	[]	проверено	[]	absent	absent
Быт	24	46	моих	а	B: квадратные; в C (линия 1882, без вставок по греческому) нет	[]	по признакам	[]	absent	absent
Быт	24	47	скажи мне	а	B: квадратные; в C (линия 1882, без вставок по греческому) нет	[]	по признакам	[]	absent	absent
Быт	24	51	ее	а	B: квадратные; в C (линия 1882, без вставок по греческому) нет	[]	по признакам	[]	absent	absent
Быт	24	54	и я пойду	а	B: квадратные; в C (линия 1882, без вставок по греческому) нет	[]	по признакам	[]	absent	absent
Быт	24	67	Сарре,	а	B: квадратные; в C (линия 1882, без вставок по греческому) нет	[]	по признакам	[]	absent	absent
Быт	25	3	Фемана	а	B: квадратные; в C (линия 1882, без вставок по греческому) нет	[]	по признакам	[]	absent	absent
Быт	25	3	Рагуил, Навдеил,	а	B: квадратные; в C (линия 1882, без вставок по греческому) нет	[]	по признакам	[]	absent	absent
Быт	25	5	сыну своему	а	B: квадратные; в C (линия 1882, без вставок по греческому) нет	[]	по признакам	[]	absent	absent
Быт	25	8	жизнью	в	B: квадратные; C (линия 1882): курсив — слово для связности, которого нет в еврейском	[]	по признакам	[]	i	[]
Быт	25	10	и в пещере	а	B: квадратные; в C (линия 1882, без вставок по греческому) нет	[]	по признакам	[]	absent	absent
Быт	25	21	Ревекке	а	B: квадратные; в C (линия 1882, без вставок по греческому) нет	[]	по признакам	[]	absent	absent
Быт	25	26	от Ревекки	а	B: квадратные; в C (линия 1882, без вставок по греческому) нет	[]	по признакам	[]	absent	absent
Быт	25	31	Исаву	а	B: квадратные; в C (линия 1882, без вставок по греческому) нет	[]	по признакам	[]	absent	absent
Быт	25	33	ему	а	B: квадратные; в C (линия 1882, без вставок по греческому) нет; в KJV нет	[]	проверено	[]	absent	absent
Быт	25	33	Исав	а	B: квадратные; в C (линия 1882, без вставок по греческому) нет	[]	по признакам	[]	absent	absent
Быт	26	3	Мою	а	B: квадратные; в C (линия 1882, без вставок по греческому) нет	[]	по признакам	[]	absent	absent
Быт	26	5	отец твой	а	B: квадратные; в C (линия 1882, без вставок по греческому) нет	[]	по признакам	[]	absent	absent
Быт	26	7	Ревекке	а	B: квадратные; в C (линия 1882, без вставок по греческому) нет	[]	по признакам	[]	absent	absent
Быт	26	10	ему	а	B: квадратные; в C (линия 1882, без вставок по греческому) нет	[]	по признакам	[]	absent	absent
Быт	26	10	моего	а	B: квадратные; в C (линия 1882, без вставок по греческому) нет	[]	по признакам	[]	absent	absent
Быт	26	18	отца его	а	B: квадратные; в C (линия 1882, без вставок по греческому) нет	[]	по признакам	[]	absent	absent
Быт	26	18	Авраам,	а	B: квадратные; в C (линия 1882, без вставок по греческому) нет	[]	по признакам	[]	absent	absent
Быт	26	19	Герарской	а	B: квадратные; в C (линия 1882, без вставок по греческому) нет	[]	по признакам	[]	absent	absent
Быт	26	21	Когда двинулся оттуда Исаак,	а	B: квадратные; в C (линия 1882, без вставок по греческому) нет; в KJV нет	[]	проверено	[]	absent	absent
Быт	26	24	отца твоего	а	B: квадратные; в C (линия 1882, без вставок по греческому) нет	[]	по признакам	[]	absent	absent
Быт	26	25	в долине Герарской	а	B: квадратные; в C (линия 1882, без вставок по греческому) нет	[]	по признакам	[]	absent	absent
Быт	26	33	Вирсавия	а	B: квадратные; в C (линия 1882, без вставок по греческому) нет	[]	по признакам	[]	absent	absent
Быт	27	2	Исаак	а	B: квадратные; в C (линия 1882, без вставок по греческому) нет	[]	по признакам	[]	absent	absent
Быт	27	6	меньшему	а	B: квадратные; в C (линия 1882, без вставок по греческому) нет	[]	по признакам	[]	absent	absent
Быт	27	9	молодых	а	B: квадратные; в C (линия 1882, без вставок по греческому) нет	[]	по признакам	[]	absent	absent
Быт	27	15	в нее	в	B: квадратные; C (линия 1882): курсив — слово для связности, которого нет в еврейском	[]	по признакам	[]	i	[]
Быт	27	21	ко мне	а	B: квадратные; в C (линия 1882, без вставок по греческому) нет	[]	по признакам	[]	absent	absent
Быт	27	26	ко мне	а	B: квадратные; в C (линия 1882, без вставок по греческому) нет	[]	по признакам	[]	absent	absent
Быт	27	27	полного	а	B: квадратные; в C (линия 1882, без вставок по греческому) нет	[]	по признакам	[]	absent	absent
Быт	27	30	сыном своим	а	B: квадратные; в C (линия 1882, без вставок по греческому) нет	[]	по признакам	[]	absent	absent
Быт	27	33	мне	а	B: квадратные; в C (линия 1882, без вставок по греческому) нет	[]	по признакам	[]	absent	absent
Быт	27	34	Исаака	а	B: квадратные; в C (линия 1882, без вставок по греческому) нет	[]	по признакам	[]	absent	absent
Быт	27	35	ему	а	B: квадратные; в C (линия 1882, без вставок по греческому) нет	[]	по признакам	[]	absent	absent
Быт	27	36	Исав	а	B: квадратные; в C (линия 1882, без вставок по греческому) нет	[]	по признакам	[]	absent	absent
Быт	27	36	Исав отцу своему	а	B: квадратные; в C (линия 1882, без вставок по греческому) нет	[]	по признакам	[]	absent	absent
Быт	27	36	и	а	B: квадратные; в C (линия 1882, без вставок по греческому) нет	[]	по признакам	[]	absent	absent
Быт	27	38	как Исаак молчал,	а	B: квадратные; в C (линия 1882, без вставок по греческому) нет	[]	по признакам	[]	absent	absent
Быт	27	43	в Месопотамию	а	B: квадратные; в C (линия 1882, без вставок по греческому) нет	[]	по признакам	[]	absent	absent
Быт	28	4	отца моего	а	B: квадратные; в C (линия 1882, без вставок по греческому) нет	[]	по признакам	[]	absent	absent
Быт	28	13	не бойся	а	B: квадратные; в C (линия 1882, без вставок по греческому) нет	[]	по признакам	[]	absent	absent
Быт	28	19	Иаков	а	B: квадратные; в C (линия 1882, без вставок по греческому) нет	[]	по признакам	[]	absent	absent
Быт	28	20	Господь	а	B: квадратные; в C (линия 1882, без вставок по греческому) нет	[]	по признакам	[]	absent	absent
Быт	28	22	у меня	а	B: квадратные; в C (линия 1882, без вставок по греческому) нет	[]	по признакам	[]	absent	absent
Быт	29	1	к Лавану, сыну Вафуила Арамеянина, к брату Ревекки, матери Иакова и Исава	а	B: квадратные; в C (линия 1882, без вставок по греческому) нет	[]	по признакам	[]	absent	absent
Быт	29	4	пастухам	а	B: квадратные; в C (линия 1882, без вставок по греческому) нет	[]	по признакам	[]	absent	absent
Быт	29	7	Иаков	а	B: квадратные; в C (линия 1882, без вставок по греческому) нет	[]	по признакам	[]	absent	absent
Быт	29	9	дочь Лавана	а	B: квадратные; в C (линия 1882, без вставок по греческому) нет	[]	по признакам	[]	absent	absent
Быт	29	9	мелкий скот отца своего	а	B: квадратные; в C (линия 1882, без вставок по греческому) нет	[]	по признакам	[]	absent	absent
Быт	29	12	всё сие	а	B: квадратные; в C (линия 1882, без вставок по греческому) нет	[]	по признакам	[]	absent	absent
Быт	29	19	ему	а	B: квадратные; в C (линия 1882, без вставок по греческому) нет	[]	по признакам	[]	absent	absent
Быт	29	23	Лаван	а	B: квадратные; в C (линия 1882, без вставок по греческому) нет	[]	по признакам	[]	absent	absent
Быт	29	23	Иаков	в	B: квадратные; C (линия 1882): курсив — слово для связности, которого нет в еврейском	[]	по признакам	[]	i	[]
Быт	29	25	Иаков	а	B: квадратные; в C (линия 1882, без вставок по греческому) нет	[]	по признакам	[]	absent	absent
Быт	29	28	Лаван	в	B: квадратные; C (линия 1882): курсив — слово для связности, которого нет в еврейском	[]	по признакам	[]	i	[]
Быт	29	30	Иаков	в	B: квадратные; C (линия 1882): курсив — слово для связности, которого нет в еврейском	[]	по признакам	[]	i	[]
Быт	29	31	Бог	а	B: квадратные; в C (линия 1882, без вставок по греческому) нет	[]	по признакам	[]	absent	absent
Быт	29	32	Иакову	а	B: квадратные; в C (линия 1882, без вставок по греческому) нет	[]	по признакам	[]	absent	absent
Быт	29	32	и дал мне сына	а	B: квадратные; в C (линия 1882, без вставок по греческому) нет	[]	по признакам	[]	absent	absent
Быт	29	33	Лия	а	B: квадратные; в C (линия 1882, без вставок по греческому) нет	[]	по признакам	[]	absent	absent
Быт	29	33	Иакову второго	а	B: квадратные; в C (линия 1882, без вставок по греческому) нет	[]	по признакам	[]	absent	absent
Быт	30	2	ей	а	B: квадратные; в C (линия 1882, без вставок по греческому) нет	[]	по признакам	[]	absent	absent
Быт	30	5	служанка Рахилина	а	B: квадратные; в C (линия 1882, без вставок по греческому) нет	[]	по признакам	[]	absent	absent
Быт	30	9	и он вошел к ней	а	B: квадратные; в C (линия 1882, без вставок по греческому) нет	[]	по признакам	[]	absent	absent
Быт	30	10	зачала и	а	B: квадратные; в C (линия 1882, без вставок по греческому) нет	[]	по признакам	[]	absent	absent
Быт	30	12	еще зачала	а	B: квадратные; в C (линия 1882, без вставок по греческому) нет	[]	по признакам	[]	absent	absent
Быт	30	12	и	а	B: квадратные; в C (линия 1882, без вставок по греческому) нет	[]	по признакам	[]	absent	absent
Быт	30	14	сестре своей	а	B: квадратные; в C (линия 1882, без вставок по греческому) нет	[]	по признакам	[]	absent	absent
Быт	30	15	Лия	а	B: квадратные; в C (линия 1882, без вставок по греческому) нет	[]	по признакам	[]	absent	absent
Быт	30	16	сегодня	а	B: квадратные; в C (линия 1882, без вставок по греческому) нет; в KJV нет	[]	проверено	[]	absent	absent
Быт	30	18	что значит возмездие	а	B: квадратные; в C (линия 1882, без вставок по греческому) нет	[]	по признакам	[]	absent	absent
Быт	30	23	Иакову	а	B: квадратные; в C (линия 1882, без вставок по греческому) нет	[]	по признакам	[]	absent	absent
Быт	30	23	Рахиль	а	B: квадратные; в C (линия 1882, без вставок по греческому) нет	[]	по признакам	[]	absent	absent
Быт	30	26	мне	а	B: квадратные; в C (линия 1882, без вставок по греческому) нет	[]	по признакам	[]	absent	absent
Быт	30	28	тебе	а	B: квадратные; в C (линия 1882, без вставок по греческому) нет; в KJV нет	[]	проверено	[]	absent	absent
Быт	30	29	Иаков	в	B: квадратные; C (линия 1882): курсив — слово для связности, которого нет в еврейском	[]	по признакам	[]	i	[]
Быт	30	31	ему Лаван	а	B: квадратные; в C (линия 1882, без вставок по греческому) нет	[]	по признакам	[]	absent	absent
Быт	30	31	ему	а	B: квадратные; в C (линия 1882, без вставок по греческому) нет	[]	по признакам	[]	absent	absent
Быт	30	32	и будет мой	а	B: квадратные; C: без пометы; в KJV нет	[]	проверено	[]	plain	plain
Быт	30	34	ему	а	B: квадратные; в C (линия 1882, без вставок по греческому) нет	[]	по признакам	[]	absent	absent
Быт	30	37	Иаков	а	B: квадратные; в C (линия 1882, без вставок по греческому) нет	[]	по признакам	[]	absent	absent
Быт	30	43	и крупного скота	а	B: квадратные; в C (линия 1882, без вставок по греческому) нет	[]	по признакам	[]	absent	absent
Быт	31	1	Иаков	в	B: квадратные; C (линия 1882): курсив — слово для связности, которого нет в еврейском	[]	по признакам	[]	i	[]
Быт	31	9	весь	а	B: квадратные; в C (линия 1882, без вставок по греческому) нет	[]	по признакам	[]	absent	absent
Быт	31	9	его	а	B: квадратные; в C (линия 1882, без вставок по греческому) нет	[]	по признакам	[]	absent	absent
Быт	31	10	и овны	а	B: квадратные; в C (линия 1882, без вставок по греческому) нет	[]	по признакам	[]	absent	absent
Быт	31	10	на коз и овец	а	B: квадратные; в C (линия 1882, без вставок по греческому) нет; в KJV нет	[]	проверено	[]	absent	absent
Быт	31	12	и овны	а	B: квадратные; в C (линия 1882, без вставок по греческому) нет	[]	по признакам	[]	absent	absent
Быт	31	12	на коз и овец	а	B: квадратные; в C (линия 1882, без вставок по греческому) нет	[]	по признакам	[]	absent	absent
Быт	31	13	явившийся тебе	в	B: квадратные; C (линия 1882): курсив — слово для связности, которого нет в еврейском	[]	по признакам	[]	i	[]
Быт	31	13	и Я буду с тобою	а	B: квадратные; в C (линия 1882, без вставок по греческому) нет	[]	по признакам	[]	absent	absent
Быт	31	16	имение и	а	B: квадратные; в C (линия 1882, без вставок по греческому) нет	[]	по признакам	[]	absent	absent
Быт	31	18	и все свое,	а	B: квадратные; в C (линия 1882, без вставок по греческому) нет; в KJV нет	[]	проверено	[]	absent	absent
Быт	31	22	Арамеянину	а	B: квадратные; в C (линия 1882, без вставок по греческому) нет	[]	по признакам	[]	absent	absent
Быт	31	23	сынов и	а	B: квадратные; в C (линия 1882, без вставок по греческому) нет	[]	по признакам	[]	absent	absent
Быт	31	31	и всего моего	а	B: квадратные; в C (линия 1882, без вставок по греческому) нет	[]	по признакам	[]	absent	absent
Быт	31	32	И сказал Иаков:	а	B: квадратные; в C (линия 1882, без вставок по греческому) нет	[]	по признакам	[]	absent	absent
Быт	31	32	есть твоего	а	B: квадратные; в C (линия 1882, без вставок по греческому) нет	[]	по признакам	[]	absent	absent
Быт	31	32	Но он ничего у него не узнал.	а	B: квадратные; в C (линия 1882, без вставок по греческому) нет	[]	по признакам	[]	absent	absent
Быт	31	32	жена его	а	B: квадратные; в C (линия 1882, без вставок по греческому) нет	[]	по признакам	[]	absent	absent
Быт	31	33	и обыскивал,	а	B: квадратные; в C (линия 1882, без вставок по греческому) нет	[]	по признакам	[]	absent	absent
Быт	31	35	Лаван	а	B: квадратные; в C (линия 1882, без вставок по греческому) нет; в KJV нет	[]	проверено	[]	absent	absent
Быт	31	35	во всем шатре	а	B: квадратные; в C (линия 1882, без вставок по греческому) нет	[]	по признакам	[]	absent	absent
Быт	31	37	в доме моем	а	B: квадратные; в C (линия 1882, без вставок по греческому) нет	[]	по признакам	[]	absent	absent
Быт	31	44	При сем Иаков сказал ему: вот, с нами нет никого; смотри, Бог свидетель между мною и тобою.	а	B: квадратные; в C (линия 1882, без вставок по греческому) нет	[]	по признакам	[]	absent	absent
Быт	31	46	и пили	а	B: квадратные; в C (линия 1882, без вставок по греческому) нет	[]	по признакам	[]	absent	absent
Быт	31	46	И сказал ему Лаван: холм сей свидетель сегодня между мною и тобою.	а	B: квадратные; в C (линия 1882, без вставок по греческому) нет	[]	по признакам	[]	absent	absent
Быт	31	48	Иакову	а	B: квадратные; в C (линия 1882, без вставок по греческому) нет	[]	по признакам	[]	absent	absent
Быт	31	48	и памятник, который я поставил,	а	B: квадратные; в C (линия 1882, без вставок по греческому) нет	[]	по признакам	[]	absent	absent
Быт	31	50	который бы видел,	а	B: квадратные; в C (линия 1882, без вставок по греческому) нет	[]	по признакам	[]	absent	absent
Быт	31	54	и пили	а	B: квадратные; в C (линия 1882, без вставок по греческому) нет	[]	по признакам	[]	absent	absent
Быт	32	1	И, взглянув, увидел ополчение Божие ополчившееся.	а	B: квадратные; в C (линия 1882, без вставок по греческому) нет	[]	по признакам	[]	absent	absent
Быт	32	5	Исава	а	B: квадратные; в C (линия 1882, без вставок по греческому) нет	[]	по признакам	[]	absent	absent
Быт	32	5	рабу твоему	а	B: квадратные; в C (линия 1882, без вставок по греческому) нет	[]	по признакам	[]	absent	absent
Быт	32	8	Иаков	а	B: квадратные; в C (линия 1882, без вставок по греческому) нет	[]	по признакам	[]	absent	absent
Быт	32	9	Боже	а	B: квадратные; в C (линия 1882, без вставок по греческому) нет	[]	по признакам	[]	absent	absent
Быт	32	11	и	в	B: квадратные; C (линия 1882): курсив — слово для связности, которого нет в еврейском	[]	по признакам	[]	i	[]
Быт	32	13	и послал	а	B: квадратные; в C (линия 1882, без вставок по греческому) нет	[]	по признакам	[]	absent	absent
Быт	32	17	идет	а	B: квадратные; в C (линия 1882, без вставок по греческому) нет	[]	по признакам	[]	absent	absent
Быт	32	18	идет	а	B: квадратные; в C (линия 1882, без вставок по греческому) нет	[]	по признакам	[]	absent	absent
Быт	32	19	что первому	а	B: квадратные; в C (линия 1882, без вставок по греческому) нет	[]	по признакам	[]	absent	absent
Быт	32	20	идет	а	B: квадратные; в C (линия 1882, без вставок по греческому) нет	[]	по признакам	[]	absent	absent
Быт	32	26	ему	а	B: квадратные; в C (линия 1882, без вставок по греческому) нет	[]	по признакам	[]	absent	absent
Быт	32	28	ему	а	B: квадратные; в C (линия 1882, без вставок по греческому) нет	[]	по признакам	[]	absent	absent
Быт	32	29	мне	а	B: квадратные; в C (линия 1882, без вставок по греческому) нет	[]	по признакам	[]	absent	absent
Быт	32	29	оно чудно.	а	B: квадратные; в C (линия 1882, без вставок по греческому) нет	[]	по признакам	[]	absent	absent
Быт	33	1	брат его,	а	B: квадратные; в C (линия 1882, без вставок по греческому) нет	[]	по признакам	[]	absent	absent
Быт	33	1	Иаков	а	B: квадратные; в C (линия 1882, без вставок по греческому) нет	[]	по признакам	[]	absent	absent
Быт	33	2	двух	а	B: квадратные; в C (линия 1882, без вставок по греческому) нет	[]	по признакам	[]	absent	absent
Быт	33	4	оба	а	B: квадратные; в C (линия 1882, без вставок по греческому) нет	[]	по признакам	[]	absent	absent
Быт	33	5	Исав	а	B: квадратные; в C (линия 1882, без вставок по греческому) нет	[]	по признакам	[]	absent	absent
Быт	33	8	рабу твоему	а	B: квадратные; в C (линия 1882, без вставок по греческому) нет	[]	по признакам	[]	absent	absent
Быт	34	5	сын Емморов	в	B: квадратные; C (линия 1882): курсив — слово для связности, которого нет в еврейском	[]	по признакам	[]	i	[]
Быт	34	9	за сыновей ваших	а	B: квадратные; в C (линия 1882, без вставок по греческому) нет	[]	по признакам	[]	absent	absent
Быт	34	10	пространна	а	B: квадратные; в C (линия 1882, без вставок по греческому) нет	[]	по признакам	[]	absent	absent
Быт	34	14	Симеон и Левий, братья Дины, сыновья Лиины	а	B: квадратные; в C (линия 1882, без вставок по греческому) нет	[]	по признакам	[]	absent	absent
Быт	34	15	и поселимся у вас	а	B: квадратные; в C (линия 1882, без вставок по греческому) нет	[]	по признакам	[]	absent	absent
Быт	34	23	в том	а	B: квадратные; в C (линия 1882, без вставок по греческому) нет	[]	по признакам	[]	absent	absent
Быт	34	27	Дину	а	B: квадратные; в C (линия 1882, без вставок по греческому) нет	[]	по признакам	[]	absent	absent
Быт	34	29	городе, и всё, что было в	а	B: квадратные; в C (линия 1882, без вставок по греческому) нет	[]	по признакам	[]	absent	absent
Быт	34	30	всех	а	B: квадратные; в C (линия 1882, без вставок по греческому) нет	[]	по признакам	[]	absent	absent
Быт	35	3	и хранил меня	а	B: квадратные; в C (линия 1882, без вставок по греческому) нет	[]	по признакам	[]	absent	absent
Быт	35	4	И оставил их безвестными даже до нынешнего дня.	а	B: квадратные; в C (линия 1882, без вставок по греческому) нет	[]	по признакам	[]	absent	absent
Быт	35	5	от Сихема	а	B: квадратные; в C (линия 1882, без вставок по греческому) нет	[]	по признакам	[]	absent	absent
Быт	35	7	Исава	а	B: квадратные; в C (линия 1882, без вставок по греческому) нет	[]	по признакам	[]	absent	absent
Быт	35	9	в Лузе	а	B: квадратные; в C (линия 1882, без вставок по греческому) нет	[]	по признакам	[]	absent	absent
Быт	35	14	Бог	в	B: квадратные; C (линия 1882): курсив — слово для связности, которого нет в еврейском	[]	по признакам	[]	i	[]
Быт	35	16	И раскинул он шатер свой за башнею Гадер.	а	B: квадратные; в C (линия 1882, без вставок по греческому) нет	[]	по признакам	[]	absent	absent
Быт	35	21	оттуда	а	B: квадратные; в C (линия 1882, без вставок по греческому) нет	[]	по признакам	[]	absent	absent
Быт	35	22	Иакова	а	B: квадратные; в C (линия 1882, без вставок по греческому) нет	[]	по признакам	[]	absent	absent
Быт	35	22	и принял то с огорчением	а	B: квадратные; в C (линия 1882, без вставок по греческому) нет	[]	по признакам	[]	absent	absent
Быт	35	27	ибо он был еще жив,	а	B: квадратные; в C (линия 1882, без вставок по греческому) нет	[]	по признакам	[]	absent	absent
Быт	35	27	в земле Ханаанской,	а	B: квадратные; в C (линия 1882, без вставок по греческому) нет; в KJV нет	[]	проверено	[]	absent	absent
Быт	35	28	жизни	в	B: квадратные; C (линия 1882): курсив — слово для связности, которого нет в еврейском	[]	по признакам	[]	i	[]
Быт	36	6	все	а	B: квадратные; в C (линия 1882, без вставок по греческому) нет	[]	по признакам	[]	absent	absent
Быт	36	6	Исав	а	B: квадратные; в C (линия 1882, без вставок по греческому) нет	[]	по признакам	[]	absent	absent
Быт	36	27	Укам	а	B: квадратные; в C (линия 1882, без вставок по греческому) нет	[]	по признакам	[]	absent	absent
Быт	36	39	сын Варадов	а	B: квадратные; в C (линия 1882, без вставок по греческому) нет	[]	по признакам	[]	absent	absent
Быт	36	40	по народам их	а	B: квадратные; в C (линия 1882, без вставок по греческому) нет	[]	по признакам	[]	absent	absent
Быт	37	1	Исаака	а	B: квадратные; в C (линия 1882, без вставок по греческому) нет	[]	по признакам	[]	absent	absent
Быт	37	2	отца своего	а	B: квадратные; в C (линия 1882, без вставок по греческому) нет	[]	по признакам	[]	absent	absent
Быт	37	2	Израиля	а	B: квадратные; в C (линия 1882, без вставок по греческому) нет	[]	по признакам	[]	absent	absent
Быт	37	5	его	а	B: квадратные; в C (линия 1882, без вставок по греческому) нет	[]	по признакам	[]	absent	absent
Быт	37	9	отцу своему и	а	B: квадратные; в C (линия 1882, без вставок по греческому) нет	[]	по признакам	[]	absent	absent
Быт	37	14	Израиль	а	B: квадратные; в C (линия 1882, без вставок по греческому) нет	[]	по признакам	[]	absent	absent
Быт	37	22	с тем намерением	а	B: квадратные; в C (линия 1882, без вставок по греческому) нет	[]	по признакам	[]	absent	absent
Быт	38	5	третьего	а	B: квадратные; в C (линия 1882, без вставок по греческому) нет	[]	по признакам	[]	absent	absent
Быт	38	9	семя	а	B: квадратные; в C (линия 1882, без вставок по греческому) нет	[]	по признакам	[]	absent	absent
Быт	38	11	по смерти двух сыновей своих	а	B: квадратные; в C (линия 1882, без вставок по греческому) нет	[]	по признакам	[]	absent	absent
Быт	38	11	в уме своем	а	B: квадратные; в C (линия 1882, без вставок по греческому) нет	[]	по признакам	[]	absent	absent
Быт	38	15	И не узнал ее.	а	B: квадратные; в C (линия 1882, без вставок по греческому) нет	[]	по признакам	[]	absent	absent
Быт	38	17	моего	а	B: квадратные; в C (линия 1882, без вставок по греческому) нет	[]	по признакам	[]	absent	absent
Быт	38	28	одного	а	B: квадратные; в C (линия 1882, без вставок по греческому) нет	[]	по признакам	[]	absent	absent
Быт	39	5	его	а	B: квадратные; в C (линия 1882, без вставок по греческому) нет	[]	по признакам	[]	absent	absent
Быт	39	17	и говорил мне: лягу я с тобою	а	B: квадратные; в C (линия 1882, без вставок по греческому) нет	[]	по признакам	[]	absent	absent
Быт	39	18	услышал, что	а	B: квадратные; в C (линия 1882, без вставок по греческому) нет	[]	по признакам	[]	absent	absent
Быт	40	17	небесные	а	B: квадратные; в C (линия 1882, без вставок по греческому) нет	[]	по признакам	[]	absent	absent
Быт	40	18	ему	а	B: квадратные; в C (линия 1882, без вставок по греческому) нет	[]	по признакам	[]	absent	absent
Быт	40	19	небесные	а	B: квадратные; в C (линия 1882, без вставок по греческому) нет	[]	по признакам	[]	absent	absent
Быт	40	22	на дереве	а	B: квадратные; в C (линия 1882, без вставок по греческому) нет	[]	по признакам	[]	absent	absent
Быт	41	34	всех произведений	а	B: квадратные; в C (линия 1882, без вставок по греческому) нет	[]	по признакам	[]	absent	absent
Быт	41	48	плодородны	в	B: квадратные; C (линия 1882): курсив — слово для связности, которого нет в еврейском	[]	по признакам	[]	i	[]
Быт	41	51	говорил он	в	B: квадратные; C (линия 1882): курсив — слово для связности, которого нет в еврейском	[]	по признакам	[]	i	[]
Быт	41	52	говорил он	в	B: квадратные; C (линия 1882): курсив — слово для связности, которого нет в еврейском	[]	по признакам	[]	i	[]
Быт	42	21	его	а	B: квадратные; в C (линия 1882, без вставок по греческому) нет	[]	по признакам	[]	absent	absent
Быт	42	24	Иосиф	а	B: квадратные; в C (линия 1882, без вставок по греческому) нет	[]	по признакам	[]	absent	absent
Быт	43	16	брата своего, сына матери своей	а	B: квадратные; в C (линия 1882, без вставок по греческому) нет	[]	по признакам	[]	absent	absent
Быт	43	28	Он сказал: благословен человек сей от Бога.	а	B: квадратные; в C (линия 1882, без вставок по греческому) нет	[]	по признакам	[]	absent	absent
Быт	43	29	Иосиф	а	B: квадратные; в C (линия 1882, без вставок по греческому) нет	[]	по признакам	[]	absent	absent
Быт	44	1	Иосиф	в	B: квадратные; C (линия 1882): курсив — слово для связности, которого нет в еврейском	[]	по признакам	[]	i	[]
Быт	44	4	для чего украли у меня серебряную чашу?	а	B: квадратные; в C (линия 1882, без вставок по греческому) нет	[]	по признакам	[]	absent	absent
Быт	44	9	чаша	а	B: квадратные; в C (линия 1882, без вставок по греческому) нет	[]	по признакам	[]	absent	absent
Быт	44	10	чаша	в	B: квадратные; C (линия 1882): курсив — слово для связности, которого нет в еврейском	[]	по признакам	[]	i	[]
Быт	44	17	Иосиф	в	B: квадратные; C (линия 1882): курсив — слово для связности, которого нет в еврейском	[]	по признакам	[]	i	[]
Быт	44	20	у него	а	B: квадратные; в C (линия 1882, без вставок по греческому) нет	[]	по признакам	[]	absent	absent
Быт	44	32	и не поставлю его пред тобою	а	B: квадратные; в C (линия 1882, без вставок по греческому) нет	[]	по признакам	[]	absent	absent
Быт	45	6	остается	а	B: квадратные; в C (линия 1882, без вставок по греческому) нет	[]	по признакам	[]	absent	absent
Быт	45	17	хлебом	а	B: квадратные; в C (линия 1882, без вставок по греческому) нет	[]	по признакам	[]	absent	absent
Быт	45	18	место	а	B: квадратные; в C (линия 1882, без вставок по греческому) нет	[]	по признакам	[]	absent	absent
Быт	45	26	сын твой	а	B: квадратные; в C (линия 1882, без вставок по греческому) нет	[]	по признакам	[]	absent	absent
Быт	45	28	сего для меня	а	B: квадратные; в C (линия 1882, без вставок по греческому) нет	[]	по признакам	[]	absent	absent
Быт	46	21	сыны Белы были:	а	B: квадратные; в C (линия 1882, без вставок по греческому) нет	[]	по признакам	[]	absent	absent
Быт	46	27	с Иаковом	а	B: квадратные; в C (линия 1882, без вставок по греческому) нет	[]	по признакам	[]	absent	absent
Быт	46	27	пять	а	B: квадратные; в C (линия 1882, без вставок по греческому) нет	[]	по признакам	[]	absent	absent
Быт	47	16	хлеб	а	B: квадратные; в C (линия 1882, без вставок по греческому) нет; в KJV нет	[]	проверено	[]	absent	absent
Быт	47	22	Иосиф	а	B: квадратные; в C (линия 1882, без вставок по греческому) нет	[]	по признакам	[]	absent	absent
Быт	48	1	и пошел к Иакову	а	B: квадратные; в C (линия 1882, без вставок по греческому) нет	[]	по признакам	[]	absent	absent
Быт	48	7	мать твоя	а	B: квадратные; в C (линия 1882, без вставок по греческому) нет	[]	по признакам	[]	absent	absent
Быт	48	9	Иаков	в	C: без пометы; в KJV «he said» — имя добавлено для ясности	[]	проверено	[]	plain	plain
Быт	48	13	сыновей своих	а	B: квадратные; в C (линия 1882, без вставок по греческому) нет	[]	по признакам	[]	absent	absent
Быт	49	4	на которую	а	B: квадратные; в C (линия 1882, без вставок по греческому) нет	[]	по признакам	[]	absent	absent
Быт	49	12	его	в	B: квадратные; C (линия 1882): курсив — слово для связности, которого нет в еврейском	[]	по признакам	[]	i	[]
Быт	49	12	его	а	B: квадратные; в C (линия 1882, без вставок по греческому) нет	[]	по признакам	[]	absent	absent
Быт	49	30	пещеру	а	B: квадратные; в C (линия 1882, без вставок по греческому) нет	[]	по признакам	[]	absent	absent
Быт	50	5	Слова Иосифа пересказали фараону.	а	B: квадратные; в C (линия 1882, без вставок по греческому) нет	[]	по признакам	[]	absent	absent
Быт	50	11	месту	в	B: квадратные; C (линия 1882): курсив — слово для связности, которого нет в еврейском	[]	по признакам	[]	i	[]
Исх	1	1	отцом их	а	B: квадратные; в C (линия 1882, без вставок по греческому) нет	[]	по признакам	[]	absent	absent
Исх	1	1	всем	а	B: квадратные; в C (линия 1882, без вставок по греческому) нет	[]	по признакам	[]	absent	absent
Исх	1	5	пять	а	B: квадратные; в C (линия 1882, без вставок по греческому) нет	[]	по признакам	[]	absent	absent
Исх	1	10	нашей	в	B: квадратные; C (линия 1882): курсив — слово для связности, которого нет в еврейском	[]	по признакам	[]	i	[]
Исх	1	11	и он, иначе Илиополь	а	B: квадратные; в C (линия 1882, без вставок по греческому) нет	[]	по признакам	[]	absent	absent
Исх	1	12	Египтяне	а	B: квадратные; в C (линия 1882, без вставок по греческому) нет	[]	по признакам	[]	absent	absent
Исх	1	16	им	а	B: квадратные; в C (линия 1882, без вставок по греческому) нет	[]	по признакам	[]	absent	absent
Исх	1	22	у Евреев	в	B: квадратные; C (линия 1882): курсив — слово для связности, которого нет в еврейском	[]	по признакам	[]	i	[]
Исх	2	6	в корзинке	а	B: квадратные; в C (линия 1882, без вставок по греческому) нет	[]	по признакам	[]	absent	absent
Исх	2	6	дочь фараонова	а	B: квадратные; в C (линия 1882, без вставок по греческому) нет	[]	по признакам	[]	absent	absent
Исх	2	11	сынам Израилевым	в	B: квадратные; C (линия 1882): курсив — слово для связности, которого нет в еврейском	[]	по признакам	[]	i	[]
Исх	2	11	сынов Израилевых	а	B: квадратные; в C (линия 1882, без вставок по греческому) нет	[]	по признакам	[]	absent	absent
Исх	2	14	вчера	а	B: квадратные; в C (линия 1882, без вставок по греческому) нет	[]	по признакам	[]	absent	absent
Исх	2	15	придя в землю Мадиамскую	а	B: квадратные; в C (линия 1882, без вставок по греческому) нет	[]	по признакам	[]	absent	absent
Исх	2	16	было	в	B: квадратные; C (линия 1882): курсив — слово для связности, которого нет в еврейском	[]	по признакам	[]	i	[]
Исх	2	16	которые пасли овец отца своего Иофора	а	B: квадратные; в C (линия 1882, без вставок по греческому) нет	[]	по признакам	[]	absent	absent
Исх	2	16	Иофора	а	B: квадратные; в C (линия 1882, без вставок по греческому) нет	[]	по признакам	[]	absent	absent
Исх	2	17	и начерпал им воды	а	B: квадратные; в C (линия 1882, без вставок по греческому) нет	[]	по признакам	[]	absent	absent
Исх	2	18	им	а	B: квадратные; в C (линия 1882, без вставок по греческому) нет	[]	по признакам	[]	absent	absent
Исх	2	19	наших	а	B: квадратные; в C (линия 1882, без вставок по греческому) нет	[]	по признакам	[]	absent	absent
Исх	2	22	зачала и	а	B: квадратные; в C (линия 1882, без вставок по греческому) нет	[]	по признакам	[]	absent	absent
Исх	2	22	Моисей	в	B: квадратные; C (линия 1882): курсив — слово для связности, которого нет в еврейском	[]	по признакам	[]	i	[]
Исх	2	22	И зачав еще, родила другого сына, и он нарек ему имя: Елиезер, сказав: Бог отца моего был мне помощником и избавил меня от руки фараона.	а	B: квадратные; в C (линия 1882, без вставок по греческому) нет	[]	по признакам	[]	absent	absent
Исх	3	4	Господи	а	B: квадратные; в C (линия 1882, без вставок по греческому) нет	[]	по признакам	[]	absent	absent
Исх	3	6	ему	а	B: квадратные; в C (линия 1882, без вставок по греческому) нет	[]	по признакам	[]	absent	absent
Исх	3	7	Моисею	а	B: квадратные; в C (линия 1882, без вставок по греческому) нет	[]	по признакам	[]	absent	absent
Исх	3	8	и ввести его	а	B: квадратные; в C (линия 1882, без вставок по греческому) нет; в KJV нет	[]	проверено	[]	absent	absent
Исх	3	8	Гергесеев,	а	B: квадратные; в C (линия 1882, без вставок по греческому) нет	[]	по признакам	[]	absent	absent
Исх	3	10	царю Египетскому	а	B: квадратные; в C (линия 1882, без вставок по греческому) нет	[]	по признакам	[]	absent	absent
Исх	3	11	царю Египетскому	а	B: квадратные; в C (линия 1882, без вставок по греческому) нет	[]	по признакам	[]	absent	absent
Исх	3	12	Бог	в	B: квадратные; C (линия 1882): курсив — слово для связности, которого нет в еврейском	[]	по признакам	[]	i	[]
Исх	3	12	Мой	а	B: квадратные; в C (линия 1882, без вставок по греческому) нет	[]	по признакам	[]	absent	absent
Исх	3	14	Иегова	в	B: квадратные; C (линия 1882): курсив — слово для связности, которого нет в еврейском	[]	по признакам	[]	i	[]
Исх	3	16	сынов	а	B: квадратные; в C (линия 1882, без вставок по греческому) нет	[]	по признакам	[]	absent	absent
Исх	3	16	Бог	а	B: квадратные; в C (линия 1882, без вставок по греческому) нет	[]	по признакам	[]	absent	absent
Исх	3	16	Бог	а	B: квадратные; в C (линия 1882, без вставок по греческому) нет	[]	по признакам	[]	absent	absent
Исх	3	17	Гергесеев,	а	B: квадратные; в C (линия 1882, без вставок по греческому) нет	[]	по признакам	[]	absent	absent
Исх	3	18	фараону	а	B: квадратные; в C (линия 1882, без вставок по греческому) нет	[]	по признакам	[]	absent	absent
Исх	3	19	фараон	а	B: квадратные; в C (линия 1882, без вставок по греческому) нет	[]	по признакам	[]	absent	absent
Исх	4	1	что сказать им?	а	B: квадратные; в C (линия 1882, без вставок по греческому) нет	[]	по признакам	[]	absent	absent
Исх	4	4	за хвост	а	B: квадратные; в C (линия 1882, без вставок по греческому) нет	[]	по признакам	[]	absent	absent
Исх	4	5	тебе	а	B: квадратные; в C (линия 1882, без вставок по греческому) нет	[]	по признакам	[]	absent	absent
Исх	4	6	из пазухи своей	а	B: квадратные; в C (линия 1882, без вставок по греческому) нет	[]	по признакам	[]	absent	absent
Исх	4	7	Еще	в	B: квадратные; C (линия 1882): курсив — слово для связности, которого нет в еврейском	[]	по признакам	[]	i	[]
Исх	4	7	ему Господь	а	B: квадратные; в C (линия 1882, без вставок по греческому) нет	[]	по признакам	[]	absent	absent
Исх	4	11	Моисею	а	B: квадратные; в C (линия 1882, без вставок по греческому) нет	[]	по признакам	[]	absent	absent
Исх	4	11	Бог	а	B: квадратные; в C (линия 1882, без вставок по греческому) нет	[]	по признакам	[]	absent	absent
Исх	4	13	Моисей	в	B: квадратные; C (линия 1882): курсив — слово для связности, которого нет в еврейском	[]	по признакам	[]	i	[]
Исх	4	14	вместо тебя	а	B: квадратные; в C (линия 1882, без вставок по греческому) нет	[]	по признакам	[]	absent	absent
Исх	4	15	Мои	а	B: квадратные; в C (линия 1882, без вставок по греческому) нет	[]	по признакам	[]	absent	absent
Исх	4	17	который был обращен в змея	а	B: квадратные; в C (линия 1882, без вставок по греческому) нет	[]	по признакам	[]	absent	absent
Исх	4	18	Спустя много времени умер царь Египетский.	а	B: квадратные; в C (линия 1882, без вставок по греческому) нет	[]	по признакам	[]	absent	absent
Исх	4	19	земле	в	B: квадратные; C (линия 1882): курсив — слово для связности, которого нет в еврейском	[]	по признакам	[]	i	[]
Исх	4	22	Бог Еврейский	а	B: квадратные; в C (линия 1882, без вставок по греческому) нет	[]	по признакам	[]	absent	absent
Исх	4	30	им	а	B: квадратные; в C (линия 1882, без вставок по греческому) нет	[]	по признакам	[]	absent	absent
Исх	5	1	ему	а	B: квадратные; в C (линия 1882, без вставок по греческому) нет	[]	по признакам	[]	absent	absent
Исх	5	2	сынов	а	B: квадратные; в C (линия 1882, без вставок по греческому) нет	[]	по признакам	[]	absent	absent
Исх	5	3	ему	а	B: квадратные; в C (линия 1882, без вставок по греческому) нет	[]	по признакам	[]	absent	absent
Исх	5	4	мой	а	B: квадратные; в C (линия 1882, без вставок по греческому) нет	[]	по признакам	[]	absent	absent
Исх	5	4	каждый из вас	а	B: квадратные; в C (линия 1882, без вставок по греческому) нет	[]	по признакам	[]	absent	absent
Исх	5	13	их	а	B: квадратные; в C (линия 1882, без вставок по греческому) нет	[]	по признакам	[]	absent	absent
Исх	5	13	урочную	а	B: квадратные; в C (линия 1882, без вставок по греческому) нет	[]	по признакам	[]	absent	absent
Исх	5	17	им	а	B: квадратные; в C (линия 1882, без вставок по греческому) нет	[]	по признакам	[]	absent	absent
Исх	5	19	положено	в	B: квадратные; C (линия 1882): курсив — слово для связности, которого нет в еврейском	[]	по признакам	[]	i	[]
Исх	5	22	и	а	B: квадратные; в C (линия 1882, без вставок по греческому) нет	[]	по признакам	[]	absent	absent
Исх	6	7	из земли Египетской	а	B: квадратные; в C (линия 1882, без вставок по греческому) нет; в KJV нет	[]	проверено	[]	absent	absent
Исх	6	20	и Мариам, сестру их	а	B: квадратные; в C (линия 1882, без вставок по греческому) нет	[]	по признакам	[]	absent	absent
Исх	7	2	ему	а	B: квадратные; в C (линия 1882, без вставок по греческому) нет	[]	по признакам	[]	absent	absent
Исх	7	5	все	а	B: квадратные; в C (линия 1882, без вставок по греческому) нет	[]	по признакам	[]	absent	absent
Исх	7	7	брат его	а	B: квадратные; в C (линия 1882, без вставок по греческому) нет	[]	по признакам	[]	absent	absent
Исх	7	9	знамение или	а	B: квадратные; в C (линия 1882, без вставок по греческому) нет	[]	по признакам	[]	absent	absent
Исх	7	9	брату твоему	а	B: квадратные; в C (линия 1882, без вставок по греческому) нет	[]	по признакам	[]	absent	absent
Исх	7	9	на землю	а	B: квадратные; в C (линия 1882, без вставок по греческому) нет	[]	по признакам	[]	absent	absent
Исх	7	9	и пред рабами его	а	B: квадратные; в C (линия 1882, без вставок по греческому) нет; в KJV нет	[]	проверено	[]	absent	absent
Исх	7	10	и к рабам его	а	B: квадратные; в C (линия 1882, без вставок по греческому) нет	[]	по признакам	[]	absent	absent
Исх	7	10	им	а	B: квадратные; в C (линия 1882, без вставок по греческому) нет	[]	по признакам	[]	absent	absent
Исх	7	11	Египетских	а	B: квадратные; в C (линия 1882, без вставок по греческому) нет	[]	по признакам	[]	absent	absent
Исх	7	13	им	а	B: квадратные; в C (линия 1882, без вставок по греческому) нет	[]	по признакам	[]	absent	absent
Исх	7	19	брату твоему	а	B: квадратные; в C (линия 1882, без вставок по греческому) нет	[]	по признакам	[]	absent	absent
Исх	7	19	в руку твою	а	B: квадратные; в C (линия 1882, без вставок по греческому) нет	[]	по признакам	[]	absent	absent
Исх	7	20	им	а	B: квадратные; в C (линия 1882, без вставок по греческому) нет	[]	по признакам	[]	absent	absent
Исх	7	20	Аарон	в	B: квадратные; C (линия 1882): курсив — слово для связности, которого нет в еврейском	[]	по признакам	[]	i	[]
Исх	7	20	свой	а	B: квадратные; в C (линия 1882, без вставок по греческому) нет	[]	по признакам	[]	absent	absent
Исх	8	5	брату твоему	а	B: квадратные; в C (линия 1882, без вставок по греческому) нет	[]	по признакам	[]	absent	absent
Исх	8	6	и вывел жаб	а	B: квадратные; в C (линия 1882, без вставок по греческому) нет; в KJV нет	[]	проверено	[]	absent	absent
Исх	8	7	Египетские	а	B: квадратные; в C (линия 1882, без вставок по греческому) нет	[]	по признакам	[]	absent	absent
Исх	8	8	обо мне	а	B: квадратные; в C (линия 1882, без вставок по греческому) нет	[]	по признакам	[]	absent	absent
Исх	8	9	у народа твоего,	а	B: квадратные; в C (линия 1882, без вставок по греческому) нет	[]	по признакам	[]	absent	absent
Исх	8	11	и с полей	а	B: квадратные; в C (линия 1882, без вставок по греческому) нет	[]	по признакам	[]	absent	absent
Исх	8	13	их	а	B: квадратные; в C (линия 1882, без вставок по греческому) нет	[]	по признакам	[]	absent	absent
Исх	8	16	рукою	а	B: квадратные; в C (линия 1882, без вставок по греческому) нет	[]	по признакам	[]	absent	absent
Исх	8	16	будут мошки на людях и на скоте и на фараоне, и в доме его и на рабах его, вся персть земная	а	B: квадратные; в C (линия 1882, без вставок по греческому) нет	[]	по признакам	[]	absent	absent
Исх	8	20	в пустыне	а	B: квадратные; в C (линия 1882, без вставок по греческому) нет	[]	по признакам	[]	absent	absent
Исх	8	22	Бог	а	B: квадратные; в C (линия 1882, без вставок по греческому) нет	[]	по признакам	[]	absent	absent
Исх	8	22	всей	а	B: квадратные; в C (линия 1882, без вставок по греческому) нет	[]	по признакам	[]	absent	absent
Исх	8	23	на земле	а	B: квадратные; в C (линия 1882, без вставок по греческому) нет	[]	по признакам	[]	absent	absent
Исх	8	25	Господу	а	B: квадратные; в C (линия 1882, без вставок по греческому) нет	[]	по признакам	[]	absent	absent
Исх	8	27	Господь	а	B: квадратные; в C (линия 1882, без вставок по греческому) нет	[]	по признакам	[]	absent	absent
Исх	8	28	Господу	а	B: квадратные; в C (линия 1882, без вставок по греческому) нет	[]	по признакам	[]	absent	absent
Исх	8	29	Богу	а	B: квадратные; в C (линия 1882, без вставок по греческому) нет	[]	по признакам	[]	absent	absent
Исх	9	2	народ Мой	а	B: квадратные; в C (линия 1882, без вставок по греческому) нет	[]	по признакам	[]	absent	absent
Исх	9	4	в то время	а	B: квадратные; в C (линия 1882, без вставок по греческому) нет; в KJV нет	[]	проверено	[]	absent	absent
Исх	9	4	скота	в	B: квадратные; C (линия 1882): курсив — слово для связности, которого нет в еврейском	[]	по признакам	[]	i	[]
Исх	9	7	всего	а	B: квадратные; в C (линия 1882, без вставок по греческому) нет	[]	по признакам	[]	absent	absent
Исх	9	7	сынов	а	B: квадратные; C: без пометы; в KJV нет	[]	проверено	[]	plain	absent
Исх	9	8	и рабов его	а	B: квадратные; в C (линия 1882, без вставок по греческому) нет	[]	по признакам	[]	absent	absent
Исх	9	23	всю	а	B: квадратные; в C (линия 1882, без вставок по греческому) нет	[]	по признакам	[]	absent	absent
Исх	9	24	град	в	B: квадратные; C (линия 1882): курсив — слово для связности, которого нет в еврейском	[]	по признакам	[]	i	[]
Исх	9	25	град	а	B: квадратные; в C (линия 1882, без вставок по греческому) нет	[]	по признакам	[]	absent	absent
Исх	9	28	обо мне	а	B: квадратные; в C (линия 1882, без вставок по греческому) нет	[]	по признакам	[]	absent	absent
Исх	9	28	и огонь на земле	а	B: квадратные; в C (линия 1882, без вставок по греческому) нет; в KJV нет	[]	проверено	[]	absent	absent
Исх	9	29	на небо	а	B: квадратные; в C (линия 1882, без вставок по греческому) нет	[]	по признакам	[]	absent	absent
Исх	9	29	и дождя	а	B: квадратные; в C (линия 1882, без вставок по греческому) нет	[]	по признакам	[]	absent	absent
Исх	9	35	и рабов его	а	B: квадратные; в C (линия 1882, без вставок по греческому) нет; в KJV нет	[]	проверено	[]	absent	absent
Исх	10	4	в это самое время	а	B: квадратные; в C (линия 1882, без вставок по греческому) нет	[]	по признакам	[]	absent	absent
Исх	10	4	всю	а	B: квадратные; в C (линия 1882, без вставок по греческому) нет	[]	по признакам	[]	absent	absent
Исх	10	5	все	а	B: квадратные; в C (линия 1882, без вставок по греческому) нет	[]	по признакам	[]	absent	absent
Исх	10	5	на земле	а	B: квадратные; в C (линия 1882, без вставок по греческому) нет	[]	по признакам	[]	absent	absent
Исх	10	6	все	а	B: квадратные; в C (линия 1882, без вставок по греческому) нет	[]	по признакам	[]	absent	absent
Исх	10	6	Моисей	в	B: квадратные; C (линия 1882): курсив — слово для связности, которого нет в еврейском	[]	по признакам	[]	i	[]
Исх	10	8	фараон	в	B: квадратные; C (линия 1882): курсив — слово для связности, которого нет в еврейском	[]	по признакам	[]	i	[]
Исх	10	9	Богу нашему	а	B: квадратные; в C (линия 1882, без вставок по греческому) нет	[]	по признакам	[]	absent	absent
Исх	10	10	Фараон	в	B: квадратные; C (линия 1882): курсив — слово для связности, которого нет в еврейском	[]	по признакам	[]	i	[]
Исх	10	12	и все плоды древесные	а	B: квадратные; в C (линия 1882, без вставок по греческому) нет; в KJV нет	[]	проверено	[]	absent	absent
Исх	10	18	Моисей	в	B: квадратные; C (линия 1882): курсив — слово для связности, которого нет в еврейском	[]	по признакам	[]	i	[]
Исх	10	24	и Аарона	а	B: квадратные; в C (линия 1882, без вставок по греческому) нет	[]	по признакам	[]	absent	absent
Исх	10	24	Богу вашему	а	B: квадратные; в C (линия 1882, без вставок по греческому) нет	[]	по признакам	[]	absent	absent
Исх	10	25	нет,	а	B: квадратные; в C (линия 1882, без вставок по греческому) нет	[]	по признакам	[]	absent	absent
Исх	10	26	Богу нашему	а	B: квадратные; в C (линия 1882, без вставок по греческому) нет	[]	по признакам	[]	absent	absent
Исх	11	1	вас	а	B: квадратные; в C (линия 1882, без вставок по греческому) нет	[]	по признакам	[]	absent	absent
Исх	11	2	тайно	а	B: квадратные; в C (линия 1882, без вставок по греческому) нет	[]	по признакам	[]	absent	absent
Исх	11	2	и одежд	а	B: квадратные; в C (линия 1882, без вставок по греческому) нет	[]	по признакам	[]	absent	absent
Исх	11	3	Своему	в	B: квадратные; C (линия 1882): курсив — слово для связности, которого нет в еврейском	[]	по признакам	[]	i	[]
Исх	11	3	и они давали ему;	а	B: квадратные; в C (линия 1882, без вставок по греческому) нет; в KJV нет	[]	проверено	[]	absent	absent
Исх	11	3	фараона и	а	B: квадратные; в C (линия 1882, без вставок по греческому) нет	[]	по признакам	[]	absent	absent
Исх	11	3	всего	а	B: квадратные; в C (линия 1882, без вставок по греческому) нет	[]	по признакам	[]	absent	absent
Исх	11	8	твой	а	B: квадратные; в C (линия 1882, без вставок по греческому) нет	[]	по признакам	[]	absent	absent
Исх	11	8	Моисей	в	B: квадратные; C (линия 1882): курсив — слово для связности, которого нет в еврейском	[]	по признакам	[]	i	[]
Исх	11	9	знамения Мои и	а	B: квадратные; в C (линия 1882, без вставок по греческому) нет; в KJV нет	[]	проверено	[]	absent	absent
Исх	11	10	знамения и	а	B: квадратные; в C (линия 1882, без вставок по греческому) нет	[]	по признакам	[]	absent	absent
Исх	12	3	сынов	а	B: квадратные; C: без пометы; в KJV нет	[]	проверено	[]	plain	absent
Исх	12	10	и кости его не сокрушайте	а	B: квадратные; в C (линия 1882, без вставок по греческому) нет; в KJV нет	[]	проверено	[]	absent	absent
Исх	12	14	все	в	B: квадратные; C (линия 1882): курсив — слово для связности, которого нет в еврейском	[]	по признакам	[]	i	[]
Исх	12	19	сынов	а	B: квадратные; C: без пометы; в KJV нет	[]	проверено	[]	plain	absent
Исх	12	21	сынов	а	B: квадратные; в C (линия 1882, без вставок по греческому) нет	[]	по признакам	[]	absent	absent
Исх	12	27	им	а	B: квадратные; в C (линия 1882, без вставок по греческому) нет	[]	по признакам	[]	absent	absent
Исх	12	30	во всей земле	а	B: квадратные; в C (линия 1882, без вставок по греческому) нет	[]	по признакам	[]	absent	absent
Исх	12	31	фараон	в	B: квадратные; C (линия 1882): курсив — слово для связности, которого нет в еврейском	[]	по признакам	[]	i	[]
Исх	12	31	им	а	B: квадратные; в C (линия 1882, без вставок по греческому) нет	[]	по признакам	[]	absent	absent
Исх	12	31	Богу вашему	а	B: квадратные; в C (линия 1882, без вставок по греческому) нет	[]	по признакам	[]	absent	absent
Исх	12	36	Своему	в	B: квадратные; C (линия 1882): курсив — слово для связности, которого нет в еврейском	[]	по признакам	[]	i	[]
Исх	12	40	и отцы их	а	B: квадратные; в C (линия 1882, без вставок по греческому) нет	[]	по признакам	[]	absent	absent
Исх	12	40	и в земле Ханаанской	а	B: квадратные; в C (линия 1882, без вставок по греческому) нет	[]	по признакам	[]	absent	absent
Исх	12	46	не оставляйте от нее до утра,	а	B: квадратные; в C (линия 1882, без вставок по греческому) нет; в KJV нет	[]	проверено	[]	absent	absent
Исх	12	47	сынов	а	B: квадратные; в C (линия 1882, без вставок по греческому) нет	[]	по признакам	[]	absent	absent
Исх	13	2	потому что	а	B: квадратные; в C (линия 1882, без вставок по греческому) нет	[]	по признакам	[]	absent	absent
Исх	13	5	Бог твой	а	B: квадратные; в C (линия 1882, без вставок по греческому) нет	[]	по признакам	[]	absent	absent
Исх	13	5	Гергесеев, и Ферезеев,	а	B: квадратные; в C (линия 1882, без вставок по греческому) нет; в KJV нет	[]	проверено	[]	absent	absent
Исх	13	8	Бог	а	B: квадратные; в C (линия 1882, без вставок по греческому) нет	[]	по признакам	[]	absent	absent
Исх	13	9	Бог	а	B: квадратные; в C (линия 1882, без вставок по греческому) нет	[]	по признакам	[]	absent	absent
Исх	13	11	Бог твой	а	B: квадратные; в C (линия 1882, без вставок по греческому) нет	[]	по признакам	[]	absent	absent
Исх	13	12	мужеского пола	а	B: квадратные; в C (линия 1882, без вставок по греческому) нет	[]	по признакам	[]	absent	absent
Исх	13	12	посвящай	а	B: квадратные; в C (линия 1882, без вставок по греческому) нет	[]	по признакам	[]	absent	absent
Исх	13	13	утробу	а	B: квадратные; в C (линия 1882, без вставок по греческому) нет	[]	по признакам	[]	absent	absent
Исх	13	19	Иосиф	в	B: квадратные; C (линия 1882): курсив — слово для связности, которого нет в еврейском	[]	по признакам	[]	i	[]
Исх	13	20	сыны Израилевы	в	B: квадратные; C (линия 1882): курсив — слово для связности, которого нет в еврейском	[]	по признакам	[]	i	[]
Исх	13	22	всего	а	B: квадратные; в C (линия 1882, без вставок по греческому) нет	[]	по признакам	[]	absent	absent
Исх	14	3	народу своему	а	B: квадратные; в C (линия 1882, без вставок по греческому) нет	[]	по признакам	[]	absent	absent
Исх	14	4	все	а	B: квадратные; в C (линия 1882, без вставок по греческому) нет	[]	по признакам	[]	absent	absent
Исх	14	6	Фараон	в	B: квадратные; C (линия 1882): курсив — слово для связности, которого нет в еврейском	[]	по признакам	[]	i	[]
Исх	14	8	и рабов его	а	B: квадратные; в C (линия 1882, без вставок по греческому) нет; в KJV нет	[]	проверено	[]	absent	absent
Исх	14	17	фараона и всех	а	B: квадратные; в C (линия 1882, без вставок по греческому) нет	[]	по признакам	[]	absent	absent
Исх	14	18	все	а	B: квадратные; в C (линия 1882, без вставок по греческому) нет	[]	по признакам	[]	absent	absent
Исх	14	19	сынов	а	B: квадратные; C: без пометы; в KJV нет	[]	проверено	[]	plain	absent
Исх	14	20	сынов	а	B: квадратные; C: без пометы; в KJV нет	[]	проверено	[]	plain	absent
Исх	14	27	воде	в	B: квадратные; C (линия 1882): курсив — слово для связности, которого нет в еврейском	[]	по признакам	[]	i	[]
Исх	14	29	были	в	B: квадратные; C (линия 1882): курсив — слово для связности, которого нет в еврейском	[]	по признакам	[]	i	[]
Исх	14	29	стеною	а	B: квадратные; в C (линия 1882, без вставок по греческому) нет	[]	по признакам	[]	absent	absent
Исх	14	30	сыны	а	B: квадратные; в C (линия 1882, без вставок по греческому) нет	[]	по признакам	[]	absent	absent
Исх	15	23	месту	в	B: квадратные; C (линия 1882): курсив — слово для связности, которого нет в еврейском	[]	по признакам	[]	i	[]
Исх	15	25	Моисей	в	B: квадратные; C (линия 1882): курсив — слово для связности, которого нет в еврейском	[]	по признакам	[]	i	[]
Исх	15	26	Бог твой	а	B: квадратные; в C (линия 1882, без вставок по греческому) нет	[]	по признакам	[]	absent	absent
Исх	16	6	обществу	в	B: квадратные; C (линия 1882): курсив — слово для связности, которого нет в еврейском	[]	по признакам	[]	i	[]
Исх	16	23	Моисей	а	B: квадратные; в C (линия 1882, без вставок по греческому) нет	[]	по признакам	[]	absent	absent
Исх	16	24	им	а	B: квадратные; в C (линия 1882, без вставок по греческому) нет	[]	по признакам	[]	absent	absent
Исх	16	29	в доме своем	а	B: квадратные; в C (линия 1882, без вставок по греческому) нет; в KJV нет	[]	проверено	[]	absent	absent
Исх	16	32	манною	в	B: квадратные; C (линия 1882): курсив — слово для связности, которого нет в еврейском	[]	по признакам	[]	i	[]
Исх	16	33	золотой	а	B: квадратные; в C (линия 1882, без вставок по греческому) нет	[]	по признакам	[]	absent	absent
Исх	17	9	сильных	а	B: квадратные; в C (линия 1882, без вставок по греческому) нет	[]	по признакам	[]	absent	absent
Исх	17	10	пошел	в	B: квадратные; C (линия 1882): курсив — слово для связности, которого нет в еврейском	[]	по признакам	[]	i	[]
Исх	17	15	Господу	а	B: квадратные; в C (линия 1882, без вставок по греческому) нет	[]	по признакам	[]	absent	absent
Исх	18	4	говорил он	в	B: квадратные; C (линия 1882): курсив — слово для связности, которого нет в еврейском	[]	по признакам	[]	i	[]
Исх	18	7	ему	а	B: квадратные; в C (линия 1882, без вставок по греческому) нет	[]	по признакам	[]	absent	absent
Исх	18	8	всеми	а	B: квадратные; в C (линия 1882, без вставок по греческому) нет	[]	по признакам	[]	absent	absent
Исх	18	8	из руки фараона и из руки Египтян	а	B: квадратные; в C (линия 1882, без вставок по греческому) нет	[]	по признакам	[]	absent	absent
Исх	18	9	и из руки фараона	а	B: квадратные; в C (линия 1882, без вставок по греческому) нет; в KJV нет	[]	проверено	[]	absent	absent
Исх	18	14	Иофор,	а	B: квадратные; в C (линия 1882, без вставок по греческому) нет	[]	по признакам	[]	absent	absent
Исх	18	16	им	а	B: квадратные; в C (линия 1882, без вставок по греческому) нет; в KJV нет	[]	проверено	[]	absent	absent
Исх	18	19	его	в	B: квадратные; C (линия 1882): курсив — слово для связности, которого нет в еврейском	[]	по признакам	[]	i	[]
Исх	18	20	Божиим	а	B: квадратные; в C (линия 1882, без вставок по греческому) нет	[]	по признакам	[]	absent	absent
Исх	18	20	Его	а	B: квадратные; в C (линия 1882, без вставок по греческому) нет	[]	по признакам	[]	absent	absent
Исх	18	20	Его	в	B: квадратные; C (линия 1882): курсив — слово для связности, которого нет в еврейском	[]	по признакам	[]	i	[]
Исх	18	21	себе	а	B: квадратные; в C (линия 1882, без вставок по греческому) нет	[]	по признакам	[]	absent	absent
Исх	18	21	их	в	B: квадратные; C (линия 1882): курсив — слово для связности, которого нет в еврейском	[]	по признакам	[]	i	[]
Исх	18	21	и письмоводителями	а	B: квадратные; в C (линия 1882, без вставок по греческому) нет	[]	по признакам	[]	absent	absent
Исх	18	24	ему	а	B: квадратные; в C (линия 1882, без вставок по греческому) нет	[]	по признакам	[]	absent	absent
Исх	18	25	и письмоводителями	а	B: квадратные; в C (линия 1882, без вставок по греческому) нет	[]	по признакам	[]	absent	absent
Исх	18	26	всех	а	B: квадратные; в C (линия 1882, без вставок по греческому) нет	[]	по признакам	[]	absent	absent
Исх	19	3	на гору	в	B: квадратные; C (линия 1882): курсив — слово для связности, которого нет в еврейском	[]	по признакам	[]	i	[]
Исх	19	4	как бы	в	B: квадратные; C (линия 1882): курсив — слово для связности, которого нет в еврейском	[]	по признакам	[]	i	[]
Исх	19	8	и будем послушны	а	B: квадратные; в C (линия 1882, без вставок по греческому) нет; в KJV нет	[]	проверено	[]	absent	absent
Исх	19	10	объяви	а	B: квадратные; в C (линия 1882, без вставок по греческому) нет	[]	по признакам	[]	absent	absent
Исх	19	13	когда облако отойдет от горы,	а	B: квадратные; в C (линия 1882, без вставок по греческому) нет; в KJV нет	[]	проверено	[]	absent	absent
Исх	19	16	Синайскою	а	B: квадратные; в C (линия 1882, без вставок по греческому) нет	[]	по признакам	[]	absent	absent
Исх	19	22	Богу	а	B: квадратные; в C (линия 1882, без вставок по греческому) нет	[]	по признакам	[]	absent	absent
Исх	19	24	Господь	а	B: квадратные; в C (линия 1882, без вставок по греческому) нет	[]	по признакам	[]	absent	absent
Исх	20	1	к Моисею	а	B: квадратные; в C (линия 1882, без вставок по греческому) нет	[]	по признакам	[]	absent	absent
Исх	20	9	в них	а	B: квадратные; в C (линия 1882, без вставок по греческому) нет	[]	по признакам	[]	absent	absent
Исх	20	10	вол твой, ни осел твой, ни всякий	а	B: квадратные; в C (линия 1882, без вставок по греческому) нет	[]	по признакам	[]	absent	absent
Исх	20	12	чтобы тебе было хорошо и	а	B: квадратные; в C (линия 1882, без вставок по греческому) нет	[]	по признакам	[]	absent	absent
Исх	20	17	ни поля его,	а	B: квадратные; в C (линия 1882, без вставок по греческому) нет	[]	по признакам	[]	absent	absent
Исх	20	17	ни всякого скота его,	а	B: квадратные; в C (линия 1882, без вставок по греческому) нет	[]	по признакам	[]	absent	absent
Исх	20	18	весь	а	B: квадратные; в C (линия 1882, без вставок по греческому) нет	[]	по признакам	[]	absent	absent
Исх	20	20	к вам	а	B: квадратные; в C (линия 1882, без вставок по греческому) нет	[]	по признакам	[]	absent	absent
Исх	20	21	весь	а	B: квадратные; в C (линия 1882, без вставок по греческому) нет	[]	по признакам	[]	absent	absent
Исх	20	22	дому Иаковлеву и возвести	а	B: квадратные; в C (линия 1882, без вставок по греческому) нет; в KJV нет	[]	проверено	[]	absent	absent
Исх	21	2	тебе	а	B: квадратные; в C (линия 1882, без вставок по греческому) нет; в KJV нет	[]	проверено	[]	absent	absent
Исх	21	2	год	а	B: квадратные; в C (линия 1882, без вставок по греческому) нет	[]	по признакам	[]	absent	absent
Исх	21	8	господин	а	B: квадратные; в C (линия 1882, без вставок по греческому) нет	[]	по признакам	[]	absent	absent
Исх	21	13	убийце	в	B: квадратные; C (линия 1882): курсив — слово для связности, которого нет в еврейском	[]	по признакам	[]	i	[]
Исх	21	14	и прибежит к жертвеннику	а	B: квадратные; в C (линия 1882, без вставок по греческому) нет	[]	по признакам	[]	absent	absent
Исх	21	16	из сынов Израилевых	а	B: квадратные; в C (линия 1882, без вставок по греческому) нет	[]	по признакам	[]	absent	absent
Исх	21	16	поработив его	а	B: квадратные; в C (линия 1882, без вставок по греческому) нет	[]	по признакам	[]	absent	absent
Исх	21	18	двое	а	B: квадратные; в C (линия 1882, без вставок по греческому) нет	[]	по признакам	[]	absent	absent
Исх	21	19	его	а	B: квадратные; в C (линия 1882, без вставок по греческому) нет	[]	по признакам	[]	absent	absent
Исх	21	36	быв извещен о сем	а	B: квадратные; в C (линия 1882, без вставок по греческому) нет	[]	по признакам	[]	absent	absent
Исх	22	4	он пойман будет и	а	B: квадратные; в C (линия 1882, без вставок по греческому) нет	[]	по признакам	[]	absent	absent
Исх	22	4	за них	а	B: квадратные; в C (линия 1882, без вставок по греческому) нет	[]	по признакам	[]	absent	absent
Исх	22	5	смотря по плодам его пусть заплатит со своего поля; а если потравит всё поле,	а	B: квадратные; в C (линия 1882, без вставок по греческому) нет; в KJV нет	[]	проверено	[]	absent	absent
Исх	22	8	и поклянется	в	B: квадратные; C (линия 1882): курсив — слово для связности, которого нет в еврейском	[]	по признакам	[]	i	[]
Исх	22	16	и возьмет ее	в	B: квадратные; C (линия 1882): курсив — слово для связности, которого нет в еврейском	[]	по признакам	[]	i	[]
Исх	22	17	и не захочет	а	B: квадратные; в C (линия 1882, без вставок по греческому) нет	[]	по признакам	[]	absent	absent
Исх	22	17	отцу	а	B: квадратные; в C (линия 1882, без вставок по греческому) нет	[]	по признакам	[]	absent	absent
Исх	22	29	приносить Мне	в	B: квадратные; C (линия 1882): курсив — слово для связности, которого нет в еврейском	[]	по признакам	[]	i	[]
Исх	22	30	и с ослом твоим	а	B: квадратные; в C (линия 1882, без вставок по греческому) нет	[]	по признакам	[]	absent	absent
Исх	23	9	и не притесняй его	а	B: квадратные; в C (линия 1882, без вставок по греческому) нет; в KJV нет	[]	проверено	[]	absent	absent
Исх	23	17	твоего	а	B: квадратные; в C (линия 1882, без вставок по греческому) нет	[]	по признакам	[]	absent	absent
Исх	23	18	Когда изгоню язычников от лица твоего и распространю пределы твои	а	B: квадратные; в C (линия 1882, без вставок по греческому) нет	[]	по признакам	[]	absent	absent
Исх	23	20	Моего	а	B: квадратные; в C (линия 1882, без вставок по греческому) нет	[]	по признакам	[]	absent	absent
Исх	23	20	тебе	а	B: квадратные; в C (линия 1882, без вставок по греческому) нет	[]	по признакам	[]	absent	absent
Исх	23	22	Если будешь слушать гласа Моего, и будешь исполнять все, что скажу тебе, и сохранишь завет Мой, то вы будете у Меня народом избранным из всех племен, ибо вся земля Моя; вы будете у Меня царственным священством и народом святым. Сии слова скажи сынам Израилевым.	а	B: квадратные; в C (линия 1882, без вставок по греческому) нет	[]	по признакам	[]	absent	absent
Исх	23	22	тебе	а	B: квадратные; в C (линия 1882, без вставок по греческому) нет	[]	по признакам	[]	absent	absent
Исх	23	23	Гергесеям,	а	B: квадратные; в C (линия 1882, без вставок по греческому) нет	[]	по признакам	[]	absent	absent
Исх	23	23	от лица вашего	а	B: квадратные; в C (линия 1882, без вставок по греческому) нет; в KJV нет	[]	проверено	[]	absent	absent
Исх	23	25	и вино твое	а	B: квадратные; в C (линия 1882, без вставок по греческому) нет; в KJV нет	[]	проверено	[]	absent	absent
Исх	23	28	Аморреев,	а	B: квадратные; в C (линия 1882, без вставок по греческому) нет	[]	по признакам	[]	absent	absent
Исх	23	28	Иевусеев,	а	B: квадратные; в C (линия 1882, без вставок по греческому) нет	[]	по признакам	[]	absent	absent
Исх	23	31	великой Евфрата	а	B: квадратные; в C (линия 1882, без вставок по греческому) нет	[]	по признакам	[]	absent	absent
Исх	23	32	не смешивайся и	а	B: квадратные; в C (линия 1882, без вставок по греческому) нет; в KJV нет	[]	проверено	[]	absent	absent
Исх	24	1	Господу	а	B: квадратные; в C (линия 1882, без вставок по греческому) нет	[]	по признакам	[]	absent	absent
Исх	24	3	и будем послушны	а	B: квадратные; в C (линия 1882, без вставок по греческому) нет	[]	по признакам	[]	absent	absent
Исх	24	5	Богу	а	B: квадратные; в C (линия 1882, без вставок по греческому) нет	[]	по признакам	[]	absent	absent
Исх	24	10	место стояния	а	B: квадратные; в C (линия 1882, без вставок по греческому) нет	[]	по признакам	[]	absent	absent
Исх	24	11	место	а	B: квадратные; в C (линия 1882, без вставок по греческому) нет	[]	по признакам	[]	absent	absent
Исх	24	16	Господь	в	B: квадратные; C (линия 1882): курсив — слово для связности, которого нет в еврейском	[]	по признакам	[]	i	[]
Исх	25	4	шерсть	а	B: квадратные; в C (линия 1882, без вставок по греческому) нет	[]	по признакам	[]	absent	absent
Исх	25	9	сделайте	а	B: квадратные; в C (линия 1882, без вставок по греческому) нет	[]	по признакам	[]	absent	absent
Исх	25	11	витый	а	B: квадратные; в C (линия 1882, без вставок по греческому) нет	[]	по признакам	[]	absent	absent
Исх	25	13	чистым	а	B: квадратные; в C (линия 1882, без вставок по греческому) нет	[]	по признакам	[]	absent	absent
Исх	25	24	витый	а	B: квадратные; в C (линия 1882, без вставок по греческому) нет	[]	по признакам	[]	absent	absent
Исх	25	28	чистым	а	B: квадратные; в C (линия 1882, без вставок по греческому) нет	[]	по признакам	[]	absent	absent
Исх	25	35	и на светильнике четыре чашечки, наподобие миндального цветка	а	B: квадратные; в C (линия 1882, без вставок по греческому) нет; в KJV нет	[]	проверено	[]	absent	absent
Исх	25	38	сделай	а	B: квадратные; в C (линия 1882, без вставок по греческому) нет	[]	по признакам	[]	absent	absent
Исх	26	4	к ним	а	B: квадратные; в C (линия 1882, без вставок по греческому) нет	[]	по признакам	[]	absent	absent
Исх	26	10	сделай	а	B: квадратные; в C (линия 1882, без вставок по греческому) нет	[]	по признакам	[]	absent	absent
Исх	26	16	сделай	а	B: квадратные; в C (линия 1882, без вставок по греческому) нет	[]	по признакам	[]	absent	absent
Исх	26	17	на концах	а	B: квадратные; в C (линия 1882, без вставок по греческому) нет	[]	по признакам	[]	absent	absent
Исх	26	21	для двух шипов его	а	B: квадратные; в C (линия 1882, без вставок по греческому) нет	[]	по признакам	[]	absent	absent
Исх	26	21	для двух шипов его	а	B: квадратные; в C (линия 1882, без вставок по греческому) нет	[]	по признакам	[]	absent	absent
Исх	26	25	для двух шипов его	а	B: квадратные; в C (линия 1882, без вставок по греческому) нет	[]	по признакам	[]	absent	absent
Исх	26	26	шестов	а	B: квадратные; в C (линия 1882, без вставок по греческому) нет	[]	по признакам	[]	absent	absent
Исх	26	35	скинии	а	B: квадратные; в C (линия 1882, без вставок по греческому) нет	[]	по признакам	[]	absent	absent
Исх	27	8	его	а	B: квадратные; в C (линия 1882, без вставок по греческому) нет	[]	по признакам	[]	absent	absent
Исх	27	11	и подножия их	а	B: квадратные; в C (линия 1882, без вставок по греческому) нет	[]	по признакам	[]	absent	absent
Исх	27	13	завесы	в	B: квадратные; C (линия 1882): курсив — слово для связности, которого нет в еврейском	[]	по признакам	[]	i	[]
Исх	27	13	столбов для них десять, и подножий для них десять	а	B: квадратные; в C (линия 1882, без вставок по греческому) нет	[]	по признакам	[]	absent	absent
Исх	27	14	вышиною	а	B: квадратные; в C (линия 1882, без вставок по греческому) нет	[]	по признакам	[]	absent	absent
Исх	27	15	локтей вышиною	а	B: квадратные; в C (линия 1882, без вставок по греческому) нет	[]	по признакам	[]	absent	absent
Исх	27	16	вышиною	а	B: квадратные; в C (линия 1882, без вставок по греческому) нет	[]	по признакам	[]	absent	absent
Исх	28	3	и смышления	а	B: квадратные; в C (линия 1882, без вставок по греческому) нет; в KJV нет	[]	проверено	[]	absent	absent
Исх	28	3	священные	а	B: квадратные; в C (линия 1882, без вставок по греческому) нет	[]	по признакам	[]	absent	absent
Исх	28	8	чистого	а	B: квадратные; в C (линия 1882, без вставок по греческому) нет	[]	по признакам	[]	absent	absent
Исх	28	13	чистого	а	B: квадратные; в C (линия 1882, без вставок по греческому) нет	[]	по признакам	[]	absent	absent
Исх	28	14	сделай	а	B: квадратные; в C (линия 1882, без вставок по греческому) нет	[]	по признакам	[]	absent	absent
Исх	28	14	на нарамниках их спереди	а	B: квадратные; в C (линия 1882, без вставок по греческому) нет	[]	по признакам	[]	absent	absent
Исх	28	21	двенадцати имен	а	B: квадратные; в C (линия 1882, без вставок по греческому) нет	[]	по признакам	[]	absent	absent
Исх	28	21	на двух раменах его	а	B: квадратные; в C (линия 1882, без вставок по греческому) нет	[]	по признакам	[]	absent	absent
Исх	28	21	и по рождению их	а	B: квадратные; в C (линия 1882, без вставок по греческому) нет	[]	по признакам	[]	absent	absent
Исх	28	23	золотых	а	B: квадратные; в C (линия 1882, без вставок по греческому) нет	[]	по признакам	[]	absent	absent
Исх	28	24	обоим	а	B: квадратные; в C (линия 1882, без вставок по греческому) нет	[]	по признакам	[]	absent	absent
Исх	28	29	И положи на наперсник судный витые цепочки, положи на оба конца наперсника, и положи оба гнезда на обоих плечах на нарамнике с лица.	а	B: квадратные; в C (линия 1882, без вставок по греческому) нет	[]	по признакам	[]	absent	absent
Исх	28	30	во святилище	в	B: квадратные; C (линия 1882): курсив — слово для связности, которого нет в еврейском	[]	по признакам	[]	i	[]
Исх	28	33	и из крученого виссона	а	B: квадратные; в C (линия 1882, без вставок по греческому) нет	[]	по признакам	[]	absent	absent
Исх	28	33	такого вида яблоки и	а	B: квадратные; в C (линия 1882, без вставок по греческому) нет	[]	по признакам	[]	absent	absent
Исх	28	43	на себя	в	B: квадратные; C (линия 1882): курсив — слово для связности, которого нет в еврейском	[]	по признакам	[]	i	[]
Исх	28	43	да будет	а	B: квадратные; в C (линия 1882, без вставок по греческому) нет	[]	по признакам	[]	absent	absent
Исх	29	5	священные	а	B: квадратные; в C (линия 1882, без вставок по греческому) нет	[]	по признакам	[]	absent	absent
Исх	29	10	пред Господом у дверей скинии собрания	а	B: квадратные; в C (линия 1882, без вставок по греческому) нет; в KJV нет	[]	проверено	[]	absent	absent
Исх	29	12	остальную	а	B: квадратные; в C (линия 1882, без вставок по греческому) нет	[]	по признакам	[]	absent	absent
Исх	29	17	в воде	а	B: квадратные; в C (линия 1882, без вставок по греческому) нет	[]	по признакам	[]	absent	absent
Исх	29	22	потому что это овен вручения священства	б	в C нет; есть в еврейском тексте (проверено по KJV — переводу с еврейского)	[]	проверено	[]	absent	absent
Исх	29	28	сынов Израилевых	а	B: квадратные; в C (линия 1882, без вставок по греческому) нет	[]	по признакам	[]	absent	absent
Исх	29	30	великий	а	B: квадратные; в C (линия 1882, без вставок по греческому) нет	[]	по признакам	[]	absent	absent
Исх	29	38	без порока	а	B: квадратные; в C (линия 1882, без вставок по греческому) нет	[]	по признакам	[]	absent	absent
Исх	29	38	в жертву всегдашнюю	а	B: квадратные; в C (линия 1882, без вставок по греческому) нет; в KJV нет	[]	проверено	[]	absent	absent
Исх	30	4	чистого	а	B: квадратные; в C (линия 1882, без вставок по греческому) нет	[]	по признакам	[]	absent	absent
Исх	30	23	сиклей	в	B: квадратные; C (линия 1882): курсив — слово для связности, которого нет в еврейском	[]	по признакам	[]	i	[]
Исх	30	26	скинии	а	B: квадратные; в C (линия 1882, без вставок по греческому) нет	[]	по признакам	[]	absent	absent
Исх	30	32	сами себе	а	B: квадратные; в C (линия 1882, без вставок по греческому) нет	[]	по признакам	[]	absent	absent
Исх	30	38	душа та	а	B: квадратные; в C (линия 1882, без вставок по греческому) нет	[]	по признакам	[]	absent	absent
Исх	31	4	из голубой, пурпуровой и червленой шерсти и из крученого виссона	а	B: квадратные; в C (линия 1882, без вставок по греческому) нет	[]	по признакам	[]	absent	absent
Исх	31	8	все	а	B: квадратные; в C (линия 1882, без вставок по греческому) нет	[]	по признакам	[]	absent	absent
Исх	31	18	Бог	в	B: квадратные; C (линия 1882): курсив — слово для связности, которого нет в еврейском	[]	по признакам	[]	i	[]
Исх	32	7	отсюда	а	B: квадратные; в C (линия 1882, без вставок по греческому) нет	[]	по признакам	[]	absent	absent
Исх	32	13	Иакова	а	B: квадратные; в C (линия 1882, без вставок по греческому) нет	[]	по признакам	[]	absent	absent
Исх	32	13	ею	а	B: квадратные; в C (линия 1882, без вставок по греческому) нет	[]	по признакам	[]	absent	absent
Исх	32	15	каменные	а	B: квадратные; в C (линия 1882, без вставок по греческому) нет	[]	по признакам	[]	absent	absent
Исх	32	18	Моисей	в	B: квадратные; C (линия 1882): курсив — слово для связности, которого нет в еврейском	[]	по признакам	[]	i	[]
Исх	32	22	Моисею	а	B: квадратные; в C (линия 1882, без вставок по греческому) нет	[]	по признакам	[]	absent	absent
Исх	32	24	Они сняли	а	B: квадратные; в C (линия 1882, без вставок по греческому) нет	[]	по признакам	[]	absent	absent
Исх	32	26	иди	а	B: квадратные; в C (линия 1882, без вставок по греческому) нет	[]	по признакам	[]	absent	absent
Исх	32	29	им	а	B: квадратные; в C (линия 1882, без вставок по греческому) нет	[]	по признакам	[]	absent	absent
Исх	32	31	Господи!	а	B: квадратные; в C (линия 1882, без вставок по греческому) нет	[]	по признакам	[]	absent	absent
Исх	32	34	сойди,	а	B: квадратные; в C (линия 1882, без вставок по греческому) нет	[]	по признакам	[]	absent	absent
Исх	33	2	Моего	а	B: квадратные; в C (линия 1882, без вставок по греческому) нет	[]	по признакам	[]	absent	absent
Исх	33	2	Гергесеев,	а	B: квадратные; в C (линия 1882, без вставок по греческому) нет	[]	по признакам	[]	absent	absent
Исх	33	3	и введет он вас	в	B: квадратные; C (линия 1882): курсив — слово для связности, которого нет в еврейском	[]	по признакам	[]	i	[]
Исх	33	9	Господь	в	B: квадратные; C (линия 1882): курсив — слово для связности, которого нет в еврейском	[]	по признакам	[]	i	[]
Исх	33	14	Господь	в	B: квадратные; C (линия 1882): курсив — слово для связности, которого нет в еврейском	[]	по признакам	[]	i	[]
Исх	33	14	ему	а	B: квадратные; в C (линия 1882, без вставок по греческому) нет	[]	по признакам	[]	absent	absent
Исх	33	14	пред тобою	а	B: квадратные; в C (линия 1882, без вставок по греческому) нет	[]	по признакам	[]	absent	absent
Исх	33	15	Моисей	в	B: квадратные; C (линия 1882): курсив — слово для связности, которого нет в еврейском	[]	по признакам	[]	i	[]
Исх	33	15	с нами	в	B: квадратные; C (линия 1882): курсив — слово для связности, которого нет в еврейском	[]	по признакам	[]	i	[]
Исх	33	18	Моисей	в	B: квадратные; C (линия 1882): курсив — слово для связности, которого нет в еврейском	[]	по признакам	[]	i	[]
Исх	33	19	Господь Моисею	а	B: квадратные; в C (линия 1882, без вставок по греческому) нет	[]	по признакам	[]	absent	absent
Исх	33	23	тебе	а	B: квадратные; в C (линия 1882, без вставок по греческому) нет	[]	по признакам	[]	absent	absent
Исх	34	1	и взойди ко Мне на гору,	а	B: квадратные; в C (линия 1882, без вставок по греческому) нет	[]	по признакам	[]	absent	absent
Исх	34	7	правду и являющий	а	B: квадратные; в C (линия 1882, без вставок по греческому) нет	[]	по признакам	[]	absent	absent
Исх	34	8	Богу	в	B: квадратные; C (линия 1882): курсив — слово для связности, которого нет в еврейском	[]	по признакам	[]	i	[]
Исх	34	10	Господь Моисею	а	B: квадратные; в C (линия 1882, без вставок по греческому) нет	[]	по признакам	[]	absent	absent
Исх	34	11	Гергесеев	а	B: квадратные; в C (линия 1882, без вставок по греческому) нет	[]	по признакам	[]	absent	absent
Исх	34	13	и изваяния богов их сожгите огнем	а	B: квадратные; в C (линия 1882, без вставок по греческому) нет	[]	по признакам	[]	absent	absent
Исх	34	14	Бога	а	B: квадратные; в C (линия 1882, без вставок по греческому) нет	[]	по признакам	[]	absent	absent
Исх	34	16	и дочерей своих не давай в замужество за сыновей их	а	B: квадратные; в C (линия 1882, без вставок по греческому) нет	[]	по признакам	[]	absent	absent
Исх	34	28	Моисей	в	B: квадратные; C (линия 1882): курсив — слово для связности, которого нет в еврейском	[]	по признакам	[]	i	[]
Исх	34	28	Моисей	а	B: квадратные; в C (линия 1882, без вставок по греческому) нет	[]	по признакам	[]	absent	absent
Исх	34	32	к нему	а	B: квадратные; в C (линия 1882, без вставок по греческому) нет	[]	по признакам	[]	absent	absent
Исх	34	34	ему от Господа	а	B: квадратные; в C (линия 1882, без вставок по греческому) нет	[]	по признакам	[]	absent	absent
Исх	35	3	Я Господь.	а	B: квадратные; в C (линия 1882, без вставок по греческому) нет	[]	по признакам	[]	absent	absent
Исх	35	6	крученый	а	B: квадратные; в C (линия 1882, без вставок по греческому) нет	[]	по признакам	[]	absent	absent
Исх	35	12	и завесы двора и столбы его, и камни смарагдовые и фимиам и елей помазания,	а	B: квадратные; в C (линия 1882, без вставок по греческому) нет	[]	по признакам	[]	absent	absent
Исх	35	14	всеми	а	B: квадратные; в C (линия 1882, без вставок по греческому) нет	[]	по признакам	[]	absent	absent
Исх	35	21	всех	а	B: квадратные; в C (линия 1882, без вставок по греческому) нет	[]	по признакам	[]	absent	absent
Исх	35	35	для святилища	а	B: квадратные; в C (линия 1882, без вставок по греческому) нет	[]	по признакам	[]	absent	absent
Исх	36	3	все	а	B: квадратные; в C (линия 1882, без вставок по греческому) нет	[]	по признакам	[]	absent	absent
Исх	38	15	по обеим сторонам ворот двора	а	B: квадратные; в C (линия 1882, без вставок по греческому) нет	[]	по признакам	[]	absent	absent
Исх	40	5	собрания	а	B: квадратные; в C (линия 1882, без вставок по греческому) нет	[]	по признакам	[]	absent	absent
Исх	40	17	по исшествии их из Египта	а	B: квадратные; в C (линия 1882, без вставок по греческому) нет; в KJV нет	[]	проверено	[]	absent	absent
Исх	40	25	его	а	B: квадратные; в C (линия 1882, без вставок по греческому) нет	[]	по признакам	[]	absent	absent
Исх	40	32	служить	а	B: квадратные; в C (линия 1882, без вставок по греческому) нет	[]	по признакам	[]	absent	absent
Исх	40	32	из него	а	B: квадратные; в C (линия 1882, без вставок по греческому) нет	[]	по признакам	[]	absent	absent
Лев	1	10	Господу	а	B: квадратные; в C (линия 1882, без вставок по греческому) нет	[]	по признакам	[]	absent	absent
Лев	1	10	и пусть возложит руку на голову ее,	а	B: квадратные; в C (линия 1882, без вставок по греческому) нет	[]	по признакам	[]	absent	absent
Лев	2	6	Господу	а	B: квадратные; в C (линия 1882, без вставок по греческому) нет	[]	по признакам	[]	absent	absent
Лев	2	13	Господу Богу твоему	а	B: квадратные; в C (линия 1882, без вставок по греческому) нет; в KJV нет	[]	проверено	[]	absent	absent
Лев	3	16	Господу	в	B: квадратные; C (линия 1882): курсив — слово для связности, которого нет в еврейском	[]	по признакам	[]	i	[]
Лев	4	5	посвященный совершенным посвящением,	а	B: квадратные; в C (линия 1882, без вставок по греческому) нет; в KJV нет	[]	проверено	[]	absent	absent
Лев	4	7	тельца	в	B: квадратные; C (линия 1882): курсив — слово для связности, которого нет в еврейском	[]	по признакам	[]	i	[]
Лев	4	17	тельца	а	B: квадратные; в C (линия 1882, без вставок по греческому) нет	[]	по признакам	[]	absent	absent
Лев	4	17	святилища	в	B: квадратные; C (линия 1882): курсив — слово для связности, которого нет в еврейском	[]	по признакам	[]	i	[]
Лев	4	18	благовонных курений	а	B: квадратные; в C (линия 1882, без вставок по греческому) нет	[]	по признакам	[]	absent	absent
Лев	4	29	козу	в	B: квадратные; C (линия 1882): курсив — слово для связности, которого нет в еврейском	[]	по признакам	[]	i	[]
Лев	4	29	где заколают	в	B: квадратные; C (линия 1882): курсив — слово для связности, которого нет в еврейском	[]	по признакам	[]	i	[]
Лев	5	8	священник	в	B: квадратные; C (линия 1882): курсив — слово для связности, которого нет в еврейском	[]	по признакам	[]	i	[]
Лев	5	13	остаток	в	B: квадратные; C (линия 1882): курсив — слово для связности, которого нет в еврейском	[]	по признакам	[]	i	[]
Лев	6	9	и не угасает	а	B: квадратные; в C (линия 1882, без вставок по греческому) нет; в KJV нет	[]	проверено	[]	absent	absent
Лев	6	12	и	а	B: квадратные; в C (линия 1882, без вставок по греческому) нет	[]	по признакам	[]	absent	absent
Лев	6	14	священники	а	B: квадратные; в C (линия 1882, без вставок по греческому) нет	[]	по признакам	[]	absent	absent
Лев	6	15	священник	в	B: квадратные; C (линия 1882): курсив — слово для связности, которого нет в еврейском	[]	по признакам	[]	i	[]
Лев	6	29	у Господа	а	B: квадратные; в C (линия 1882, без вставок по греческому) нет	[]	по признакам	[]	absent	absent
Лев	7	30	и сальник на печени	а	B: квадратные; в C (линия 1882, без вставок по греческому) нет; в KJV нет	[]	проверено	[]	absent	absent
Лев	8	12	Моисей	а	B: квадратные; в C (линия 1882, без вставок по греческому) нет	[]	по признакам	[]	absent	absent
Лев	8	14	Моисей	а	B: квадратные; в C (линия 1882, без вставок по греческому) нет	[]	по признакам	[]	absent	absent
Лев	8	15	Моисей	а	B: квадратные; в C (линия 1882, без вставок по греческому) нет	[]	по признакам	[]	absent	absent
Лев	8	16	Моисей	а	B: квадратные; в C (линия 1882, без вставок по греческому) нет	[]	по признакам	[]	absent	absent
Лев	8	18	Моисей	а	B: квадратные; в C (линия 1882, без вставок по греческому) нет	[]	по признакам	[]	absent	absent
Лев	8	22	Моисей	а	B: квадратные; в C (линия 1882, без вставок по греческому) нет	[]	по признакам	[]	absent	absent
Лев	8	25	Моисей	а	B: квадратные; в C (линия 1882, без вставок по греческому) нет	[]	по признакам	[]	absent	absent
Лев	8	35	от Господа Бога	в	B: квадратные; C (линия 1882): курсив — слово для связности, которого нет в еврейском	[]	по признакам	[]	i	[]
Лев	9	3	и овна,	а	B: квадратные; в C (линия 1882, без вставок по греческому) нет	[]	по признакам	[]	absent	absent
Лев	9	19	тук	в	B: квадратные; C (линия 1882): курсив — слово для связности, которого нет в еврейском	[]	по признакам	[]	i	[]
Лев	9	19	внутренности	в	B: квадратные; C (линия 1882): курсив — слово для связности, которого нет в еврейском	[]	по признакам	[]	i	[]
Лев	10	9	или приступаете к жертвеннику,	а	B: квадратные; в C (линия 1882, без вставок по греческому) нет	[]	по признакам	[]	absent	absent
Лев	10	13	от Господа	в	B: квадратные; C (линия 1882): курсив — слово для связности, которого нет в еврейском	[]	по признакам	[]	i	[]
Лев	10	15	и дочерям твоим	а	B: квадратные; в C (линия 1882, без вставок по греческому) нет; в KJV нет	[]	проверено	[]	absent	absent
Лев	10	15	Моисею	а	B: квадратные; в C (линия 1882, без вставок по греческому) нет	[]	по признакам	[]	absent	absent
Лев	10	16	Моисей	а	B: квадратные; в C (линия 1882, без вставок по греческому) нет	[]	по признакам	[]	absent	absent
Лев	11	13	не должно их есть, скверны они	б	в C нет; есть в еврейском тексте (проверено по KJV — переводу с еврейского)	[]	проверено	[]	absent	absent
Лев	11	26	до вечера	а	B: квадратные; в C (линия 1882, без вставок по греческому) нет	[]	по признакам	[]	absent	absent
Лев	11	33	сосуд	в	B: квадратные; C (линия 1882): курсив — слово для связности, которого нет в еврейском	[]	по признакам	[]	i	[]
Лев	11	34	для вас	а	B: квадратные; в C (линия 1882, без вставок по греческому) нет	[]	по признакам	[]	absent	absent
Лев	11	44	Господь, Бог ваш	а	B: квадратные; в C (линия 1882, без вставок по греческому) нет; в KJV нет	[]	проверено	[]	absent	absent
Лев	14	10	однолетних	а	B: квадратные; в C (линия 1882, без вставок по греческому) нет	[]	по признакам	[]	absent	absent
Лев	14	47	и нечист будет до вечера	а	B: квадратные; в C (линия 1882, без вставок по греческому) нет; в KJV нет	[]	проверено	[]	absent	absent
Лев	14	47	и нечист будет до вечера	а	B: квадратные; в C (линия 1882, без вставок по греческому) нет; в KJV нет	[]	проверено	[]	absent	absent
Лев	15	3	закон	в	B: квадратные; C (линия 1882): курсив — слово для связности, которого нет в еврейском	[]	по признакам	[]	i	[]
Лев	15	4	имеющий истечение семени	а	B: квадратные; в C (линия 1882, без вставок по греческому) нет; в KJV нет	[]	проверено	[]	absent	absent
Лев	15	9	будет до вечера	в	B: квадратные; C (линия 1882): курсив — слово для связности, которого нет в еврейском	[]	по признакам	[]	i	[]
Лев	15	12	и будет чист	а	B: квадратные; в C (линия 1882, без вставок по греческому) нет; в KJV нет	[]	проверено	[]	absent	absent
Лев	16	1	с чуждым огнем	а	B: квадратные; в C (линия 1882, без вставок по греческому) нет	[]	по признакам	[]	absent	absent
Лев	16	2	очистилище	а	B: квадратные; в C (линия 1882, без вставок по греческому) нет	[]	по признакам	[]	absent	absent
Лев	16	2	откровения	а	B: квадратные; в C (линия 1882, без вставок по греческому) нет	[]	по признакам	[]	absent	absent
Лев	16	5	из стада коз	а	B: квадратные; в C (линия 1882, без вставок по греческому) нет; в KJV нет	[]	проверено	[]	absent	absent
Лев	16	10	и чтоб он понес на себе их беззакония в землю непроходимую	а	B: квадратные; в C (линия 1882, без вставок по греческому) нет; в KJV нет	[]	проверено	[]	absent	absent
Лев	16	20	и очистив священников	а	B: квадратные; в C (линия 1882, без вставок по греческому) нет; в KJV нет	[]	проверено	[]	absent	absent
Лев	16	24	дом свой	а	B: квадратные; в C (линия 1882, без вставок по греческому) нет	[]	по признакам	[]	absent	absent
Лев	16	24	и священников	а	B: квадратные; в C (линия 1882, без вставок по греческому) нет	[]	по признакам	[]	absent	absent
Лев	16	29	день	в	B: квадратные; C (линия 1882): курсив — слово для связности, которого нет в еврейском	[]	по признакам	[]	i	[]
Лев	17	3	или из пришельцев, присоединившихся к вам	а	B: квадратные; в C (линия 1882, без вставок по греческому) нет	[]	по признакам	[]	absent	absent
Лев	17	4	чтобы принести во всесожжение или в жертву о спасении, угодную Господу, в приятное благоухание, и если кто заколет вне стана и ко входу скинии собрания не принесет,	а	B: квадратные; в C (линия 1882, без вставок по греческому) нет	[]	по признакам	[]	absent	absent
Лев	17	16	одежд своих	в	B: квадратные; C (линия 1882): курсив — слово для связности, которого нет в еврейском	[]	по признакам	[]	i	[]
Лев	18	5	Бог ваш	а	B: квадратные; в C (линия 1882, без вставок по греческому) нет	[]	по признакам	[]	absent	absent
Лев	18	11	по отцу	в	B: квадратные; C (линия 1882): курсив — слово для связности, которого нет в еврейском	[]	по признакам	[]	i	[]
Лев	18	23	семя	в	B: квадратные; C (линия 1882): курсив — слово для связности, которого нет в еврейском	[]	по признакам	[]	i	[]
Лев	19	12	Бог ваш	а	B: квадратные; в C (линия 1882, без вставок по греческому) нет	[]	по признакам	[]	absent	absent
Лев	19	14	Господа	а	B: квадратные; в C (линия 1882, без вставок по греческому) нет	[]	по признакам	[]	absent	absent
Лев	19	14	Бог ваш	а	B: квадратные; в C (линия 1882, без вставок по греческому) нет	[]	по признакам	[]	absent	absent
Лев	19	16	Бог ваш	а	B: квадратные; в C (линия 1882, без вставок по греческому) нет	[]	по признакам	[]	absent	absent
Лев	19	18	Бог ваш	а	B: квадратные; в C (линия 1882, без вставок по греческому) нет	[]	по признакам	[]	absent	absent
Лев	19	23	которую Господь Бог даст вам,	в	B: квадратные; C (линия 1882): курсив — слово для связности, которого нет в еврейском	[]	по признакам	[]	i	[]
Лев	19	28	Бог ваш	а	B: квадратные; в C (линия 1882, без вставок по греческому) нет	[]	по признакам	[]	absent	absent
Лев	19	32	Господа	а	B: квадратные; в C (линия 1882, без вставок по греческому) нет	[]	по признакам	[]	absent	absent
Лев	19	32	Бог ваш	а	B: квадратные; в C (линия 1882, без вставок по греческому) нет	[]	по признакам	[]	absent	absent
Лев	19	37	Бог ваш	а	B: квадратные; в C (линия 1882, без вставок по греческому) нет	[]	по признакам	[]	absent	absent
Лев	20	7	свят	в	B: квадратные; C (линия 1882): курсив — слово для связности, которого нет в еврейском	[]	по признакам	[]	i	[]
Лев	20	26	Бог ваш	а	B: квадратные; в C (линия 1882, без вставок по греческому) нет	[]	по признакам	[]	absent	absent
Лев	21	7	Господу	а	B: квадратные; в C (линия 1882, без вставок по греческому) нет	[]	по признакам	[]	absent	absent
Лев	21	8	Господу	а	B: квадратные; в C (линия 1882, без вставок по греческому) нет	[]	по признакам	[]	absent	absent
Лев	21	13	из народа своего	а	B: квадратные; в C (линия 1882, без вставок по греческому) нет	[]	по признакам	[]	absent	absent
Лев	21	14	или	в	B: квадратные; C (линия 1882): курсив — слово для связности, которого нет в еврейском	[]	по признакам	[]	i	[]
Лев	21	15	Бог	а	B: квадратные; в C (линия 1882, без вставок по греческому) нет	[]	по признакам	[]	absent	absent
Лев	22	3	Бог ваш	а	B: квадратные; в C (линия 1882, без вставок по греческому) нет	[]	по признакам	[]	absent	absent
Лев	22	9	Бог	а	B: квадратные; в C (линия 1882, без вставок по греческому) нет	[]	по признакам	[]	absent	absent
Лев	22	18	поселившихся	в	B: квадратные; C (линия 1882): курсив — слово для связности, которого нет в еврейском	[]	по признакам	[]	i	[]
Лев	22	20	Господу	а	B: квадратные; в C (линия 1882, без вставок по греческому) нет	[]	по признакам	[]	absent	absent
Лев	22	21	или в праздники ваши,	а	B: квадратные; в C (линия 1882, без вставок по греческому) нет	[]	по признакам	[]	absent	absent
Лев	23	5	день	в	B: квадратные; C (линия 1882): курсив — слово для связности, которого нет в еврейском	[]	по признакам	[]	i	[]
Лев	23	18	без порока	а	B: квадратные; в C (линия 1882, без вставок по греческому) нет	[]	по признакам	[]	absent	absent
Лев	23	19	вместе с хлебом первого плода	а	B: квадратные; в C (линия 1882, без вставок по греческому) нет	[]	по признакам	[]	absent	absent
Лев	23	20	который приносит, это принадлежит	в	B: квадратные; C (линия 1882): курсив — слово для связности, которого нет в еврейском	[]	по признакам	[]	i	[]
Лев	23	24	день	в	B: квадратные; C (линия 1882): курсив — слово для связности, которого нет в еврейском	[]	по признакам	[]	i	[]
Лев	23	24	да будет у вас	а	B: квадратные; в C (линия 1882, без вставок по греческому) нет; в KJV нет	[]	проверено	[]	absent	absent
Лев	23	27	день	в	B: квадратные; C (линия 1882): курсив — слово для связности, которого нет в еврейском	[]	по признакам	[]	i	[]
Лев	23	32	дня	в	B: квадратные; C (линия 1882): курсив — слово для связности, которого нет в еврейском	[]	по признакам	[]	i	[]
Лев	23	32	десятого дня месяца	а	B: квадратные; в C (линия 1882, без вставок по греческому) нет; в KJV нет	[]	проверено	[]	absent	absent
Лев	24	3	и сыны его	в	B: квадратные; C (линия 1882): курсив — слово для связности, которого нет в еврейском	[]	по признакам	[]	i	[]
Лев	24	7	каждый	в	B: квадратные; C (линия 1882): курсив — слово для связности, которого нет в еврейском	[]	по признакам	[]	i	[]
Лев	24	7	и соли	а	B: квадратные; в C (линия 1882, без вставок по греческому) нет	[]	по признакам	[]	absent	absent
Лев	24	11	Господне	в	B: квадратные; C (линия 1882): курсив — слово для связности, которого нет в еврейском	[]	по признакам	[]	i	[]
Лев	24	11	имя же матери его Саломиф, дочь Давриина, из племени Данова	б	в C и E нет; есть в еврейском тексте (проверено по KJV — переводу с еврейского), в KJV — в скобках	[]	проверено	[]	absent	absent
Лев	24	16	Господне	в	B: квадратные; C (линия 1882): курсив — слово для связности, которого нет в еврейском	[]	по признакам	[]	i	[]
Лев	25	9	день	в	B: квадратные; C (линия 1882): курсив — слово для связности, которого нет в еврейском	[]	по признакам	[]	i	[]
Лев	25	31	всегда	а	B: квадратные; в C (линия 1882, без вставок по греческому) нет	[]	по признакам	[]	absent	absent
Лев	25	36	Я Господь,	а	B: квадратные; в C (линия 1882, без вставок по греческому) нет	[]	по признакам	[]	absent	absent
Лев	26	5	вашей	в	B: квадратные; C (линия 1882): курсив — слово для связности, которого нет в еврейском	[]	по признакам	[]	i	[]
Лев	26	6	вашу	в	B: квадратные; C (линия 1882): курсив — слово для связности, которого нет в еврейском	[]	по признакам	[]	i	[]
Лев	26	6	вашей	в	B: квадратные; C (линия 1882): курсив — слово для связности, которого нет в еврейском	[]	по признакам	[]	i	[]
Лев	26	9	и благословлю вас	а	B: квадратные; в C (линия 1882, без вставок по греческому) нет; в KJV нет	[]	проверено	[]	absent	absent
Лев	26	20	вашей	а	B: квадратные; в C (линия 1882, без вставок по греческому) нет	[]	по признакам	[]	absent	absent
Лев	26	21	после сего	в	B: квадратные; C (линия 1882): курсив — слово для связности, которого нет в еврейском	[]	по признакам	[]	i	[]
Лев	26	24	в ярости	а	B: квадратные; в C (линия 1882, без вставок по греческому) нет	[]	по признакам	[]	absent	absent
Лев	26	31	жертв	в	B: квадратные; C (линия 1882): курсив — слово для связности, которого нет в еврейском	[]	по признакам	[]	i	[]
Лев	26	32	вашу	в	B: квадратные; C (линия 1882): курсив — слово для связности, которого нет в еврейском	[]	по признакам	[]	i	[]
Лев	26	34	своего	в	B: квадратные; C (линия 1882): курсив — слово для связности, которого нет в еврейском	[]	по признакам	[]	i	[]
Лев	26	35	своего	в	B: квадратные; C (линия 1882): курсив — слово для связности, которого нет в еврейском	[]	по признакам	[]	i	[]
Лев	26	41	в ярости	а	B: квадратные; в C (линия 1882, без вставок по греческому) нет	[]	по признакам	[]	absent	absent
Чис	1	1	день	в	B: квадратные; C (линия 1882): курсив — слово для связности, которого нет в еврейском	[]	по признакам	[]	i	[]
Чис	1	18	день	в	B: квадратные; C (линия 1882): курсив — слово для связности, которого нет в еврейском	[]	по признакам	[]	i	[]
Чис	1	24	их, поголовно, всех мужеского пола	а	B: квадратные; в C (линия 1882, без вставок по греческому) нет; в KJV нет	[]	проверено	[]	absent	absent
Чис	1	26	их, поголовно, всех мужеского пола	а	B: квадратные; в C (линия 1882, без вставок по греческому) нет; в KJV нет	[]	проверено	[]	absent	absent
Чис	1	28	их, поголовно, всех мужеского пола	а	B: квадратные; в C (линия 1882, без вставок по греческому) нет; в KJV нет	[]	проверено	[]	absent	absent
Чис	1	30	их, поголовно, всех мужеского пола	а	B: квадратные; в C (линия 1882, без вставок по греческому) нет; в KJV нет	[]	проверено	[]	absent	absent
Чис	1	32	их, поголовно, всех мужеского пола	а	B: квадратные; в C (линия 1882, без вставок по греческому) нет; в KJV нет	[]	проверено	[]	absent	absent
Чис	1	34	их, поголовно, всех мужеского пола	а	B: квадратные; в C (линия 1882, без вставок по греческому) нет; в KJV нет	[]	проверено	[]	absent	absent
Чис	1	36	их, поголовно, всех мужеского пола	а	B: квадратные; в C (линия 1882, без вставок по греческому) нет; в KJV нет	[]	проверено	[]	absent	absent
Чис	1	38	их, поголовно, всех мужеского пола	а	B: квадратные; в C (линия 1882, без вставок по греческому) нет; в KJV нет	[]	проверено	[]	absent	absent
Чис	1	40	их, поголовно, всех мужеского пола	а	B: квадратные; в C (линия 1882, без вставок по греческому) нет; в KJV нет	[]	проверено	[]	absent	absent
Чис	1	42	их, поголовно, всех мужеского пола	а	B: квадратные; в C (линия 1882, без вставок по греческому) нет; в KJV нет	[]	проверено	[]	absent	absent
Чис	2	7	далее ставит стан	в	B: квадратные; C (линия 1882): курсив — слово для связности, которого нет в еврейском	[]	по признакам	[]	i	[]
Чис	2	29	ставит стан	а	B: квадратные; в C (линия 1882, без вставок по греческому) нет	[]	по признакам	[]	absent	absent
Чис	3	9	брату твоему	а	B: квадратные; в C (линия 1882, без вставок по греческому) нет	[]	по признакам	[]	absent	absent
Чис	3	9	священникам	а	B: квадратные; в C (линия 1882, без вставок по греческому) нет	[]	по признакам	[]	absent	absent
Чис	3	10	скинию откровения	а	B: квадратные; в C (линия 1882, без вставок по греческому) нет	[]	по признакам	[]	absent	absent
Чис	3	10	и все, что при жертвеннике и за завесою	а	B: квадратные; в C (линия 1882, без вставок по греческому) нет	[]	по признакам	[]	absent	absent
Чис	3	12	они будут взамен их	а	B: квадратные; в C (линия 1882, без вставок по греческому) нет; в KJV нет	[]	проверено	[]	absent	absent
Чис	3	16	и Аарон	а	B: квадратные; в C (линия 1882, без вставок по греческому) нет	[]	по признакам	[]	absent	absent
Чис	3	50	сиклей	в	B: квадратные; C (линия 1882): курсив — слово для связности, которого нет в еврейском	[]	по признакам	[]	i	[]
Чис	3	51	за излишних	а	B: квадратные; в C (линия 1882, без вставок по греческому) нет	[]	по признакам	[]	absent	absent
Чис	4	4	левитов по родам их, по семействам их,	а	B: квадратные; в C (линия 1882, без вставок по греческому) нет; в KJV нет	[]	проверено	[]	absent	absent
Чис	4	14	И возьмут пурпуровую одежду, и покроют умывальник и подножия его, и положат на них кожаное синее покрывало, и поставят на носилки.	а	B: квадратные; в C (линия 1882, без вставок по греческому) нет	[]	по признакам	[]	absent	absent
Чис	4	44	по семействам их,	а	B: квадратные; в C (линия 1882, без вставок по греческому) нет; в KJV нет	[]	проверено	[]	absent	absent
Чис	5	22	твой	в	B: квадратные; C (линия 1882): курсив — слово для связности, которого нет в еврейском	[]	по признакам	[]	i	[]
Чис	5	22	твое	в	B: квадратные; C (линия 1882): курсив — слово для связности, которого нет в еврейском	[]	по признакам	[]	i	[]
Чис	6	4	и пить	а	B: квадратные; в C (линия 1882, без вставок по греческому) нет	[]	по признакам	[]	absent	absent
Чис	6	27	Господь	а	B: квадратные; в C (линия 1882, без вставок по греческому) нет	[]	по признакам	[]	absent	absent
Чис	7	2	двенадцать	а	B: квадратные; в C (линия 1882, без вставок по греческому) нет	[]	по признакам	[]	absent	absent
Чис	7	18	колена	в	B: квадратные; C (линия 1882): курсив — слово для связности, которого нет в еврейском	[]	по признакам	[]	i	[]
Чис	7	88	однолетних	а	B: квадратные; в C (линия 1882, без вставок по греческому) нет	[]	по признакам	[]	absent	absent
Чис	7	88	без порока	а	B: квадратные; в C (линия 1882, без вставок по греческому) нет	[]	по признакам	[]	absent	absent
Чис	9	13	дальней	а	B: квадратные; в C (линия 1882, без вставок по греческому) нет	[]	по признакам	[]	absent	absent
Чис	9	16	днем	в	B: квадратные; C (линия 1882): курсив — слово для связности, которого нет в еврейском	[]	по признакам	[]	i	[]
Чис	10	6	когда затрубите в третий раз тревогу, поднимутся станы, становящиеся к морю; когда в четвертый раз затрубите тревогу, поднимутся станы, становящиеся к северу;	а	B: квадратные; в C (линия 1882, без вставок по греческому) нет	[]	по признакам	[]	absent	absent
Чис	11	18	мясо	а	B: квадратные; в C (линия 1882, без вставок по греческому) нет	[]	по признакам	[]	absent	absent
Чис	11	20	будете есть	а	B: квадратные; в C (линия 1882, без вставок по греческому) нет; в KJV нет	[]	проверено	[]	absent	absent
Чис	11	26	они были из числа записанных, только не выходили к скинии	б	в C и E нет; есть в еврейском тексте (проверено по KJV — переводу с еврейского)	[]	проверено	[]	absent	absent
Чис	13	18	из пустыни Фаран	а	B: квадратные; в C (линия 1882, без вставок по греческому) нет	[]	по признакам	[]	absent	absent
Чис	13	23	города	в	B: квадратные; C (линия 1882): курсив — слово для связности, которого нет в еврейском	[]	по признакам	[]	i	[]
Чис	13	24	и осмотрели ее,	а	B: квадратные; в C (линия 1882, без вставок по греческому) нет	[]	по признакам	[]	absent	absent
Чис	13	30	Евеи,	а	B: квадратные; в C (линия 1882, без вставок по греческому) нет	[]	по признакам	[]	absent	absent
Чис	14	1	всю	в	B: квадратные; C (линия 1882): курсив — слово для связности, которого нет в еврейском	[]	по признакам	[]	i	[]
Чис	14	10	в облаке	а	B: квадратные; в C (линия 1882, без вставок по греческому) нет	[]	по признакам	[]	absent	absent
Чис	14	12	и от дома отца твоего	а	B: квадратные; в C (линия 1882, без вставок по греческому) нет	[]	по признакам	[]	absent	absent
Чис	14	18	и истинен	а	B: квадратные; в C (линия 1882, без вставок по греческому) нет	[]	по признакам	[]	absent	absent
Чис	14	18	и грехи	а	B: квадратные; в C (линия 1882, без вставок по греческому) нет	[]	по признакам	[]	absent	absent
Чис	14	20	Моисею	в	B: квадратные; C (линия 1882): курсив — слово для связности, которого нет в еврейском	[]	по признакам	[]	i	[]
Чис	14	21	и всегда живет имя Мое,	а	B: квадратные; в C (линия 1882, без вставок по греческому) нет; в KJV нет	[]	проверено	[]	absent	absent
Чис	14	23	только детям их, которые здесь со Мною, которые не знают, что добро, что зло, всем малолетним, ничего не смыслящим, им дам землю, а	а	B: квадратные; в C (линия 1882, без вставок по греческому) нет	[]	по признакам	[]	absent	absent
Чис	14	45	и возвратились в стан.	а	B: квадратные; в C (линия 1882, без вставок по греческому) нет	[]	по признакам	[]	absent	absent
Чис	15	4	ефы	в	B: квадратные; C (линия 1882): курсив — слово для связности, которого нет в еврейском	[]	по признакам	[]	i	[]
Чис	15	5	в приятное благоухание Господу	а	B: квадратные; в C (линия 1882, без вставок по греческому) нет	[]	по признакам	[]	absent	absent
Чис	15	15	Господне	в	B: квадратные; C (линия 1882): курсив — слово для связности, которого нет в еврейском	[]	по признакам	[]	i	[]
Чис	15	15	у вас	в	B: квадратные; C (линия 1882): курсив — слово для связности, которого нет в еврейском	[]	по признакам	[]	i	[]
Чис	15	23	Бог	а	B: квадратные; в C (линия 1882, без вставок по греческому) нет	[]	по признакам	[]	absent	absent
Чис	15	24	без порока	а	B: квадратные; в C (линия 1882, без вставок по греческому) нет	[]	по признакам	[]	absent	absent
Чис	15	33	в день субботы	а	B: квадратные; в C (линия 1882, без вставок по греческому) нет; в KJV нет	[]	проверено	[]	absent	absent
Чис	15	33	сынов Израилевых	а	B: квадратные; в C (линия 1882, без вставок по греческому) нет	[]	по признакам	[]	absent	absent
Чис	16	9	Господним	а	B: квадратные; в C (линия 1882, без вставок по греческому) нет	[]	по признакам	[]	absent	absent
Чис	16	26	вместе	а	B: квадратные; в C (линия 1882, без вставок по греческому) нет	[]	по признакам	[]	absent	absent
Чис	16	28	я делаю сие	в	B: квадратные; C (линия 1882): курсив — слово для связности, которого нет в еврейском	[]	по признакам	[]	i	[]
Чис	16	30	и домы их и шатры их	а	B: квадратные; в C (линия 1882, без вставок по греческому) нет	[]	по признакам	[]	absent	absent
Чис	16	37	медные	а	B: квадратные; в C (линия 1882, без вставок по греческому) нет	[]	по признакам	[]	absent	absent
Чис	16	44	и Аарону	а	B: квадратные; в C (линия 1882, без вставок по греческому) нет	[]	по признакам	[]	absent	absent
Чис	16	46	и	в	B: квадратные; C (линия 1882): курсив — слово для связности, которого нет в еврейском	[]	по признакам	[]	i	absent
Чис	17	3	должны они дать	в	B: квадратные; C (линия 1882): курсив — слово для связности, которого нет в еврейском	[]	по признакам	[]	i	[]
Чис	17	8	и Аарон	а	B: квадратные; в C (линия 1882, без вставок по греческому) нет	[]	по признакам	[]	absent	absent
Чис	18	10	ты и сыны твои	а	B: квадратные; в C (линия 1882, без вставок по греческому) нет	[]	по признакам	[]	absent	absent
Чис	18	31	сыны ваши и	а	B: квадратные; в C (линия 1882, без вставок по греческому) нет	[]	по признакам	[]	absent	absent
Чис	19	2	и	в	B: квадратные; C (линия 1882): курсив — слово для связности, которого нет в еврейском	[]	по признакам	[]	i	[]
Чис	19	3	на место чистое	а	B: квадратные; в C (линия 1882, без вставок по греческому) нет; в KJV нет	[]	проверено	[]	absent	absent
Чис	19	12	водою	в	B: квадратные; C (линия 1882): курсив — слово для связности, которого нет в еврейском	[]	по признакам	[]	i	[]
Чис	19	18	человеческой	в	B: квадратные; C (линия 1882): курсив — слово для связности, которого нет в еврейском	[]	по признакам	[]	i	[]
Чис	19	19	тело свое	в	B: квадратные; C (линия 1882): курсив — слово для связности, которого нет в еврейском	[]	по признакам	[]	i	[]
Чис	20	14	сказать	в	B: квадратные; C (линия 1882): курсив — слово для связности, которого нет в еврейском	[]	по признакам	[]	i	[]
Чис	20	17	твоих	в	B: квадратные; C (линия 1882): курсив — слово для связности, которого нет в еврейском	[]	по признакам	[]	i	[]
Чис	20	20	через меня	а	B: квадратные; в C (линия 1882, без вставок по греческому) нет; в KJV нет	[]	проверено	[]	absent	absent
Чис	20	25	брата твоего	а	B: квадратные; в C (линия 1882, без вставок по греческому) нет	[]	по признакам	[]	absent	absent
Чис	20	25	пред всем обществом	а	B: квадратные; в C (линия 1882, без вставок по греческому) нет	[]	по признакам	[]	absent	absent
Чис	21	2	на них и	а	B: квадратные; в C (линия 1882, без вставок по греческому) нет	[]	по признакам	[]	absent	absent
Чис	21	5	нам	в	B: квадратные; C (линия 1882): курсив — слово для связности, которого нет в еврейском	[]	по признакам	[]	i	[]
Чис	21	6	сынов	в	B: квадратные; C (линия 1882): курсив — слово для связности, которого нет в еврейском	[]	по признакам	[]	i	[]
Чис	21	7	Господу	а	B: квадратные; в C (линия 1882, без вставок по греческому) нет	[]	по признакам	[]	absent	absent
Чис	21	8	медного	а	B: квадратные; в C (линия 1882, без вставок по греческому) нет	[]	по признакам	[]	absent	absent
Чис	21	8	если ужалит змей какого-либо человека	а	B: квадратные; в C (линия 1882, без вставок по греческому) нет; в KJV нет	[]	проверено	[]	absent	absent
Чис	21	16	отправились	в	B: квадратные; C (линия 1882): курсив — слово для связности, которого нет в еврейском	[]	по признакам	[]	i	[]
Чис	21	18	отправились	в	B: квадратные; C (линия 1882): курсив — слово для связности, которого нет в еврейском	[]	по признакам	[]	i	[]
Чис	21	21	с предложением мирным,	а	B: квадратные; в C (линия 1882, без вставок по греческому) нет	[]	по признакам	[]	absent	absent
Чис	21	22	мы пойдем дорогою,	а	B: квадратные; в C (линия 1882, без вставок по греческому) нет; в KJV нет	[]	проверено	[]	absent	absent
Чис	21	22	твоих	в	B: квадратные; C (линия 1882): курсив — слово для связности, которого нет в еврейском	[]	по признакам	[]	i	[]
Чис	21	32	его и	а	B: квадратные; в C (линия 1882, без вставок по греческому) нет	[]	по признакам	[]	absent	absent
Чис	21	35	живого	а	B: квадратные; в C (линия 1882, без вставок по греческому) нет	[]	по признакам	[]	absent	absent
Чис	22	10	их	в	B: квадратные; C (линия 1882): курсив — слово для связности, которого нет в еврейском	[]	по признакам	[]	i	[]
Чис	22	10	сказать	в	B: квадратные; C (линия 1882): курсив — слово для связности, которого нет в еврейском	[]	по признакам	[]	i	[]
Чис	22	11	и живет подле меня	а	B: квадратные; в C (линия 1882, без вставок по греческому) нет; в KJV нет	[]	проверено	[]	absent	absent
Чис	22	11	из земли	а	B: квадратные; в C (линия 1882, без вставок по греческому) нет	[]	по признакам	[]	absent	absent
Чис	22	14	ему	в	B: квадратные; C (линия 1882): курсив — слово для связности, которого нет в еврейском	[]	по признакам	[]	i	[]
Чис	22	17	тебе	в	B: квадратные; C (линия 1882): курсив — слово для связности, которого нет в еврейском	[]	по признакам	[]	i	[]
Чис	22	18	по своему произволу	в	B: квадратные; C (линия 1882): курсив — слово для связности, которого нет в еврейском	[]	по признакам	[]	i	[]
Чис	22	32	тебе	в	B: квадратные; C (линия 1882): курсив — слово для связности, которого нет в еврейском	[]	по признакам	[]	i	[]
Чис	22	32	твой	в	B: квадратные; C (линия 1882): курсив — слово для связности, которого нет в еврейском	[]	по признакам	[]	i	[]
Чис	23	3	остался Валак у всесожжения своего, а Валаам	а	B: квадратные; в C (линия 1882, без вставок по греческому) нет; в KJV нет	[]	проверено	[]	absent	absent
Чис	23	3	вопросить Бога	а	B: квадратные; в C (линия 1882, без вставок по греческому) нет	[]	по признакам	[]	absent	absent
Чис	23	4	Валаам	в	B: квадратные; C (линия 1882): курсив — слово для связности, которого нет в еврейском	[]	по признакам	[]	i	[]
Чис	23	6	И был на нем Дух Божий.	а	B: квадратные; в C (линия 1882, без вставок по греческому) нет	[]	по признакам	[]	absent	absent
Чис	23	8	на него	в	B: квадратные; C (линия 1882): курсив — слово для связности, которого нет в еврейском	[]	по признакам	[]	i	[]
Чис	23	15	Валаам	в	B: квадратные; C (линия 1882): курсив — слово для связности, которого нет в еврейском	[]	по признакам	[]	i	[]
Чис	23	15	пойду	в	B: квадратные; C (линия 1882): курсив — слово для связности, которого нет в еврейском	[]	по признакам	[]	i	[]
Чис	23	15	Богу	в	B: квадратные; C (линия 1882): курсив — слово для связности, которого нет в еврейском	[]	по признакам	[]	i	[]
Чис	23	17	все	а	B: квадратные; в C (линия 1882, без вставок по греческому) нет	[]	по признакам	[]	absent	absent
Чис	24	8	врага	в	B: квадратные; C (линия 1882): курсив — слово для связности, которого нет в еврейском	[]	по признакам	[]	i	[]
Чис	24	23	увидев Ога,	а	B: квадратные; в C (линия 1882, без вставок по греческому) нет	[]	по признакам	[]	absent	absent
Чис	24	23	горе,	а	B: квадратные; C: без пометы; в KJV нет	[]	проверено	[]	plain	plain
Чис	25	2	жертвы их	в	B: квадратные; C (линия 1882): курсив — слово для связности, которого нет в еврейском	[]	по признакам	[]	i	[]
Чис	26	14	при исчислении их	а	B: квадратные; в C (линия 1882, без вставок по греческому) нет; в KJV нет	[]	проверено	[]	absent	absent
Чис	26	19	Шела, Фарес и Зара	а	B: квадратные; в C (линия 1882, без вставок по греческому) нет	[]	по признакам	[]	absent	absent
Чис	26	40	от Арда	в	B: квадратные; C (линия 1882): курсив — слово для связности, которого нет в еврейском	[]	по признакам	[]	i	[]
Чис	26	61	в пустыне Синайской	а	B: квадратные; в C (линия 1882, без вставок по греческому) нет	[]	по признакам	[]	absent	absent
Чис	27	12	которая по эту сторону Иордана, на сию гору Ново,	а	B: квадратные; в C (линия 1882, без вставок по греческому) нет	[]	по признакам	[]	absent	absent
Чис	27	12	Ханаанскую	а	B: квадратные; в C (линия 1882, без вставок по греческому) нет	[]	по признакам	[]	absent	absent
Чис	27	12	во владение	а	B: квадратные; в C (линия 1882, без вставок по греческому) нет	[]	по признакам	[]	absent	absent
Чис	27	13	на горе Ор	а	B: квадратные; в C (линия 1882, без вставок по греческому) нет	[]	по признакам	[]	absent	absent
Чис	27	14	Это воды Меривы при Кадесе в пустыне Син.	б	в C нет; есть в еврейском тексте (проверено по KJV — переводу с еврейского)	[]	проверено	[]	absent	absent
Чис	27	22	Бог	а	B: квадратные; в C (линия 1882, без вставок по греческому) нет	[]	по признакам	[]	absent	absent
Чис	28	5	приноси	в	B: квадратные; C (линия 1882): курсив — слово для связности, которого нет в еврейском	[]	по признакам	[]	i	[]
Чис	28	9	приносите	в	B: квадратные; C (линия 1882): курсив — слово для связности, которого нет в еврейском	[]	по признакам	[]	i	[]
Чис	28	18	да будет у вас	в	B: квадратные; C (линия 1882): курсив — слово для связности, которого нет в еврейском	[]	по признакам	[]	i	[]
Чис	28	27	без порока	а	B: квадратные; в C (линия 1882, без вставок по греческому) нет	[]	по признакам	[]	absent	absent
Чис	28	30	в жертву за грех	в	B: квадратные; C (линия 1882): курсив — слово для связности, которого нет в еврейском	[]	по признакам	[]	i	[]
Чис	28	31	сие Мне	в	B: квадратные; C (линия 1882): курсив — слово для связности, которого нет в еврейском	[]	по признакам	[]	i	[]
Чис	29	1	день	в	B: квадратные; C (линия 1882): курсив — слово для связности, которого нет в еврейском	[]	по признакам	[]	i	[]
Чис	29	7	день	в	B: квадратные; C (линия 1882): курсив — слово для связности, которого нет в еврейском	[]	по признакам	[]	i	[]
Чис	29	11	для очищения вас,	а	B: квадратные; в C (линия 1882, без вставок по греческому) нет	[]	по признакам	[]	absent	absent
Чис	29	11	по уставу приносимых в приятное благоухание, в жертву Господу	а	B: квадратные; в C (линия 1882, без вставок по греческому) нет	[]	по признакам	[]	absent	absent
Чис	30	9	то они не состоятся, потому что запретил ей муж ее,	а	B: квадратные; в C (линия 1882, без вставок по греческому) нет	[]	по признакам	[]	absent	absent
Чис	30	16	муж	а	B: квадратные; в C (линия 1882, без вставок по греческому) нет	[]	по признакам	[]	absent	absent
Чис	31	4	сынов	а	B: квадратные; в C (линия 1882, без вставок по греческому) нет	[]	по признакам	[]	absent	absent
Чис	31	6	сына Аарона,	а	B: квадратные; в C (линия 1882, без вставок по греческому) нет	[]	по признакам	[]	absent	absent
Чис	31	8	вместе с убитыми их	а	B: квадратные; в C (линия 1882, без вставок по греческому) нет; в KJV нет	[]	проверено	[]	absent	absent
Чис	31	15	для чего	в	B: квадратные; C (линия 1882): курсив — слово для связности, которого нет в еврейском	[]	по признакам	[]	i	[]
Чис	32	11	знающие добро и зло,	а	B: квадратные; в C (линия 1882, без вставок по греческому) нет	[]	по признакам	[]	absent	absent
Чис	32	30	на войну пред Господом, то пошлите пред собою имение их, жен их и скот их в землю Ханаанскую	а	B: квадратные; в C (линия 1882, без вставок по греческому) нет	[]	по признакам	[]	absent	absent
Чис	33	9	было	в	B: квадратные; C (линия 1882): курсив — слово для связности, которого нет в еврейском	[]	по признакам	[]	i	[]
Чис	33	36	Отправившись из пустыни Син, расположились станом в пустыне Фаран,	а	B: квадратные; в C (линия 1882, без вставок по греческому) нет	[]	по признакам	[]	absent	absent
Чис	34	13	Манассиина	а	B: квадратные; в C (линия 1882, без вставок по греческому) нет	[]	по признакам	[]	absent	absent
Чис	35	4	две	в	B: квадратные; C (линия 1882): курсив — слово для связности, которого нет в еврейском	[]	по признакам	[]	i	[]
Чис	35	6	будут	в	B: квадратные; C (линия 1882): курсив — слово для связности, которого нет в еврейском	[]	по признакам	[]	i	[]
Чис	35	12	за кровь	а	B: квадратные; в C (линия 1882, без вставок по греческому) нет	[]	по признакам	[]	absent	absent
Чис	35	32	великого	в	B: квадратные; C (линия 1882): курсив — слово для связности, которого нет в еврейском	[]	по признакам	[]	i	[]
Чис	35	33	будете жить	в	B: квадратные; C (линия 1882): курсив — слово для связности, которого нет в еврейском	[]	по признакам	[]	i	[]
Чис	36	1	и пред Елеазаром священником	а	B: квадратные; в C (линия 1882, без вставок по греческому) нет; в KJV нет	[]	проверено	[]	absent	absent
Чис	36	3	женами	а	B: квадратные; в C (линия 1882, без вставок по греческому) нет	[]	по признакам	[]	absent	absent
Чис	36	4	женами	а	B: квадратные; в C (линия 1882, без вставок по греческому) нет	[]	по признакам	[]	absent	absent
Втор	1	3	день	в	B: квадратные; C (линия 1882): курсив — слово для связности, которого нет в еврейском	[]	по признакам	[]	i	[]
Втор	1	3	всем	а	B: квадратные; в C (линия 1882, без вставок по греческому) нет	[]	по признакам	[]	absent	absent
Втор	1	15	разумных	а	B: квадратные; в C (линия 1882, без вставок по греческому) нет	[]	по признакам	[]	absent	absent
Втор	1	23	каждого	в	B: квадратные; C (линия 1882): курсив — слово для связности, которого нет в еврейском	[]	по признакам	[]	i	[]
Втор	1	28	многочисленнее	а	B: квадратные; в C (линия 1882, без вставок по греческому) нет	[]	по признакам	[]	absent	absent
Втор	1	34	Бог	а	B: квадратные; в C (линия 1882, без вставок по греческому) нет	[]	по признакам	[]	absent	absent
Втор	1	41	Богом нашим,	а	B: квадратные; в C (линия 1882, без вставок по греческому) нет	[]	по признакам	[]	absent	absent
Втор	2	7	и страшной	а	B: квадратные; в C (линия 1882, без вставок по греческому) нет	[]	по признакам	[]	absent	absent
Втор	2	14	Бог	а	B: квадратные; в C (линия 1882, без вставок по греческому) нет	[]	по признакам	[]	absent	absent
Втор	2	31	царя Есевонского, Аморреянина,	а	B: квадратные; в C (линия 1882, без вставок по греческому) нет; в KJV нет	[]	проверено	[]	absent	absent
Втор	2	32	царь Есевонский	а	B: квадратные; в C (линия 1882, без вставок по греческому) нет	[]	по признакам	[]	absent	absent
Втор	2	33	в руки наши,	в	B: квадратные; C (линия 1882): курсив — слово для связности, которого нет в еврейском	[]	по признакам	[]	i	[]
Втор	2	36	горы	а	B: квадратные; в C (линия 1882, без вставок по греческому) нет	[]	по признакам	[]	absent	absent
Втор	2	36	в руки наши	в	B: квадратные; C (линия 1882): курсив — слово для связности, которого нет в еврейском	[]	по признакам	[]	i	[]
Втор	2	37	лежащим	в	B: квадратные; C (линия 1882): курсив — слово для связности, которого нет в еврейском	[]	по признакам	[]	i	[]
Втор	2	37	которые	а	B: квадратные; в C (линия 1882, без вставок по греческому) нет	[]	по признакам	[]	absent	absent
Втор	2	37	нам	в	B: квадратные; C (линия 1882): курсив — слово для связности, которого нет в еврейском	[]	по признакам	[]	i	[]
Втор	3	13	Она называется землею Рефаимов.	б	в C нет; есть в еврейском тексте (проверено по KJV — переводу с еврейского)	[]	проверено	[]	absent	absent
Втор	3	19	ибо я знаю, что скота у вас много,	б	в C нет; есть в еврейском тексте (проверено по KJV — переводу с еврейского), в KJV — в скобках	[]	проверено	[]	absent	absent
Втор	3	20	Бог	а	B: квадратные; в C (линия 1882, без вставок по греческому) нет	[]	по признакам	[]	absent	absent
Втор	3	24	и силу Твою,	а	B: квадратные; в C (линия 1882, без вставок по греческому) нет	[]	по признакам	[]	absent	absent
Втор	3	24	и высокую мышцу	а	B: квадратные; в C (линия 1882, без вставок по греческому) нет	[]	по признакам	[]	absent	absent
Втор	3	28	всю	а	B: квадратные; в C (линия 1882, без вставок по греческому) нет	[]	по признакам	[]	absent	absent
Втор	4	1	сегодня	а	B: квадратные; в C (линия 1882, без вставок по греческому) нет	[]	по признакам	[]	absent	absent
Втор	4	1	и размножились	а	B: квадратные; в C (линия 1882, без вставок по греческому) нет	[]	по признакам	[]	absent	absent
Втор	4	1	в наследие	а	B: квадратные; в C (линия 1882, без вставок по греческому) нет	[]	по признакам	[]	absent	absent
Втор	4	2	сегодня	а	B: квадратные; в C (линия 1882, без вставок по греческому) нет	[]	по признакам	[]	absent	absent
Втор	4	3	все	в	B: квадратные; C (линия 1882): курсив — слово для связности, которого нет в еврейском	[]	по признакам	[]	i	[]
Втор	4	3	Бог наш	а	B: квадратные; в C (линия 1882, без вставок по греческому) нет	[]	по признакам	[]	absent	absent
Втор	4	10	в день собрания,	а	B: квадратные; в C (линия 1882, без вставок по греческому) нет	[]	по признакам	[]	absent	absent
Втор	4	12	на горе	а	B: квадратные; в C (линия 1882, без вставок по греческому) нет	[]	по признакам	[]	absent	absent
Втор	4	12	Его	в	B: квадратные; C (линия 1882): курсив — слово для связности, которого нет в еврейском	[]	по признакам	[]	i	[]
Втор	4	15	горе	а	B: квадратные; в C (линия 1882, без вставок по греческому) нет	[]	по признакам	[]	absent	absent
Втор	4	18	гада,	в	B: квадратные; C (линия 1882): курсив — слово для связности, которого нет в еврейском	[]	по признакам	[]	i	[]
Втор	4	19	и	в	B: квадратные; C (линия 1882): курсив — слово для связности, которого нет в еврейском	[]	по признакам	[]	i	[]
Втор	4	20	Бог	а	B: квадратные; в C (линия 1882, без вставок по греческому) нет	[]	по признакам	[]	absent	absent
Втор	4	21	Бог	а	B: квадратные; в C (линия 1882, без вставок по греческому) нет	[]	по признакам	[]	absent	absent
Втор	4	25	твоих	в	B: квадратные; C (линия 1882): курсив — слово для связности, которого нет в еврейском	[]	по признакам	[]	i	[]
Втор	4	27	всем	в	B: квадратные; C (линия 1882): курсив — слово для связности, которого нет в еврейском	[]	по признакам	[]	i	[]
Втор	4	28	другим	а	B: квадратные; в C (линия 1882, без вставок по греческому) нет	[]	по признакам	[]	absent	absent
Втор	4	29	Его	в	B: квадратные; C (линия 1882): курсив — слово для связности, которого нет в еврейском	[]	по признакам	[]	i	[]
Втор	4	31	благий и	а	B: квадратные; в C (линия 1882, без вставок по греческому) нет	[]	по признакам	[]	absent	absent
Втор	4	33	какой	в	B: квадратные; C (линия 1882): курсив — слово для связности, которого нет в еврейском	[]	по признакам	[]	i	[]
Втор	4	33	живаго	а	B: квадратные; в C (линия 1882, без вставок по греческому) нет	[]	по признакам	[]	absent	absent
Втор	4	35	Бог твой	а	B: квадратные; в C (линия 1882, без вставок по греческому) нет	[]	по признакам	[]	absent	absent
Втор	4	35	и	в	B: квадратные; C (линия 1882): курсив — слово для связности, которого нет в еврейском	[]	по признакам	[]	i	[]
Втор	4	37	вас,	в	B: квадратные; C (линия 1882): курсив — слово для связности, которого нет в еврейском	[]	по признакам	[]	i	[]
Втор	4	39	Бог твой	а	B: квадратные; в C (линия 1882, без вставок по греческому) нет	[]	по признакам	[]	absent	absent
Втор	4	39	и	в	B: квадратные; C (линия 1882): курсив — слово для связности, которого нет в еврейском	[]	по признакам	[]	i	[]
Втор	4	39	кроме Его	в	B: квадратные; C (линия 1882): курсив — слово для связности, которого нет в еврейском	[]	по признакам	[]	i	[]
Втор	4	45	в пустыне	а	B: квадратные; в C (линия 1882, без вставок по греческому) нет	[]	по признакам	[]	absent	absent
Втор	5	11	Бог твой	а	B: квадратные; в C (линия 1882, без вставок по греческому) нет	[]	по признакам	[]	absent	absent
Втор	5	14	в оный	в	B: квадратные; C (линия 1882): курсив — слово для связности, которого нет в еврейском	[]	по признакам	[]	i	[]
Втор	5	14	и осел твой,	а	B: квадратные; в C (линия 1882, без вставок по греческому) нет	[]	по признакам	[]	absent	absent
Втор	5	15	ты	в	B: квадратные; C (линия 1882): курсив — слово для связности, которого нет в еврейском	[]	по признакам	[]	i	[]
Втор	5	15	и свято хранить его	а	B: квадратные; в C (линия 1882, без вставок по греческому) нет	[]	по признакам	[]	absent	absent
Втор	5	21	ни всякого скота его,	а	B: квадратные; в C (линия 1882, без вставок по греческому) нет	[]	по признакам	[]	absent	absent
Втор	5	22	и бури	а	B: квадратные; в C (линия 1882, без вставок по греческому) нет	[]	по признакам	[]	absent	absent
Втор	5	27	тебе	в	B: квадратные; C (линия 1882): курсив — слово для связности, которого нет в еврейском	[]	по признакам	[]	i	[]
Втор	5	31	так	в	B: квадратные; C (линия 1882): курсив — слово для связности, которого нет в еврейском	[]	по признакам	[]	i	[]
Втор	6	1	так	в	B: квадратные; C (линия 1882): курсив — слово для связности, которого нет в еврейском	[]	по признакам	[]	i	[]
Втор	6	2	сегодня	а	B: квадратные; в C (линия 1882, без вставок по греческому) нет	[]	по признакам	[]	absent	absent
Втор	6	3	что Он даст тебе	в	B: квадратные; C (линия 1882): курсив — слово для связности, которого нет в еврейском	[]	по признакам	[]	i	[]
Втор	6	3	Сии суть постановления и законы, которые заповедал Господь Бог сынам Израилевым в пустыне, по исшествии их из земли Египетской.	а	B: квадратные; в C (линия 1882, без вставок по греческому) нет	[]	по признакам	[]	absent	absent
Втор	6	6	и в душе твоей	а	B: квадратные; в C (линия 1882, без вставок по греческому) нет; в KJV нет	[]	проверено	[]	absent	absent
Втор	6	12	не обольстилось сердце твое и	а	B: квадратные; в C (линия 1882, без вставок по греческому) нет	[]	по признакам	[]	absent	absent
Втор	6	13	одному	в	B: квадратные; C (линия 1882): курсив — слово для связности, которого нет в еврейском	[]	по признакам	[]	i	[]
Втор	6	13	и к Нему прилепись,	а	B: квадратные; в C (линия 1882, без вставок по греческому) нет	[]	по признакам	[]	absent	absent
Втор	6	18	Бога твоего	а	B: квадратные; в C (линия 1882, без вставок по греческому) нет	[]	по признакам	[]	absent	absent
Втор	6	21	Бог	а	B: квадратные; в C (линия 1882, без вставок по греческому) нет	[]	по признакам	[]	absent	absent
Втор	6	21	и мышцею высокою	а	B: квадратные; в C (линия 1882, без вставок по греческому) нет	[]	по признакам	[]	absent	absent
Втор	6	22	Бог	а	B: квадратные; в C (линия 1882, без вставок по греческому) нет	[]	по признакам	[]	absent	absent
Втор	6	22	и над войском его	а	B: квадратные; в C (линия 1882, без вставок по греческому) нет	[]	по признакам	[]	absent	absent
Втор	6	23	Господь, Бог наш,	а	B: квадратные; в C (линия 1882, без вставок по греческому) нет; в KJV нет	[]	проверено	[]	absent	absent
Втор	6	23	Господь, Бог наш,	а	B: квадратные; в C (линия 1882, без вставок по греческому) нет; в KJV нет	[]	проверено	[]	absent	absent
Втор	6	23	дать нам	в	B: квадратные; C (линия 1882): курсив — слово для связности, которого нет в еврейском	[]	по признакам	[]	i	[]
Втор	6	25	закона	а	B: квадратные; в C (линия 1882, без вставок по греческому) нет	[]	по признакам	[]	absent	absent
Втор	7	5	богов	а	B: квадратные; в C (линия 1882, без вставок по греческому) нет	[]	по признакам	[]	absent	absent
Втор	7	8	и мышцею высокою	а	B: квадратные; в C (линия 1882, без вставок по греческому) нет	[]	по признакам	[]	absent	absent
Втор	7	9	Свой	в	B: квадратные; C (линия 1882): курсив — слово для связности, которого нет в еврейском	[]	по признакам	[]	i	[]
Втор	7	15	Бог твой	а	B: квадратные; в C (линия 1882, без вставок по греческому) нет	[]	по признакам	[]	absent	absent
Втор	7	15	которые ты видел и	а	B: квадратные; в C (линия 1882, без вставок по греческому) нет	[]	по признакам	[]	absent	absent
Втор	7	19	великие	а	B: квадратные; в C (линия 1882, без вставок по греческому) нет	[]	по признакам	[]	absent	absent
Втор	7	22	земля не сделалась пуста и	а	B: квадратные; в C (линия 1882, без вставок по греческому) нет	[]	по признакам	[]	absent	absent
Втор	8	1	доброю	а	B: квадратные; в C (линия 1882, без вставок по греческому) нет	[]	по признакам	[]	absent	absent
Втор	8	1	Бог	а	B: квадратные; в C (линия 1882, без вставок по греческому) нет	[]	по признакам	[]	absent	absent
Втор	8	3	словом	в	B: квадратные; C (линия 1882): курсив — слово для связности, которого нет в еврейском	[]	по признакам	[]	i	[]
Втор	8	8	где	в	B: квадратные; C (линия 1882): курсив — слово для связности, которого нет в еврейском	[]	по признакам	[]	i	[]
Втор	8	12	в них	в	B: квадратные; C (линия 1882): курсив — слово для связности, которого нет в еврейском	[]	по признакам	[]	i	[]
Втор	8	15	источник	в	B: квадратные; C (линия 1882): курсив — слово для связности, которого нет в еврейском	[]	по признакам	[]	i	[]
Втор	8	16	не знал ты и	а	B: квадратные; в C (линия 1882, без вставок по греческому) нет	[]	по признакам	[]	absent	absent
Втор	8	19	небом и землею	а	B: квадратные; в C (линия 1882, без вставок по греческому) нет	[]	по признакам	[]	absent	absent
Втор	8	20	Бог	а	B: квадратные; в C (линия 1882, без вставок по греческому) нет	[]	по признакам	[]	absent	absent
Втор	9	2	великим,	а	B: квадратные; в C (линия 1882, без вставок по греческому) нет	[]	по признакам	[]	absent	absent
Втор	9	4	доброю	а	B: квадратные; в C (линия 1882, без вставок по греческому) нет	[]	по признакам	[]	absent	absent
Втор	9	5	и беззакония	а	B: квадратные; в C (линия 1882, без вставок по греческому) нет	[]	по признакам	[]	absent	absent
Втор	9	6	ныне	а	B: квадратные; в C (линия 1882, без вставок по греческому) нет	[]	по признакам	[]	absent	absent
Втор	9	10	написаны были	а	B: квадратные; в C (линия 1882, без вставок по греческому) нет	[]	по признакам	[]	absent	absent
Втор	9	13	Я говорил тебе один и другой раз:	а	B: квадратные; в C (линия 1882, без вставок по греческому) нет	[]	по признакам	[]	absent	absent
Втор	9	14	больше,	а	B: квадратные; в C (линия 1882, без вставок по греческому) нет	[]	по признакам	[]	absent	absent
Втор	9	16	держаться	в	B: квадратные; C (линия 1882): курсив — слово для связности, которого нет в еврейском	[]	по признакам	[]	i	[]
Втор	9	18	вторично	а	B: квадратные; в C (линия 1882, без вставок по греческому) нет	[]	по признакам	[]	absent	absent
Втор	9	18	Бога вашего	а	B: квадратные; в C (линия 1882, без вставок по греческому) нет	[]	по признакам	[]	absent	absent
Втор	9	22	Бога вашего	а	B: квадратные; в C (линия 1882, без вставок по греческому) нет	[]	по признакам	[]	absent	absent
Втор	9	26	Царь богов,	а	B: квадратные; в C (линия 1882, без вставок по греческому) нет	[]	по признакам	[]	absent	absent
Втор	9	26	крепости	в	B: квадратные; C (линия 1882): курсив — слово для связности, которого нет в еврейском	[]	по признакам	[]	i	[]
Втор	9	26	и мышцею Твоею высокою	а	B: квадратные; в C (линия 1882, без вставок по греческому) нет	[]	по признакам	[]	absent	absent
Втор	9	27	которым Ты клялся Собою	а	B: квадратные; в C (линия 1882, без вставок по греческому) нет	[]	по признакам	[]	absent	absent
Втор	9	28	живущие	в	B: квадратные; C (линия 1882): курсив — слово для связности, которого нет в еврейском	[]	по признакам	[]	i	[]
Втор	9	29	из земли Египетской	в	B: квадратные; C (линия 1882): курсив — слово для связности, которого нет в еврейском	[]	по признакам	[]	i	[]
Втор	10	8	и молиться	а	B: квадратные; в C (линия 1882, без вставок по греческому) нет	[]	по признакам	[]	absent	absent
Втор	10	10	и	в	B: квадратные; C (линия 1882): курсив — слово для связности, которого нет в еврейском	[]	по признакам	[]	i	[]
Втор	10	11	сим	в	B: квадратные; C (линия 1882): курсив — слово для связности, которого нет в еврейском	[]	по признакам	[]	i	[]
Втор	10	13	Бога твоего	а	B: квадратные; в C (линия 1882, без вставок по греческому) нет	[]	по признакам	[]	absent	absent
Втор	10	20	и	в	B: квадратные; C (линия 1882): курсив — слово для связности, которого нет в еврейском	[]	по признакам	[]	i	[]
Втор	10	20	одному	в	B: квадратные; C (линия 1882): курсив — слово для связности, которого нет в еврейском	[]	по признакам	[]	i	[]
Втор	10	22	пяти	а	B: квадратные; в C (линия 1882, без вставок по греческому) нет	[]	по признакам	[]	absent	absent
Втор	11	2	и	а	B: квадратные; в C (линия 1882, без вставок по греческому) нет	[]	по признакам	[]	absent	absent
Втор	11	4	Бог	а	B: квадратные; в C (линия 1882, без вставок по греческому) нет	[]	по признакам	[]	absent	absent
Втор	11	8	Его	в	B: квадратные; C (линия 1882): курсив — слово для связности, которого нет в еврейском	[]	по признакам	[]	i	[]
Втор	11	8	были живы,	а	B: квадратные; в C (линия 1882, без вставок по греческому) нет	[]	по признакам	[]	absent	absent
Втор	11	8	за Иордан	а	B: квадратные; в C (линия 1882, без вставок по греческому) нет	[]	по признакам	[]	absent	absent
Втор	11	10	ее	в	B: квадратные; C (линия 1882): курсив — слово для связности, которого нет в еврейском	[]	по признакам	[]	i	[]
Втор	11	31	в удел навсегда	а	B: квадратные; в C (линия 1882, без вставок по греческому) нет	[]	по признакам	[]	absent	absent
Втор	11	32	Его	в	B: квадратные; C (линия 1882): курсив — слово для связности, которого нет в еврейском	[]	по признакам	[]	i	[]
Втор	12	6	и мирные жертвы ваши,	а	B: квадратные; в C (линия 1882, без вставок по греческому) нет	[]	по признакам	[]	absent	absent
Втор	12	11	сегодня	а	B: квадратные; в C (линия 1882, без вставок по греческому) нет	[]	по признакам	[]	absent	absent
Втор	12	11	Богу вашему	а	B: квадратные; в C (линия 1882, без вставок по греческому) нет	[]	по признакам	[]	absent	absent
Втор	12	14	Бог твой	а	B: квадратные; в C (линия 1882, без вставок по греческому) нет	[]	по признакам	[]	absent	absent
Втор	12	14	сегодня	а	B: квадратные; в C (линия 1882, без вставок по греческому) нет	[]	по признакам	[]	absent	absent
Втор	12	18	только	а	B: квадратные; в C (линия 1882, без вставок по греческому) нет	[]	по признакам	[]	absent	absent
Втор	12	18	и пришелец,	в	B: квадратные; C (линия 1882): курсив — слово для связности, которого нет в еврейском	[]	по признакам	[]	i	[]
Втор	12	19	которые будешь жить	в	B: квадратные; C (линия 1882): курсив — слово для связности, которого нет в еврейском	[]	по признакам	[]	i	[]
Втор	12	21	Бог твой	а	B: квадратные; в C (линия 1882, без вставок по греческому) нет	[]	по признакам	[]	absent	absent
Втор	12	22	у тебя	а	B: квадратные; в C (линия 1882, без вставок по греческому) нет	[]	по признакам	[]	absent	absent
Втор	12	25	во веки	а	B: квадратные; в C (линия 1882, без вставок по греческому) нет	[]	по признакам	[]	absent	absent
Втор	12	25	доброе и	а	B: квадратные; в C (линия 1882, без вставок по греческому) нет	[]	по признакам	[]	absent	absent
Втор	12	25	Бога твоего	а	B: квадратные; в C (линия 1882, без вставок по греческому) нет	[]	по признакам	[]	absent	absent
Втор	12	26	Бог твой, чтобы призываемо было там имя Его	а	B: квадратные; в C (линия 1882, без вставок по греческому) нет	[]	по признакам	[]	absent	absent
Втор	13	6	сын отца твоего или	а	B: квадратные; в C (линия 1882, без вставок по греческому) нет; в KJV нет	[]	проверено	[]	absent	absent
Втор	13	17	как Он говорил тебе,	а	B: квадратные; в C (линия 1882, без вставок по греческому) нет	[]	по признакам	[]	absent	absent
Втор	13	18	доброе и	а	B: квадратные; в C (линия 1882, без вставок по греческому) нет	[]	по признакам	[]	absent	absent
Втор	14	19	их	в	B: квадратные; C (линия 1882): курсив — слово для связности, которого нет в еврейском	[]	по признакам	[]	i	[]
Втор	14	22	твоего	в	B: квадратные; C (линия 1882): курсив — слово для связности, которого нет в еврейском	[]	по признакам	[]	i	[]
Втор	14	23	приноси	а	B: квадратные; в C (линия 1882, без вставок по греческому) нет	[]	по признакам	[]	absent	absent
Втор	14	28	сие	в	B: квадратные; C (линия 1882): курсив — слово для связности, которого нет в еврейском	[]	по признакам	[]	i	[]
Втор	15	2	Бога твоего	а	B: квадратные; в C (линия 1882, без вставок по греческому) нет	[]	по признакам	[]	absent	absent
Втор	15	9	великий	а	B: квадратные; в C (линия 1882, без вставок по греческому) нет	[]	по признакам	[]	absent	absent
Втор	15	10	и взаймы дай ему, сколько он просит и сколько ему нужно	а	B: квадратные; в C (линия 1882, без вставок по греческому) нет	[]	по признакам	[]	absent	absent
Втор	15	11	твоей	в	B: квадратные; C (линия 1882): курсив — слово для связности, которого нет в еврейском	[]	по признакам	[]	i	[]
Втор	15	15	и	в	B: квадратные; C (линия 1882): курсив — слово для связности, которого нет в еврейском	[]	по признакам	[]	i	[]
Втор	15	20	Бог твой	а	B: квадратные; в C (линия 1882, без вставок по греческому) нет	[]	по признакам	[]	absent	absent
Втор	15	21	или	в	B: квадратные; C (линия 1882): курсив — слово для связности, которого нет в еврейском	[]	по признакам	[]	i	[]
Втор	15	22	могут есть,	в	B: квадратные; C (линия 1882): курсив — слово для связности, которого нет в еврейском	[]	по признакам	[]	i	[]
Втор	16	15	чтобы призываемо было там имя Его	а	B: квадратные; в C (линия 1882, без вставок по греческому) нет	[]	по признакам	[]	absent	absent
Втор	17	8	чтобы призываемо было там имя Его,	а	B: квадратные; в C (линия 1882, без вставок по греческому) нет	[]	по признакам	[]	absent	absent
Втор	17	10	Бог твой, чтобы призываемо было там имя Его,	а	B: квадратные; в C (линия 1882, без вставок по греческому) нет	[]	по признакам	[]	absent	absent
Втор	17	12	который будет в те дни	а	B: квадратные; в C (линия 1882, без вставок по греческому) нет	[]	по признакам	[]	absent	absent
Втор	17	15	царем	в	B: квадратные; C (линия 1882): курсив — слово для связности, которого нет в еврейском	[]	по признакам	[]	i	[]
Втор	18	5	пред Господом, Богом твоим	в	B: квадратные; C (линия 1882): курсив — слово для связности, которого нет в еврейском	[]	по признакам	[]	i	[]
Втор	18	5	и благословлял	а	B: квадратные; в C (линия 1882, без вставок по греческому) нет	[]	по признакам	[]	absent	absent
Втор	18	6	сынов	в	B: квадратные; C (линия 1882): курсив — слово для связности, которого нет в еврейском	[]	по признакам	[]	i	[]
Втор	18	17	тебе	а	B: квадратные; в C (линия 1882, без вставок по греческому) нет	[]	по признакам	[]	absent	absent
Втор	18	19	Пророк тот	в	B: квадратные; C (линия 1882): курсив — слово для связности, которого нет в еврейском	[]	по признакам	[]	i	[]
Втор	19	10	вины	в	B: квадратные; C (линия 1882): курсив — слово для связности, которого нет в еврейском	[]	по признакам	[]	i	[]
Втор	19	11	у тебя	а	B: квадратные; в C (линия 1882, без вставок по греческому) нет	[]	по признакам	[]	absent	absent
Втор	19	15	всякое	а	B: квадратные; в C (линия 1882, без вставок по греческому) нет	[]	по признакам	[]	absent	absent
Втор	19	21	его	в	B: квадратные; C (линия 1882): курсив — слово для связности, которого нет в еврейском	[]	по признакам	[]	i	[]
Втор	19	21	Какой кто сделает вред ближнему своему, тем должно отплатить ему.	а	B: квадратные; в C (линия 1882, без вставок по греческому) нет	[]	по признакам	[]	absent	absent
Втор	20	1	и	в	B: квадратные; C (линия 1882): курсив — слово для связности, которого нет в еврейском	[]	по признакам	[]	i	[]
Втор	20	4	и	в	B: квадратные; C (линия 1882): курсив — слово для связности, которого нет в еврейском	[]	по признакам	[]	i	[]
Втор	20	17	и Гергесеев,	а	B: квадратные; в C (линия 1882, без вставок по греческому) нет	[]	по признакам	[]	absent	absent
Втор	20	19	какой—нибудь	в	B: квадратные; C (линия 1882): курсив — слово для связности, которого нет в еврейском	[]	по признакам	[]	i	[]
Втор	21	3	и	в	B: квадратные; C (линия 1882): курсив — слово для связности, которого нет в еврейском	[]	по признакам	[]	i	[]
Втор	21	5	ибо их избрал Господь Бог твой служить Ему и благословлять именем Господа, и по слову их должно решить всякое спорное дело и всякий причиненный вред,	б	в C и E нет (линия 1882 сняла и эти слова); есть в еврейском тексте (проверено по KJV — переводу с еврейского)	[]	проверено	[]	absent	absent
Втор	21	6	головою	в	B: квадратные; C (линия 1882): курсив — слово для связности, которого нет в еврейском	[]	по признакам	[]	i	[]
Втор	21	8	из земли Египетской	а	B: квадратные; в C (линия 1882, без вставок по греческому) нет	[]	по признакам	[]	absent	absent
Втор	21	9	доброе и	в	B: квадратные; C (линия 1882): курсив — слово для связности, которого нет в еврейском	[]	по признакам	[]	i	[]
Втор	21	9	Бога твоего	а	B: квадратные; в C (линия 1882, без вставок по греческому) нет	[]	по признакам	[]	absent	absent
Втор	21	17	и	в	B: квадратные; C (линия 1882): курсив — слово для связности, которого нет в еврейском	[]	по признакам	[]	i	[]
Втор	21	23	всякий	в	B: квадратные; C (линия 1882): курсив — слово для связности, которого нет в еврейском	[]	по признакам	[]	i	[]
Втор	21	23	на дереве	в	B: квадратные; C (линия 1882): курсив — слово для связности, которого нет в еврейском	[]	по признакам	[]	i	[]
Втор	22	9	своего	в	B: квадратные; C (линия 1882): курсив — слово для связности, которого нет в еврейском	[]	по признакам	[]	i	[]
Втор	22	16	ныне	в	B: квадратные; C (линия 1882): курсив — слово для связности, которого нет в еврейском	[]	по признакам	[]	i	[]
Втор	22	17	на нее	в	B: квадратные; C (линия 1882): курсив — слово для связности, которого нет в еврейском	[]	по признакам	[]	i	[]
Втор	22	29	сиклей	в	B: квадратные; C (линия 1882): курсив — слово для связности, которого нет в еврейском	[]	по признакам	[]	i	[]
Втор	23	10	ему	в	B: квадратные; C (линия 1882): курсив — слово для связности, которого нет в еврейском	[]	по признакам	[]	i	[]
Втор	23	11	тело свое	в	B: квадратные; C (линия 1882): курсив — слово для связности, которого нет в еврейском	[]	по признакам	[]	i	[]
Втор	23	13	яму	в	B: квадратные; C (линия 1882): курсив — слово для связности, которого нет в еврейском	[]	по признакам	[]	i	[]
Втор	23	13	ею	в	B: квадратные; C (линия 1882): курсив — слово для связности, которого нет в еврейском	[]	по признакам	[]	i	[]
Втор	23	14	в руки твои	в	B: квадратные; C (линия 1882): курсив — слово для связности, которого нет в еврейском	[]	по признакам	[]	i	[]
Втор	23	16	пусть он живет	а	B: квадратные; в C (линия 1882, без вставок по греческому) нет; в KJV нет	[]	проверено	[]	absent	absent
Втор	24	4	Богом твоим	а	B: квадратные; в C (линия 1882, без вставок по греческому) нет	[]	по признакам	[]	absent	absent
Втор	24	8	закон	в	B: квадратные; C (линия 1882): курсив — слово для связности, которого нет в еврейском	[]	по признакам	[]	i	[]
Втор	24	12	у себя	а	B: квадратные; в C (линия 1882, без вставок по греческому) нет	[]	по признакам	[]	absent	absent
Втор	24	17	и вдову	а	B: квадратные; в C (линия 1882, без вставок по греческому) нет	[]	по признакам	[]	absent	absent
Втор	24	18	Бог твой	а	B: квадратные; в C (линия 1882, без вставок по греческому) нет	[]	по признакам	[]	absent	absent
Втор	24	19	нищему,	а	B: квадратные; в C (линия 1882, без вставок по греческому) нет	[]	по признакам	[]	absent	absent
Втор	24	20	И помни, что ты был рабом в земле Египетской: посему я и повелеваю тебе делать сие.	а	B: квадратные; в C (линия 1882, без вставок по греческому) нет; в KJV нет	[]	проверено	[]	absent	absent
Втор	25	9	у Израиля	а	B: квадратные; в C (линия 1882, без вставок по греческому) нет	[]	по признакам	[]	absent	absent
Втор	25	11	из них	а	B: квадратные; в C (линия 1882, без вставок по греческому) нет	[]	по признакам	[]	absent	absent
Втор	25	12	ее	в	B: квадратные; C (линия 1882): курсив — слово для связности, которого нет в еврейском	[]	по признакам	[]	i	[]
Втор	25	15	в удел	а	B: квадратные; в C (линия 1882, без вставок по греческому) нет	[]	по признакам	[]	absent	absent
Втор	26	8	Сам крепостию Своею великою и	а	B: квадратные; в C (линия 1882, без вставок по греческому) нет; в KJV нет	[]	проверено	[]	absent	absent
Втор	26	10	от земли, где течет молоко и мед	а	B: квадратные; в C (линия 1882, без вставок по греческому) нет; в KJV нет	[]	проверено	[]	absent	absent
Втор	26	12	земли	в	B: квадратные; C (линия 1882): курсив — слово для связности, которого нет в еврейском	[]	по признакам	[]	i	[]
Втор	26	13	моего	в	B: квадратные; C (линия 1882): курсив — слово для связности, которого нет в еврейском	[]	по признакам	[]	i	[]
Втор	26	15	дать нам	в	B: квадратные; C (линия 1882): курсив — слово для связности, которого нет в еврейском	[]	по признакам	[]	i	[]
Втор	26	16	все	а	B: квадратные; в C (линия 1882, без вставок по греческому) нет	[]	по признакам	[]	absent	absent
Втор	27	1	сынов	в	B: квадратные; C (линия 1882): курсив — слово для связности, которого нет в еврейском	[]	по признакам	[]	i	[]
Втор	27	3	камнях	в	B: квадратные; C (линия 1882): курсив — слово для связности, которого нет в еврейском	[]	по признакам	[]	i	[]
Втор	27	3	Иордан	в	B: квадратные; C (линия 1882): курсив — слово для связности, которого нет в еврейском	[]	по признакам	[]	i	[]
Втор	27	7	и насыщайся	а	B: квадратные; в C (линия 1882, без вставок по греческому) нет	[]	по признакам	[]	absent	absent
Втор	27	8	сих	а	B: квадратные; в C (линия 1882, без вставок по греческому) нет	[]	по признакам	[]	absent	absent
Втор	27	10	все	а	B: квадратные; в C (линия 1882, без вставок по греческому) нет	[]	по признакам	[]	absent	absent
Втор	27	23	Проклят, кто ляжет с сестрою жены своей! И весь народ скажет: аминь.	а	B: квадратные; в C (линия 1882, без вставок по греческому) нет	[]	по признакам	[]	absent	absent
Втор	27	26	всякий человек	а	B: квадратные; в C (линия 1882, без вставок по греческому) нет	[]	по признакам	[]	absent	absent
Втор	27	26	всех	а	B: квадратные; в C (линия 1882, без вставок по греческому) нет	[]	по признакам	[]	absent	absent
Втор	28	1	за Иордан в землю, которую Господь Бог ваш дает вам	а	B: квадратные; в C (линия 1882, без вставок по греческому) нет; в KJV нет	[]	проверено	[]	absent	absent
Втор	28	9	Бог твой	а	B: квадратные; в C (линия 1882, без вставок по греческому) нет; в KJV нет	[]	проверено	[]	absent	absent
Втор	28	9	и отцам твоим	а	B: квадратные; в C (линия 1882, без вставок по греческому) нет	[]	по признакам	[]	absent	absent
Втор	28	10	Бога твоего	а	B: квадратные; в C (линия 1882, без вставок по греческому) нет	[]	по признакам	[]	absent	absent
Втор	28	11	Бог твой	а	B: квадратные; в C (линия 1882, без вставок по греческому) нет	[]	по признакам	[]	absent	absent
Втор	28	12	и будешь господствовать над многими народами, а они над тобою не будут господствовать	а	B: квадратные; в C (линия 1882, без вставок по греческому) нет	[]	по признакам	[]	absent	absent
Втор	28	13	Бог твой	а	B: квадратные; в C (линия 1882, без вставок по греческому) нет	[]	по признакам	[]	absent	absent
Втор	28	16	будешь	в	B: квадратные; C (линия 1882): курсив — слово для связности, которого нет в еврейском	[]	по признакам	[]	i	[]
Втор	28	16	будешь	в	B: квадратные; C (линия 1882): курсив — слово для связности, которого нет в еврейском	[]	по признакам	[]	i	[]
Втор	28	17	будут	в	B: квадратные; C (линия 1882): курсив — слово для связности, которого нет в еврейском	[]	по признакам	[]	i	[]
Втор	28	18	будет	в	B: квадратные; C (линия 1882): курсив — слово для связности, которого нет в еврейском	[]	по признакам	[]	i	[]
Втор	28	19	будешь	в	B: квадратные; C (линия 1882): курсив — слово для связности, которого нет в еврейском	[]	по признакам	[]	i	[]
Втор	28	24	доколе не погубит тебя и	а	B: квадратные; в C (линия 1882, без вставок по греческому) нет	[]	по признакам	[]	absent	absent
Втор	28	35	головы	в	B: квадратные; C (линия 1882): курсив — слово для связности, которого нет в еврейском	[]	по признакам	[]	i	[]
Втор	28	37	Бог	а	B: квадратные; в C (линия 1882, без вставок по греческому) нет	[]	по признакам	[]	absent	absent
Втор	28	39	их	в	B: квадратные; C (линия 1882): курсив — слово для связности, которого нет в еврейском	[]	по признакам	[]	i	[]
Втор	28	48	Бог твой	а	B: квадратные; в C (линия 1882, без вставок по греческому) нет	[]	по признакам	[]	absent	absent
Втор	28	56	Женщина	в	B: квадратные; C (линия 1882): курсив — слово для связности, которого нет в еврейском	[]	по признакам	[]	i	[]
Втор	28	60	злые	а	B: квадратные; в C (линия 1882, без вставок по греческому) нет	[]	по признакам	[]	absent	absent
Втор	28	61	и всякую написанную	а	B: квадратные; в C (линия 1882, без вставок по греческому) нет; в KJV нет	[]	проверено	[]	absent	absent
Втор	28	64	Бог твой	а	B: квадратные; в C (линия 1882, без вставок по греческому) нет	[]	по признакам	[]	absent	absent
Втор	29	2	сынов	в	B: квадратные; C (линия 1882): курсив — слово для связности, которого нет в еврейском	[]	по признакам	[]	i	[]
Втор	29	3	руку крепкую и мышцу простертую	а	B: квадратные; в C (линия 1882, без вставок по греческому) нет	[]	по признакам	[]	absent	absent
Втор	29	4	Бог	а	B: квадратные; в C (линия 1882, без вставок по греческому) нет	[]	по признакам	[]	absent	absent
Втор	29	9	все	а	B: квадратные; в C (линия 1882, без вставок по греческому) нет	[]	по признакам	[]	absent	absent
Втор	29	10	судьи ваши,	а	B: квадратные; в C (линия 1882, без вставок по греческому) нет	[]	по признакам	[]	absent	absent
Втор	29	20	завета сего	в	B: квадратные; C (линия 1882): курсив — слово для связности, которого нет в еврейском	[]	по признакам	[]	i	[]
Втор	29	20	закона	а	B: квадратные; в C (линия 1882, без вставок по греческому) нет	[]	по признакам	[]	absent	absent
Втор	29	27	завета	в	B: квадратные; C (линия 1882): курсив — слово для связности, которого нет в еврейском	[]	по признакам	[]	i	[]
Втор	29	27	закона	а	B: квадратные; в C (линия 1882, без вставок по греческому) нет	[]	по признакам	[]	absent	absent
Втор	30	4	от края неба	а	B: квадратные; в C (линия 1882, без вставок по греческому) нет; в KJV нет	[]	проверено	[]	absent	absent
Втор	30	5	оттуда	а	B: квадратные; в C (линия 1882, без вставок по греческому) нет	[]	по признакам	[]	absent	absent
Втор	30	8	Бога твоего	а	B: квадратные; в C (линия 1882, без вставок по греческому) нет	[]	по признакам	[]	absent	absent
Втор	30	9	Бог твой	а	B: квадратные; в C (линия 1882, без вставок по греческому) нет	[]	по признакам	[]	absent	absent
Втор	30	10	и исполняя все	а	B: квадратные; в C (линия 1882, без вставок по греческому) нет	[]	по признакам	[]	absent	absent
Втор	30	10	и законы Его	а	B: квадратные; в C (линия 1882, без вставок по греческому) нет	[]	по признакам	[]	absent	absent
Втор	30	16	Если будешь слушать заповеди Господа Бога твоего,	а	B: квадратные; в C (линия 1882, без вставок по греческому) нет	[]	по признакам	[]	absent	absent
Втор	30	16	всем	а	B: квадратные; в C (линия 1882, без вставок по греческому) нет	[]	по признакам	[]	absent	absent
Втор	30	18	которую Господь Бог дает тебе,	а	B: квадратные; в C (линия 1882, без вставок по греческому) нет; в KJV нет	[]	проверено	[]	absent	absent
Втор	30	20	Бог	а	B: квадратные; в C (линия 1882, без вставок по греческому) нет	[]	по признакам	[]	absent	absent
Втор	31	1	сынам	в	B: квадратные; C (линия 1882): курсив — слово для связности, которого нет в еврейском	[]	по признакам	[]	i	[]
Втор	31	4	которые были по эту сторону Иордана,	а	B: квадратные; в C (линия 1882, без вставок по греческому) нет	[]	по признакам	[]	absent	absent
Втор	31	6	не ужасайтесь	а	B: квадратные; в C (линия 1882, без вставок по греческому) нет	[]	по признакам	[]	absent	absent
Втор	31	6	и	в	B: квадратные; C (линия 1882): курсив — слово для связности, которого нет в еврейском	[]	по признакам	[]	i	[]
Втор	31	9	сынов	в	B: квадратные; C (линия 1882): курсив — слово для связности, которого нет в еврейском	[]	по признакам	[]	i	[]
Втор	31	11	Господь	в	B: квадратные; C (линия 1882): курсив — слово для связности, которого нет в еврейском	[]	по признакам	[]	i	[]
Втор	31	14	входа	а	B: квадратные; в C (линия 1882, без вставок по греческому) нет	[]	по признакам	[]	absent	absent
Втор	31	14	входа	а	B: квадратные; в C (линия 1882, без вставок по греческому) нет	[]	по признакам	[]	absent	absent
Втор	31	15	собрания	а	B: квадратные; в C (линия 1882, без вставок по греческому) нет	[]	по признакам	[]	absent	absent
Втор	31	17	Господа	а	B: квадратные; в C (линия 1882, без вставок по греческому) нет	[]	по признакам	[]	absent	absent
Втор	31	18	от него	в	B: квадратные; C (линия 1882): курсив — слово для связности, которого нет в еврейском	[]	по признакам	[]	i	[]
Втор	31	19	слова	в	B: квадратные; C (линия 1882): курсив — слово для связности, которого нет в еврейском	[]	по признакам	[]	i	[]
Втор	31	20	добрую	а	B: квадратные; в C (линия 1882, без вставок по греческому) нет	[]	по признакам	[]	absent	absent
Втор	31	20	который Я завещал им	а	B: квадратные; в C (линия 1882, без вставок по греческому) нет; в KJV нет	[]	проверено	[]	absent	absent
Втор	31	21	из уст их и	а	B: квадратные; в C (линия 1882, без вставок по греческому) нет; в KJV нет	[]	проверено	[]	absent	absent
Втор	31	21	добрую	а	B: квадратные; в C (линия 1882, без вставок по греческому) нет	[]	по признакам	[]	absent	absent
Втор	31	21	отцам их	а	B: квадратные; в C (линия 1882, без вставок по греческому) нет	[]	по признакам	[]	absent	absent
Втор	31	23	ему	в	B: квадратные; C (линия 1882): курсив — слово для связности, которого нет в еврейском	[]	по признакам	[]	i	[]
Втор	31	28	и судей ваших	а	B: квадратные; в C (линия 1882, без вставок по греческому) нет	[]	по признакам	[]	absent	absent
Втор	31	29	Бога	а	B: квадратные; в C (линия 1882, без вставок по греческому) нет	[]	по признакам	[]	absent	absent
Втор	32	4	в Нем	в	B: квадратные; C (линия 1882): курсив — слово для связности, которого нет в еврейском	[]	по признакам	[]	i	[]
Втор	32	15	ел Иаков, и	а	B: квадратные; в C (линия 1882, без вставок по греческому) нет; в KJV нет	[]	проверено	[]	absent	absent
Втор	32	16	своими	а	B: квадратные; в C (линия 1882, без вставок по греческому) нет; в KJV нет	[]	проверено	[]	absent	absent
Втор	32	19	и вознегодовал	а	B: квадратные; в C (линия 1882, без вставок по греческому) нет	[]	по признакам	[]	absent	absent
Втор	32	20	и	в	B: квадратные; C (линия 1882): курсив — слово для связности, которого нет в еврейском	[]	по признакам	[]	i	[]
Втор	32	37	Господь	в	B: квадратные; C (линия 1882): курсив — слово для связности, которого нет в еврейском	[]	по признакам	[]	i	[]
Втор	32	38	и	в	B: квадратные; C (линия 1882): курсив — слово для связности, которого нет в еврейском	[]	по признакам	[]	i	[]
Втор	32	39	видите,	а	B: квадратные; в C (линия 1882, без вставок по греческому) нет	[]	по признакам	[]	absent	absent
Втор	32	40	клянусь десницею Моею и	а	B: квадратные; в C (линия 1882, без вставок по греческому) нет	[]	по признакам	[]	absent	absent
Втор	32	43	Веселитесь, небеса, вместе с Ним, и поклонитесь Ему, все Ангелы Божии.	а	B: квадратные; в C (линия 1882, без вставок по греческому) нет	[]	по признакам	[]	absent	absent
Втор	32	43	и да укрепятся все сыны Божии	а	B: квадратные; в C (линия 1882, без вставок по греческому) нет	[]	по признакам	[]	absent	absent
Втор	32	43	и ненавидящим Его воздаст,	а	B: квадратные; в C (линия 1882, без вставок по греческому) нет	[]	по признакам	[]	absent	absent
Втор	32	43	Господь	а	B: квадратные; в C (линия 1882, без вставок по греческому) нет	[]	по признакам	[]	absent	absent
Втор	32	44	И написал Моисей песнь сию в тот день, и научил ей сынов Израилевых.	а	B: квадратные; в C (линия 1882, без вставок по греческому) нет	[]	по признакам	[]	absent	absent
Втор	32	44	к народу	в	B: квадратные; C (линия 1882): курсив — слово для связности, которого нет в еврейском	[]	по признакам	[]	i	[]
Втор	33	3	Свой	в	B: квадратные; C (линия 1882): курсив — слово для связности, которого нет в еврейском	[]	по признакам	[]	i	[]
Втор	33	6	Симеон	а	B: квадратные; в C (линия 1882, без вставок по греческому) нет	[]	по признакам	[]	absent	absent
Втор	33	12	Бог	в	B: квадратные; C (линия 1882): курсив — слово для связности, которого нет в еврейском	[]	по признакам	[]	i	[]
Втор	33	27	твое	в	B: квадратные; C (линия 1882): курсив — слово для связности, которого нет в еврейском	[]	по признакам	[]	i	[]
Втор	33	27	ты	в	B: квадратные; C (линия 1882): курсив — слово для связности, которого нет в еврейском	[]	по признакам	[]	i	[]
Втор	34	2	землю	в	B: квадратные; C (линия 1882): курсив — слово для связности, которого нет в еврейском	[]	по признакам	[]	i	[]
Втор	34	2	всю	в	B: квадратные; C (линия 1882): курсив — слово для связности, которого нет в еврейском	[]	по признакам	[]	i	[]
Втор	34	8	у Иордана близ Иерихона	а	B: квадратные; в C (линия 1882, без вставок по греческому) нет	[]	по признакам	[]	absent	absent
Нав	1	11	отцов	в	B: квадратные; C (линия 1882): курсив — слово для связности, которого нет в еврейском	[]	по признакам	[]	i	[]
Нав	1	15	Бог ваш	а	B: квадратные; в C (линия 1882, без вставок по греческому) нет	[]	по признакам	[]	absent	absent
Нав	2	1	Два юноши	в	B: квадратные; C (линия 1882): курсив — слово для связности, которого нет в еврейском	[]	по признакам	[]	i	[]
Нав	2	1	в Иерихон и вошли	а	B: квадратные; в C (линия 1882, без вставок по греческому) нет	[]	по признакам	[]	absent	absent
Нав	2	3	ночью	а	B: квадратные; в C (линия 1882, без вставок по греческому) нет	[]	по признакам	[]	absent	absent
Нав	2	10	Бог	а	B: квадратные; в C (линия 1882, без вставок по греческому) нет	[]	по признакам	[]	absent	absent
Нав	2	11	из нас	в	B: квадратные; C (линия 1882): курсив — слово для связности, которого нет в еврейском	[]	по признакам	[]	i	[]
Нав	2	12	Богом нашим	а	надписание/слово есть только у нас; в B нет, в C нет	[]	по признакам	absent	absent	absent
Нав	2	14	ныне	а	B: квадратные; в C (линия 1882, без вставок по греческому) нет	[]	по признакам	[]	absent	absent
Нав	2	16	за вами	в	B: квадратные; C (линия 1882): курсив — слово для связности, которого нет в еврейском	[]	по признакам	[]	i	[]
Нав	2	19	будем от сей клятвы твоей	в	B: квадратные; C (линия 1882): курсив — слово для связности, которого нет в еврейском	[]	по признакам	[]	i	[]
Нав	2	19	твоем	в	B: квадратные; C (линия 1882): курсив — слово для связности, которого нет в еврейском	[]	по признакам	[]	i	[]
Нав	2	20	кто нас обидит, или	а	B: квадратные; в C (линия 1882, без вставок по греческому) нет	[]	по признакам	[]	absent	absent
Нав	2	23	Иордан	в	B: квадратные; C (линия 1882): курсив — слово для связности, которого нет в еврейском	[]	по признакам	[]	i	[]
Нав	2	24	Бог наш	а	B: квадратные; в C (линия 1882, без вставок по греческому) нет	[]	по признакам	[]	absent	absent
Нав	3	3	наших и	а	B: квадратные; в C (линия 1882, без вставок по греческому) нет	[]	по признакам	[]	absent	absent
Нав	3	5	к утру	а	B: квадратные; в C (линия 1882, без вставок по греческому) нет	[]	по признакам	[]	absent	absent
Нав	3	6	Господня	а	B: квадратные; в C (линия 1882, без вставок по греческому) нет; в KJV нет	[]	проверено	[]	absent	absent
Нав	3	6	Священники	в	B: квадратные; C (линия 1882): курсив — слово для связности, которого нет в еврейском	[]	по признакам	[]	i	[]
Нав	3	6	Господня	а	B: квадратные; в C (линия 1882, без вставок по греческому) нет; в KJV нет	[]	проверено	[]	absent	absent
Нав	3	7	сынов	в	B: квадратные; C (линия 1882): курсив — слово для связности, которого нет в еврейском	[]	по признакам	[]	i	[]
Нав	3	14	Господня	а	B: квадратные; в C (линия 1882, без вставок по греческому) нет	[]	по признакам	[]	absent	absent
Нав	3	15	завета Господня	а	B: квадратные; в C (линия 1882, без вставок по греческому) нет	[]	по признакам	[]	absent	absent
Нав	3	17	сыны	в	B: квадратные; C (линия 1882): курсив — слово для связности, которого нет в еврейском	[]	по признакам	[]	i	[]
Нав	4	5	возьмите оттуда и	в	B: квадратные; C (линия 1882): курсив — слово для связности, которого нет в еврейском	[]	по признакам	[]	i	[]
Нав	4	6	лежащим всегда	а	B: квадратные; в C (линия 1882, без вставок по греческому) нет	[]	по признакам	[]	absent	absent
Нав	4	7	всей земли	а	B: квадратные; в C (линия 1882, без вставок по греческому) нет	[]	по признакам	[]	absent	absent
Нав	4	7	у вас	а	B: квадратные; в C (линия 1882, без вставок по греческому) нет	[]	по признакам	[]	absent	absent
Нав	4	9	другие	в	B: квадратные; C (линия 1882): курсив — слово для связности, которого нет в еврейском	[]	по признакам	[]	i	[]
Нав	4	9	Господня	а	B: квадратные; в C (линия 1882, без вставок по греческому) нет	[]	по признакам	[]	absent	absent
Нав	4	10	завета Господня	а	B: квадратные; в C (линия 1882, без вставок по греческому) нет	[]	по признакам	[]	absent	absent
Нав	4	10	Иисусом	а	B: квадратные; в C (линия 1882, без вставок по греческому) нет	[]	по признакам	[]	absent	absent
Нав	4	11	Иордан	а	B: квадратные; C: без пометы; в KJV нет	[]	проверено	[]	plain	plain
Нав	4	11	завета	в	B: квадратные; C (линия 1882): курсив — слово для связности, которого нет в еврейском	[]	по признакам	[]	i	[]
Нав	4	23	Господь, Бог ваш,	а	B: квадратные; в C (линия 1882, без вставок по греческому) нет	[]	по признакам	[]	absent	absent
Нав	5	1	Бог	а	B: квадратные; в C (линия 1882, без вставок по греческому) нет	[]	по признакам	[]	absent	absent
Нав	5	1	они ужаснулись	а	B: квадратные; в C (линия 1882, без вставок по греческому) нет	[]	по признакам	[]	absent	absent
Нав	5	2	каменные	а	B: квадратные; в C (линия 1882, без вставок по греческому) нет	[]	по признакам	[]	absent	absent
Нав	5	3	каменные	а	B: квадратные; в C (линия 1882, без вставок по греческому) нет	[]	по признакам	[]	absent	absent
Нав	5	3	месте, названном	в	B: квадратные; C (линия 1882): курсив — слово для связности, которого нет в еврейском	[]	по признакам	[]	i	[]
Нав	5	4	сынов Израилевых, которые тогда родились на пути, и которые из вышедших из Египта не были тогда обрезаны, всех их обрезал Иисус	а	B: квадратные; в C (линия 1882, без вставок по греческому) нет; в KJV нет	[]	проверено	[]	absent	absent
Нав	5	6	два	а	B: квадратные; в C (линия 1882, без вставок по греческому) нет; в KJV нет	[]	проверено	[]	absent	absent
Нав	5	6	потому многие и не были обрезаны	а	B: квадратные; в C (линия 1882, без вставок по греческому) нет	[]	по признакам	[]	absent	absent
Нав	5	7	как родившихся	а	B: квадратные; в C (линия 1882, без вставок по греческому) нет	[]	по признакам	[]	absent	absent
Нав	5	14	сюда	в	B: квадратные; C (линия 1882): курсив — слово для связности, которого нет в еврейском	[]	по признакам	[]	i	[]
Нав	5	16	из него	в	B: квадратные; C (линия 1882): курсив — слово для связности, которого нет в еврейском	[]	по признакам	[]	i	absent
Нав	6	1	и находящихся в нем	в	B: квадратные; C (линия 1882): курсив — слово для связности, которого нет в еврейском	[]	по признакам	[]	i	[]
Нав	6	2	в день	в	B: квадратные; C (линия 1882): курсив — слово для связности, которого нет в еврейском	[]	по признакам	[]	i	[]
Нав	6	4	весь	в	B: квадратные; C (линия 1882): курсив — слово для связности, которого нет в еврейском	[]	по признакам	[]	i	[]
Нав	6	4	в город, устремившись	в	B: квадратные; C (линия 1882): курсив — слово для связности, которого нет в еврейском	[]	по признакам	[]	i	[]
Нав	6	5	Израилевых	в	B: квадратные; C (линия 1882): курсив — слово для связности, которого нет в еврейском	[]	по признакам	[]	i	[]
Нав	6	6	им, чтоб они сказали	а	B: квадратные; в C (линия 1882, без вставок по греческому) нет; в KJV нет	[]	проверено	[]	absent	absent
Нав	6	7	громогласно	а	B: квадратные; в C (линия 1882, без вставок по греческому) нет	[]	по признакам	[]	absent	absent
Нав	6	8	завета Господня	а	B: квадратные; в C (линия 1882, без вставок по греческому) нет	[]	по признакам	[]	absent	absent
Нав	6	10	завета	в	B: квадратные; C (линия 1882): курсив — слово для связности, которого нет в еврейском	[]	по признакам	[]	i	[]
Нав	6	11	На другой день	в	B: квадратные; C (линия 1882): курсив — слово для связности, которого нет в еврейском	[]	по признакам	[]	i	[]
Нав	6	11	завета	в	B: квадратные; C (линия 1882): курсив — слово для связности, которого нет в еврейском	[]	по признакам	[]	i	[]
Нав	6	12	завета	в	B: квадратные; C (линия 1882): курсив — слово для связности, которого нет в еврейском	[]	по признакам	[]	i	[]
Нав	6	16	сил	а	B: квадратные; в C (линия 1882, без вставок по греческому) нет	[]	по признакам	[]	absent	absent
Нав	6	17	сынов	в	B: квадратные; C (линия 1882): курсив — слово для связности, которого нет в еврейском	[]	по признакам	[]	i	[]
Нав	6	19	весь вместе	а	B: квадратные; в C (линия 1882, без вставок по греческому) нет	[]	по признакам	[]	absent	absent
Нав	6	19	и сильным	а	B: квадратные; в C (линия 1882, без вставок по греческому) нет	[]	по признакам	[]	absent	absent
Нав	6	19	вся	а	B: квадратные; в C (линия 1882, без вставок по греческому) нет	[]	по признакам	[]	absent	absent
Нав	6	19	города	в	B: квадратные; C (линия 1882): курсив — слово для связности, которого нет в еврейском	[]	по признакам	[]	i	[]
Нав	6	19	весь	а	B: квадратные; в C (линия 1882, без вставок по греческому) нет	[]	по признакам	[]	absent	absent
Нав	6	20	всё	в	B: квадратные; C (линия 1882): курсив — слово для связности, которого нет в еврейском	[]	по признакам	[]	i	[]
Нав	6	22	город, в дом женщины	в	B: квадратные; C (линия 1882): курсив — слово для связности, которого нет в еврейском	[]	по признакам	[]	i	[]
Нав	6	22	блудницу	а	B: квадратные; в C (линия 1882, без вставок по греческому) нет	[]	по признакам	[]	absent	absent
Нав	6	23	чтобы внести Господу	а	B: квадратные; в C (линия 1882, без вставок по греческому) нет; в KJV нет	[]	проверено	[]	absent	absent
Нав	6	25	Так и сделал Азан, родом из Вефиля: он на Авироне, первенце своем, основал его и на меньшем, спасенном, поставил ворота его.	а	B: квадратные; в C (линия 1882, без вставок по греческому) нет	[]	по признакам	[]	absent	absent
Нав	7	1	великое	а	B: квадратные; в C (линия 1882, без вставок по греческому) нет	[]	по признакам	[]	absent	absent
Нав	7	1	и взяли	в	B: квадратные; C (линия 1882): курсив — слово для связности, которого нет в еврейском	[]	по признакам	[]	i	[]
Нав	7	3	там	в	B: квадратные; C (линия 1882): курсив — слово для связности, которого нет в еврейском	[]	по признакам	[]	i	[]
Нав	7	14	все	в	B: квадратные; C (линия 1882): курсив — слово для связности, которого нет в еврейском	[]	по признакам	[]	i	[]
Нав	7	17	семейство	в	B: квадратные; C (линия 1882): курсив — слово для связности, которого нет в еврейском	[]	по признакам	[]	i	[]
Нав	7	21	спрятано	а	B: квадратные; в C (линия 1882, без вставок по греческому) нет	[]	по признакам	[]	absent	absent
Нав	7	22	в стан	а	B: квадратные; в C (линия 1882, без вставок по греческому) нет	[]	по признакам	[]	absent	absent
Нав	7	24	со всем	а	B: квадратные; в C (линия 1882, без вставок по греческому) нет	[]	по признакам	[]	absent	absent
Нав	8	5	жители Гая	в	B: квадратные; C (линия 1882): курсив — слово для связности, которого нет в еврейском	[]	по признакам	[]	i	[]
Нав	8	11	с восточной стороны, засада же была к западу от города	а	B: квадратные; в C (линия 1882, без вставок по греческому) нет; в KJV нет	[]	проверено	[]	absent	absent
Нав	8	14	его	а	B: квадратные; в C (линия 1882, без вставок по греческому) нет	[]	по признакам	[]	absent	absent
Нав	8	18	и засада тотчас встанет с места своего	а	B: квадратные; в C (линия 1882, без вставок по греческому) нет	[]	по признакам	[]	absent	absent
Нав	8	18	руку свою и	а	B: квадратные; в C (линия 1882, без вставок по греческому) нет	[]	по признакам	[]	absent	absent
Нав	8	21	к небу	в	B: квадратные; C (линия 1882): курсив — слово для связности, которого нет в еврейском	[]	по признакам	[]	i	[]
Нав	8	27	сыны	в	B: квадратные; C (линия 1882): курсив — слово для связности, которого нет в еврейском	[]	по признакам	[]	i	[]
Нав	8	27	Господь	в	B: квадратные; C (линия 1882): курсив — слово для связности, которого нет в еврейском	[]	по признакам	[]	i	[]
Нав	8	29	и был он на дереве	а	B: квадратные; в C (линия 1882, без вставок по греческому) нет; в KJV нет	[]	проверено	[]	absent	absent
Нав	8	32	Иисус	в	B: квадратные; C (линия 1882): курсив — слово для связности, которого нет в еврейском	[]	по признакам	[]	i	[]
Нав	8	33	его	в	B: квадратные; C (линия 1882): курсив — слово для связности, которого нет в еврейском	[]	по признакам	[]	i	[]
Нав	8	33	и	в	B: квадратные; C (линия 1882): курсив — слово для связности, которого нет в еврейском	[]	по признакам	[]	i	[]
Нав	8	34	Иисус	в	B: квадратные; C (линия 1882): курсив — слово для связности, которого нет в еврейском	[]	по признакам	[]	i	[]
Нав	8	35	Иисусу	в	B: квадратные; C (линия 1882): курсив — слово для связности, которого нет в еврейском	[]	по признакам	[]	i	[]
Нав	8	35	пред мужами,	а	B: квадратные; в C (линия 1882, без вставок по греческому) нет	[]	по признакам	[]	absent	absent
Нав	9	1	Аморрейские	а	B: квадратные; в C (линия 1882, без вставок по греческому) нет	[]	по признакам	[]	absent	absent
Нав	9	1	и которые	а	B: квадратные; в C (линия 1882, без вставок по греческому) нет	[]	по признакам	[]	absent	absent
Нав	9	1	Гергесеи,	а	B: квадратные; в C (линия 1882, без вставок по греческому) нет	[]	по признакам	[]	absent	absent
Нав	9	5	и раскрошенный	а	B: квадратные; в C (линия 1882, без вставок по греческому) нет	[]	по признакам	[]	absent	absent
Нав	9	6	Израильский	в	B: квадратные; C (линия 1882): курсив — слово для связности, которого нет в еврейском	[]	по признакам	[]	i	[]
Нав	9	10	были	а	B: квадратные; в C (линия 1882, без вставок по греческому) нет	[]	по признакам	[]	absent	absent
Нав	9	10	жил	в	B: квадратные; C (линия 1882): курсив — слово для связности, которого нет в еврейском	[]	по признакам	[]	i	[]
Нав	9	10	и Едреи	а	B: квадратные; в C (линия 1882, без вставок по греческому) нет	[]	по признакам	[]	absent	absent
Нав	9	11	Слыша сие,	в	B: квадратные; C (линия 1882): курсив — слово для связности, которого нет в еврейском	[]	по признакам	[]	i	[]
Нав	9	17	были	в	B: квадратные; C (линия 1882): курсив — слово для связности, которого нет в еврейском	[]	по признакам	[]	i	[]
Нав	9	18	Иисус и	а	B: квадратные; в C (линия 1882, без вставок по греческому) нет	[]	по признакам	[]	absent	absent
Нав	9	18	все	а	B: квадратные; в C (линия 1882, без вставок по греческому) нет	[]	по признакам	[]	absent	absent
Нав	9	18	Израилево	в	B: квадратные; C (линия 1882): курсив — слово для связности, которого нет в еврейском	[]	по признакам	[]	i	[]
Нав	9	21	И сделало все общество	в	B: квадратные; C (линия 1882): курсив — слово для связности, которого нет в еврейском	[]	по признакам	[]	i	[]
Нав	9	23	меня и для	а	B: квадратные; в C (линия 1882, без вставок по греческому) нет; в KJV нет	[]	проверено	[]	absent	absent
Нав	9	24	нас и	а	B: квадратные; в C (линия 1882, без вставок по греческому) нет	[]	по признакам	[]	absent	absent
Нав	9	27	всего	а	B: квадратные; в C (линия 1882, без вставок по греческому) нет	[]	по признакам	[]	absent	absent
Нав	9	27	посему жители Гаваона сделались дровосеками и водоносами для жертвенника Божия	а	B: квадратные; C: без пометы; в KJV нет	[]	проверено	[]	plain	plain
Нав	9	27	Господь	в	B: квадратные; C (линия 1882): курсив — слово для связности, которого нет в еврейском	[]	по признакам	[]	i	[]
Нав	10	1	с Иисусом и	а	B: квадратные; в C (линия 1882, без вставок по греческому) нет	[]	по признакам	[]	absent	absent
Нав	10	2	был	в	B: квадратные; C (линия 1882): курсив — слово для связности, которого нет в еврейском	[]	по признакам	[]	i	[]
Нав	10	6	Израильский	в	B: квадратные; C (линия 1882): курсив — слово для связности, которого нет в еврейском	[]	по признакам	[]	i	[]
Нав	10	9	потому что	в	B: квадратные; C (линия 1882): курсив — слово для связности, которого нет в еврейском	[]	по признакам	[]	i	[]
Нав	10	11	града	а	B: квадратные; в C (линия 1882, без вставок по греческому) нет	[]	по признакам	[]	absent	absent
Нав	10	11	на сражении	а	B: квадратные; в C (линия 1882, без вставок по греческому) нет	[]	по признакам	[]	absent	absent
Нав	10	12	Бог	а	B: квадратные; в C (линия 1882, без вставок по греческому) нет; в KJV нет	[]	проверено	[]	absent	absent
Нав	10	14	так	в	B: квадратные; C (линия 1882): курсив — слово для связности, которого нет в еврейском	[]	по признакам	[]	i	[]
Нав	10	19	здесь	а	B: квадратные; в C (линия 1882, без вставок по греческому) нет	[]	по признакам	[]	absent	absent
Нав	10	28	его	в	B: квадратные; C (линия 1882): курсив — слово для связности, которого нет в еврейском	[]	по признакам	[]	i	[]
Нав	10	28	и избежал	а	B: квадратные; в C (линия 1882, без вставок по греческому) нет	[]	по признакам	[]	absent	absent
Нав	10	30	и взяли ее	а	B: квадратные; в C (линия 1882, без вставок по греческому) нет	[]	по признакам	[]	absent	absent
Нав	10	30	и избежал	а	B: квадратные; в C (линия 1882, без вставок по греческому) нет	[]	по признакам	[]	absent	absent
Нав	10	32	и истребил его	а	B: квадратные; в C (линия 1882, без вставок по греческому) нет	[]	по признакам	[]	absent	absent
Нав	10	33	мечом	в	B: квадратные; C (линия 1882): курсив — слово для связности, которого нет в еврейском	[]	по признакам	[]	i	[]
Нав	10	33	и избежал	а	B: квадратные; в C (линия 1882, без вставок по греческому) нет	[]	по признакам	[]	absent	absent
Нав	10	35	и предал его Господь в руки Израиля,	а	B: квадратные; в C (линия 1882, без вставок по греческому) нет	[]	по признакам	[]	absent	absent
Нав	10	39	их и	а	B: квадратные; в C (линия 1882, без вставок по греческому) нет	[]	по признакам	[]	absent	absent
Нав	11	6	их	в	B: квадратные; C (линия 1882): курсив — слово для связности, которого нет в еврейском	[]	по признакам	[]	i	[]
Нав	11	6	сынам	в	B: квадратные; C (линия 1882): курсив — слово для связности, которого нет в еврейском	[]	по признакам	[]	i	[]
Нав	11	8	и избежал	а	B: квадратные; в C (линия 1882, без вставок по греческому) нет	[]	по признакам	[]	absent	absent
Нав	11	10	Асор же прежде был главою всех царств сих	б	C: круглые скобки; есть в еврейском тексте (проверено по KJV — переводу с еврейского)	[]	проверено	[]	()	()
Нав	11	11	все	а	B: квадратные; в C (линия 1882, без вставок по греческому) нет	[]	по признакам	[]	absent	absent
Нав	11	14	весь	а	B: квадратные; в C (линия 1882, без вставок по греческому) нет	[]	по признакам	[]	absent	absent
Нав	11	14	из них	а	B: квадратные; в C (линия 1882, без вставок по греческому) нет	[]	по признакам	[]	absent	absent
Нав	11	16	при горе	а	B: квадратные; в C (линия 1882, без вставок по греческому) нет	[]	по признакам	[]	absent	absent
Нав	11	19	ни одного	а	B: квадратные; в C (линия 1882, без вставок по греческому) нет	[]	по признакам	[]	absent	absent
Нав	11	21	всех	а	B: квадратные; в C (линия 1882, без вставок по греческому) нет	[]	по признакам	[]	absent	absent
Нав	11	22	ни одного	в	B: квадратные; C (линия 1882): курсив — слово для связности, которого нет в еврейском	[]	по признакам	[]	i	[]
Нав	12	7	Аморрейской	в	B: квадратные; C (линия 1882): курсив — слово для связности, которого нет в еврейском	[]	по признакам	[]	i	[]
Нав	13	2	и Хананейская	а	B: квадратные; в C (линия 1882, без вставок по греческому) нет	[]	по признакам	[]	absent	absent
Нав	13	5	Филистимская	а	B: квадратные; в C (линия 1882, без вставок по греческому) нет	[]	по признакам	[]	absent	absent
Нав	13	7	от Иордана до моря великого к западу отдай ее им; великое море будет пределом	а	B: квадратные; в C (линия 1882, без вставок по греческому) нет	[]	по признакам	[]	absent	absent
Нав	13	8	солнца	а	B: квадратные; в C (линия 1882, без вставок по греческому) нет	[]	по признакам	[]	absent	absent
Нав	13	13	и Хананеев	а	B: квадратные; в C (линия 1882, без вставок по греческому) нет	[]	по признакам	[]	absent	absent
Нав	13	14	Вот разделение, какое сделал Моисей сынам Израилевым по племенам их на равнинах Моавитских за Иорданом, напротив Иерихона:	а	B: квадратные; в C (линия 1882, без вставок по греческому) нет	[]	по признакам	[]	absent	absent
Нав	13	21	той	в	B: квадратные; C (линия 1882): курсив — слово для связности, которого нет в еврейском	[]	по признакам	[]	i	[]
Нав	13	31	даны	в	B: квадратные; C (линия 1882): курсив — слово для связности, которого нет в еврейском	[]	по признакам	[]	i	[]
Нав	14	2	Манассиина	в	B: квадратные; C (линия 1882): курсив — слово для связности, которого нет в еврейском	[]	по признакам	[]	i	[]
Нав	14	3	Манассиина	в	B: квадратные; C (линия 1882): курсив — слово для связности, которого нет в еврейском	[]	по признакам	[]	i	[]
Нав	14	4	а только	в	B: квадратные; C (линия 1882): курсив — слово для связности, которого нет в еврейском	[]	по признакам	[]	i	[]
Нав	14	12	живут	в	B: квадратные; C (линия 1882): курсив — слово для связности, которого нет в еврейском	[]	по признакам	[]	i	[]
Нав	14	12	будет	в	B: квадратные; C (линия 1882): курсив — слово для связности, которого нет в еврейском	[]	по признакам	[]	i	[]
Нав	14	13	Кенезеянину,	а	B: квадратные; в C (линия 1882, без вставок по греческому) нет	[]	по признакам	[]	absent	absent
Нав	14	14	повелению	в	B: квадратные; C (линия 1882): курсив — слово для связности, которого нет в еврейском	[]	по признакам	[]	i	[]
Нав	15	3	идет на западной стороне Кадеса,	а	B: квадратные; в C (линия 1882, без вставок по греческому) нет; в KJV нет	[]	проверено	[]	absent	absent
Нав	15	5	все	а	B: квадратные; в C (линия 1882, без вставок по греческому) нет	[]	по признакам	[]	absent	absent
Нав	15	10	и идет	а	B: квадратные; в C (линия 1882, без вставок по греческому) нет	[]	по признакам	[]	absent	absent
Нав	15	11	земли	а	B: квадратные; в C (линия 1882, без вставок по греческому) нет	[]	по признакам	[]	absent	absent
Нав	15	13	Иисус	в	B: квадратные; C (линия 1882): курсив — слово для связности, которого нет в еврейском	[]	по признакам	[]	i	[]
Нав	15	13	и дал ему Иисус	а	B: квадратные; в C (линия 1882, без вставок по греческому) нет; в KJV нет	[]	проверено	[]	absent	absent
Нав	15	14	сын Иефонниин	а	B: квадратные; в C (линия 1882, без вставок по греческому) нет	[]	по признакам	[]	absent	absent
Нав	15	15	Халев	а	B: квадратные; в C (линия 1882, без вставок по греческому) нет	[]	по признакам	[]	absent	absent
Нав	15	15	имя Давиру прежде было Кириаф-Сефер	б	C: круглые скобки; есть в еврейском тексте (проверено по KJV — переводу с еврейского)	[]	проверено	[]	()	()
Нав	15	17	младший	а	B: квадратные; в C (линия 1882, без вставок по греческому) нет	[]	по признакам	[]	absent	absent
Нав	15	28	и села их и предместья их,	а	B: квадратные; в C (линия 1882, без вставок по греческому) нет; в KJV нет	[]	проверено	[]	absent	absent
Нав	15	35	Немра,	а	B: квадратные; в C (линия 1882, без вставок по греческому) нет	[]	по признакам	[]	absent	absent
Нав	15	44	и Едом	а	B: квадратные; в C (линия 1882, без вставок по греческому) нет	[]	по признакам	[]	absent	absent
Нав	15	59	Феко, Ефрафа, иначе Вифлеем, Фагор, Етам, Кулон, Татами, Сорес, Карем, Галлим, Вефир и Манохо: одиннадцать городов с их селами.	а	B: квадратные; в C (линия 1882, без вставок по греческому) нет	[]	по признакам	[]	absent	absent
Нав	15	60	и предместьями	а	B: квадратные; в C (линия 1882, без вставок по греческому) нет	[]	по признакам	[]	absent	absent
Нав	16	5	и Газары	а	B: квадратные; в C (линия 1882, без вставок по греческому) нет	[]	по признакам	[]	absent	absent
Нав	16	10	Ефремляне	в	B: квадратные; C (линия 1882): курсив — слово для связности, которого нет в еврейском	[]	по признакам	[]	i	[]
Нав	16	10	Наконец пришел фараон, царь Египетский, и взял город, и сжег его огнем, и Хананеев и Ферезеев и жителей Газера перебили, и отдал его фараон в приданое дочери своей.	а	B: квадратные; в C (линия 1882, без вставок по греческому) нет	[]	по признакам	[]	absent	absent
Нав	17	3	только	в	B: квадратные; C (линия 1882): курсив — слово для связности, которого нет в еврейском	[]	по признакам	[]	i	[]
Нав	17	6	сынов	а	B: квадратные; в C (линия 1882, без вставок по греческому) нет	[]	по признакам	[]	absent	absent
Нав	17	7	сынов	а	B: квадратные; в C (линия 1882, без вставок по греческому) нет	[]	по признакам	[]	absent	absent
Нав	17	11	с селами его	а	B: квадратные; в C (линия 1882, без вставок по греческому) нет	[]	по признакам	[]	absent	absent
Нав	17	15	место	в	B: квадратные; C (линия 1882): курсив — слово для связности, которого нет в еврейском	[]	по признакам	[]	i	[]
Нав	17	18	ты одолеешь их	а	B: квадратные; в C (линия 1882, без вставок по греческому) нет	[]	по признакам	[]	absent	absent
Нав	18	9	осмотрели ее	а	B: квадратные; в C (линия 1882, без вставок по греческому) нет	[]	по признакам	[]	absent	absent
Нав	18	11	Первый	в	B: квадратные; C (линия 1882): курсив — слово для связности, которого нет в еврейском	[]	по признакам	[]	i	[]
Нав	19	9	колену	в	B: квадратные; C (линия 1882): курсив — слово для связности, которого нет в еврейском	[]	по признакам	[]	i	[]
Нав	19	27	и входит в пределы Асафы	а	B: квадратные; в C (линия 1882, без вставок по греческому) нет	[]	по признакам	[]	absent	absent
Нав	19	33	и	в	B: квадратные; C (линия 1882): курсив — слово для связности, которого нет в еврейском	[]	по признакам	[]	i	[]
Нав	19	47	Аморреи оставались жить в Еломе и Саламине, но рука Ефремова одолела их, и сделались они данниками ему.	а	B: квадратные; в C (линия 1882, без вставок по греческому) нет; в KJV нет	[]	проверено	[]	absent	absent
Нав	19	48	Сыны Дановы не истребили Аморреев, которые стеснили их на горе, и не давали им Аморреи выходить на долину и отняли у них предел их участка.	а	B: квадратные; в C (линия 1882, без вставок по греческому) нет	[]	по признакам	[]	absent	absent
Нав	20	3	города сии	в	B: квадратные; C (линия 1882): курсив — слово для связности, которого нет в еврейском	[]	по признакам	[]	i	[]
Нав	20	3	чтобы не умер убивший	а	B: квадратные; в C (линия 1882, без вставок по греческому) нет	[]	по признакам	[]	absent	absent
Нав	20	3	доколе не предстанет пред общество на суд	а	B: квадратные; в C (линия 1882, без вставок по греческому) нет	[]	по признакам	[]	absent	absent
Нав	20	9	на суд	в	B: квадратные; C (линия 1882): курсив — слово для связности, которого нет в еврейском	[]	по признакам	[]	i	[]
Нав	21	9	и от колена сынов Вениаминовых	а	B: квадратные; в C (линия 1882, без вставок по греческому) нет; в KJV нет	[]	проверено	[]	absent	absent
Нав	21	10	так как жребий их был первый	б	C: без скобок; есть в еврейском тексте (проверено по KJV — переводу с еврейского)	[]	проверено	[]	plain	plain
Нав	21	36	по ту сторону Иордана против Иерихона	а	B: квадратные; в C (линия 1882, без вставок по греческому) нет	[]	по признакам	[]	absent	absent
Нав	21	36	дан город убежища для убийцы	а	B: квадратные; в C (линия 1882, без вставок по греческому) нет	[]	по признакам	[]	absent	absent
Нав	21	36	в пустыне Мисор	а	B: квадратные; в C (линия 1882, без вставок по греческому) нет	[]	по признакам	[]	absent	absent
Нав	21	42	Когда Иисус кончил разделение земли по пределам ее, тогда сыны Израилевы дали часть Иисусу по повелению Господню, дали ему город, которого он просил, Фимнаф-Сару дали ему на горе Ефремовой, и построил Иисус город, которого просил, и жил в нем. И взял Иисус каменные ножи, которыми обрезал сынов Израилевых, родившихся на пути в пустыне, ибо они не были обрезаны в пустыне; и положил их в Фимнаф-Саре.	а	B: квадратные; в C (линия 1882, без вставок по греческому) нет	[]	по признакам	[]	absent	absent
Нав	22	16	Господом	а	B: квадратные; в C (линия 1882, без вставок по греческому) нет	[]	по признакам	[]	absent	absent
Нав	22	16	Бога Израилева	а	B: квадратные; в C (линия 1882, без вставок по греческому) нет	[]	по признакам	[]	absent	absent
Нав	22	18	Господь	в	B: квадратные; C (линия 1882): курсив — слово для связности, которого нет в еврейском	[]	по признакам	[]	i	[]
Нав	22	23	Бога нашего	а	B: квадратные; в C (линия 1882, без вставок по греческому) нет	[]	по признакам	[]	absent	absent
Нав	22	28	и между сынами нашими	а	B: квадратные; в C (линия 1882, без вставок по греческому) нет	[]	по признакам	[]	absent	absent
Нав	22	30	все	а	B: квадратные; в C (линия 1882, без вставок по греческому) нет	[]	по признакам	[]	absent	absent
Нав	22	32	и от половины колена Манассиина	а	B: квадратные; в C (линия 1882, без вставок по греческому) нет; в KJV нет	[]	проверено	[]	absent	absent
Нав	22	33	и половина колена Манассиина	а	B: квадратные; в C (линия 1882, без вставок по греческому) нет	[]	по признакам	[]	absent	absent
Нав	22	34	и половина колена Манассиина	а	B: квадратные; в C (линия 1882, без вставок по греческому) нет	[]	по признакам	[]	absent	absent
Нав	23	1	Бог	а	B: квадратные; в C (линия 1882, без вставок по греческому) нет	[]	по признакам	[]	absent	absent
Нав	23	2	сынов	в	B: квадратные; C (линия 1882): курсив — слово для связности, которого нет в еврейском	[]	по признакам	[]	i	[]
Нав	23	5	доколе не погибнут; и пошлет на них диких зверей, доколе не истребит их и царей их от лица вашего	а	B: квадратные; в C (линия 1882, без вставок по греческому) нет	[]	по признакам	[]	absent	absent
Нав	23	7	ими	в	B: квадратные; C (линия 1882): курсив — слово для связности, которого нет в еврейском	[]	по признакам	[]	i	[]
Нав	23	16	Господь	в	B: квадратные; C (линия 1882): курсив — слово для связности, которого нет в еврейском	[]	по признакам	[]	i	[]
Нав	24	1	Господа	в	B: квадратные; C (линия 1882): курсив — слово для связности, которого нет в еврейском	[]	по признакам	[]	i	[]
Нав	24	4	и сделались там народом великим, сильным и многочисленным, и стали притеснять их Египтяне	а	B: квадратные; в C (линия 1882, без вставок по греческому) нет	[]	по признакам	[]	absent	absent
Нав	24	6	Чермному	в	B: квадратные; C (линия 1882): курсив — слово для связности, которого нет в еврейском	[]	по признакам	[]	i	[]
Нав	24	7	облако и	а	B: квадратные; в C (линия 1882, без вставок по греческому) нет	[]	по признакам	[]	absent	absent
Нав	24	15	ибо Он свят	а	B: квадратные; в C (линия 1882, без вставок по греческому) нет; в KJV нет	[]	проверено	[]	absent	absent
Нав	24	19	Богу	а	B: квадратные; в C (линия 1882, без вставок по греческому) нет	[]	по признакам	[]	absent	absent
Нав	24	25	пред скиниею Господа Бога Израилева	а	B: квадратные; в C (линия 1882, без вставок по греческому) нет	[]	по признакам	[]	absent	absent
Нав	24	27	сегодня	а	B: квадратные; в C (линия 1882, без вставок по греческому) нет	[]	по признакам	[]	absent	absent
Нав	24	27	в последующие дни	а	B: квадратные; в C (линия 1882, без вставок по греческому) нет	[]	по признакам	[]	absent	absent
Нав	24	27	Господом	а	B: квадратные; в C (линия 1882, без вставок по греческому) нет	[]	по признакам	[]	absent	absent
Нав	24	30	И положили там с ним во гробе, в котором похоронили его, каменные ножи, которыми Иисус обрезал сынов Израилевых в Галгале, когда вывел их из Египта, как повелел Господь; и они там даже до сего дня.	а	B: квадратные; в C (линия 1882, без вставок по греческому) нет	[]	по признакам	[]	absent	absent
Нав	24	33	После сего	в	B: квадратные; C (линия 1882): курсив — слово для связности, которого нет в еврейском	[]	по признакам	[]	i	[]
Нав	24	33	первосвященник	а	B: квадратные; в C (линия 1882, без вставок по греческому) нет	[]	по признакам	[]	absent	absent
Нав	24	34–36	В тот день сыны Израилевы, взяв ковчег Божий, носили с собою, и Финеес был священником вместо Елеазара, отца своего, доколе не умер и не был погребен в городе своем Гаваофе. ¦ И сыны Израилевы пошли каждый в свое место и в свой город. ¦ И стали сыны Израилевы служить Астарте и Астарофу и богам окрестных народов; и предал их Господь в руки Еглона, царя Моавитского, и он владел ими восемнадцать лет.	а	B: квадратные; в C (линия 1882, без вставок по греческому) нет	[]	по признакам	[]	absent	[]
Суд	1	7	крохи	в	B: квадратные; C (линия 1882): курсив — слово для связности, которого нет в еврейском	[]	по признакам	[]	i	[]
Суд	1	10	имя же Хеврону было прежде Кириаф-Арбы	б	C: круглые скобки; есть в еврейском тексте (проверено по KJV — переводу с еврейского)	[]	проверено	[]	()	()
Суд	1	10	от рода Енакова	а	B: квадратные; в C (линия 1882, без вставок по греческому) нет; в KJV нет	[]	проверено	[]	absent	absent
Суд	1	15	Ахса	в	B: квадратные; C (линия 1882): курсив — слово для связности, которого нет в еврейском	[]	по признакам	[]	i	[]
Суд	1	15	Халев по желанию ее	а	B: квадратные; в C (линия 1882, без вставок по греческому) нет; в KJV нет	[]	проверено	[]	absent	absent
Суд	1	16	Иофора	в	B: квадратные; C (линия 1882): курсив — слово для связности, которого нет в еврейском	[]	по признакам	[]	i	[]
Суд	1	18	и Азот с окрестностями его	а	B: квадратные; в C (линия 1882, без вставок по греческому) нет	[]	по признакам	[]	absent	absent
Суд	1	20	и получил он там в наследие три города сынов Енаковых	а	B: квадратные; в C (линия 1882, без вставок по греческому) нет	[]	по признакам	[]	absent	absent
Суд	1	23	И остановились	а	B: квадратные; C: без пометы; в KJV нет	[]	проверено	[]	plain	plain
Суд	1	23	имя же городу было прежде Луз	б	C: круглые скобки; есть в еврейском тексте (проверено по KJV — переводу с еврейского)	[]	проверено	[]	()	()
Суд	1	24	и взяли его	а	B: квадратные; в C (линия 1882, без вставок по греческому) нет; в KJV нет	[]	проверено	[]	absent	absent
Суд	1	26	там	а	B: квадратные; в C (линия 1882, без вставок по греческому) нет	[]	по признакам	[]	absent	absent
Суд	1	27	который есть Скифополь	а	B: квадратные; в C (линия 1882, без вставок по греческому) нет	[]	по признакам	[]	absent	absent
Суд	1	29	и платили им дань	а	B: квадратные; в C (линия 1882, без вставок по греческому) нет	[]	по признакам	[]	absent	absent
Суд	1	31	которые платили ему дань, и жителей Дора	а	B: квадратные; в C (линия 1882, без вставок по греческому) нет; в KJV нет	[]	проверено	[]	absent	absent
Суд	1	35	где медведи и лисицы	а	B: квадратные; в C (линия 1882, без вставок по греческому) нет	[]	по признакам	[]	absent	absent
Суд	1	35	Аморреев	в	B: квадратные; C (линия 1882): курсив — слово для связности, которого нет в еврейском	[]	по признакам	[]	i	[]
Суд	2	1	и в Вефиль и к дому Израилеву	а	B: квадратные; в C (линия 1882, без вставок по греческому) нет	[]	по признакам	[]	absent	absent
Суд	2	1	им: так говорит Господь	а	B: квадратные; в C (линия 1882, без вставок по греческому) нет	[]	по признакам	[]	absent	absent
Суд	2	1	дать вам	в	B: квадратные; C (линия 1882): курсив — слово для связности, которого нет в еврейском	[]	по признакам	[]	i	[]
Суд	2	2	богам их не поклоняйтесь, изваяния их разбейте,	а	B: квадратные; в C (линия 1882, без вставок по греческому) нет	[]	по признакам	[]	absent	absent
Суд	2	3	не стану уже переселять людей сих, которых Я хотел изгнать,	а	B: квадратные; в C (линия 1882, без вставок по греческому) нет	[]	по признакам	[]	absent	absent
Суд	2	6	каждый в свой дом и	а	B: квадратные; в C (линия 1882, без вставок по греческому) нет	[]	по признакам	[]	absent	absent
Суд	2	16	им	в	B: квадратные; C (линия 1882): курсив — слово для связности, которого нет в еврейском	[]	по признакам	[]	i	[]
Суд	2	17	и раздражали Господа	а	B: квадратные; в C (линия 1882, без вставок по греческому) нет; в KJV нет	[]	проверено	[]	absent	absent
Суд	2	19	не отступали	а	B: квадратные; в C (линия 1882, без вставок по греческому) нет	[]	по признакам	[]	absent	absent
Суд	2	21	сын Навин, на земле,	а	B: квадратные; в C (линия 1882, без вставок по греческому) нет	[]	по признакам	[]	absent	absent
Суд	3	5	Гергесеев	а	B: квадратные; в C (линия 1882, без вставок по греческому) нет	[]	по признакам	[]	absent	absent
Суд	3	10	против Хусарсафема	а	B: квадратные; в C (линия 1882, без вставок по греческому) нет	[]	по признакам	[]	absent	absent
Суд	3	13	всех	а	B: квадратные; в C (линия 1882, без вставок по греческому) нет	[]	по признакам	[]	absent	absent
Суд	3	17	и пришел,	а	B: квадратные; в C (линия 1882, без вставок по греческому) нет	[]	по признакам	[]	absent	absent
Суд	3	20	царь,	а	B: квадратные; в C (линия 1882, без вставок по греческому) нет	[]	по признакам	[]	absent	absent
Суд	3	20	Еглон	в	B: квадратные; C (линия 1882): курсив — слово для связности, которого нет в еврейском	[]	по признакам	[]	i	[]
Суд	3	20	пред ним	а	B: квадратные; в C (линия 1882, без вставок по греческому) нет	[]	по признакам	[]	absent	absent
Суд	3	21	Когда он встал,	а	B: квадратные; в C (линия 1882, без вставок по греческому) нет; в KJV нет	[]	проверено	[]	absent	absent
Суд	3	26	и никто о нем не думал,	а	B: квадратные; в C (линия 1882, без вставок по греческому) нет	[]	по признакам	[]	absent	absent
Суд	3	27	в землю Израилеву, Аод	а	B: квадратные; в C (линия 1882, без вставок по греческому) нет; в KJV нет	[]	проверено	[]	absent	absent
Суд	3	28	Бог	а	B: квадратные; в C (линия 1882, без вставок по греческому) нет	[]	по признакам	[]	absent	absent
Суд	3	30	И был Аод судьею их до самой смерти.	а	B: квадратные; в C (линия 1882, без вставок по греческому) нет	[]	по признакам	[]	absent	absent
Суд	4	5	туда	а	B: квадратные; в C (линия 1882, без вставок по греческому) нет	[]	по признакам	[]	absent	absent
Суд	4	6	Девора	в	B: квадратные; C (линия 1882): курсив — слово для связности, которого нет в еврейском	[]	по признакам	[]	i	[]
Суд	4	6	тебе	в	B: квадратные; C (линия 1882): курсив — слово для связности, которого нет в еврейском	[]	по признакам	[]	i	[]
Суд	4	7	войско	в	B: квадратные; C (линия 1882): курсив — слово для связности, которого нет в еврейском	[]	по признакам	[]	i	[]
Суд	4	8	ибо я не знаю дня, в который пошлет Господь Ангела со мною	а	B: квадратные; в C (линия 1882, без вставок по греческому) нет	[]	по признакам	[]	absent	absent
Суд	4	9	ему	в	B: квадратные; C (линия 1882): курсив — слово для связности, которого нет в еврейском	[]	по признакам	[]	i	[]
Суд	4	9	знай, что	а	B: квадратные; в C (линия 1882, без вставок по греческому) нет	[]	по признакам	[]	absent	absent
Суд	4	15	своей	а	B: квадратные; в C (линия 1882, без вставок по греческому) нет	[]	по признакам	[]	absent	absent
Суд	4	16	его	в	B: квадратные; C (линия 1882): курсив — слово для связности, которого нет в еврейском	[]	по признакам	[]	i	[]
Суд	4	18	своим	а	B: квадратные; в C (линия 1882, без вставок по греческому) нет	[]	по признакам	[]	absent	absent
Суд	4	19	Сисара	в	B: квадратные; C (линия 1882): курсив — слово для связности, которого нет в еврейском	[]	по признакам	[]	i	[]
Суд	4	20	Сисара	в	B: квадратные; C (линия 1882): курсив — слово для связности, которого нет в еврейском	[]	по признакам	[]	i	[]
Суд	4	23	Господь	а	B: квадратные; в C (линия 1882, без вставок по греческому) нет	[]	по признакам	[]	absent	absent
Суд	5	26	Левую	в	B: квадратные; C (линия 1882): курсив — слово для связности, которого нет в еврейском	[]	по признакам	[]	i	[]
Суд	6	13	бедствие	а	B: квадратные; в C (линия 1882, без вставок по греческому) нет	[]	по признакам	[]	absent	absent
Суд	6	15	Гедеон	в	B: квадратные; C (линия 1882): курсив — слово для связности, которого нет в еврейском	[]	по признакам	[]	i	[]
Суд	6	17	Гедеон	в	B: квадратные; C (линия 1882): курсив — слово для связности, которого нет в еврейском	[]	по признакам	[]	i	[]
Суд	6	26	явившемуся тебе	а	B: квадратные; в C (линия 1882, без вставок по греческому) нет	[]	по признакам	[]	absent	absent
Суд	6	33	реку	в	B: квадратные; C (линия 1882): курсив — слово для связности, которого нет в еврейском	[]	по признакам	[]	i	[]
Суд	7	15	Господу	в	B: квадратные; C (линия 1882): курсив — слово для связности, которого нет в еврейском	[]	по признакам	[]	i	[]
Суд	7	18	меч	в	B: квадратные; C (линия 1882): курсив — слово для связности, которого нет в еврейском	[]	по признакам	[]	i	[]
Суд	8	2	Гедеон	в	B: квадратные; C (линия 1882): курсив — слово для связности, которого нет в еврейском	[]	по признакам	[]	i	[]
Суд	8	4	и голодны	а	B: квадратные; в C (линия 1882, без вставок по греческому) нет	[]	по признакам	[]	absent	absent
Суд	8	19	Гедеон	в	B: квадратные; C (линия 1882): курсив — слово для связности, которого нет в еврейском	[]	по признакам	[]	i	[]
Суд	8	24	Ибо у неприятелей много было золотых серег, потому что они были Измаильтяне.	б	C: круглые скобки; есть в еврейском тексте (проверено по KJV — переводу с еврейского)	[]	проверено	[]	()	()
Суд	8	26	сиклей	в	B: квадратные; C (линия 1882): курсив — слово для связности, которого нет в еврейском	[]	по признакам	[]	i	[]
Суд	8	26	золотых	в	B: квадратные; C (линия 1882): курсив — слово для связности, которого нет в еврейском	[]	по признакам	[]	i	[]
Суд	9	19	да будет на вас благословение и	а	B: квадратные; в C (линия 1882, без вставок по греческому) нет	[]	по признакам	[]	absent	absent
Суд	9	35	Поутру	а	B: квадратные; в C (линия 1882, без вставок по греческому) нет	[]	по признакам	[]	absent	absent
Суд	9	54	Авимелех	в	B: квадратные; C (линия 1882): курсив — слово для связности, которого нет в еврейском	[]	по признакам	[]	i	[]
Суд	10	4	два	а	B: квадратные; в C (линия 1882, без вставок по греческому) нет	[]	по признакам	[]	absent	absent
Суд	10	4	двух	а	B: квадратные; в C (линия 1882, без вставок по греческому) нет	[]	по признакам	[]	absent	absent
Суд	10	4	два	а	B: квадратные; в C (линия 1882, без вставок по греческому) нет	[]	по признакам	[]	absent	absent
Суд	10	16	только	а	B: квадратные; в C (линия 1882, без вставок по греческому) нет	[]	по признакам	[]	absent	absent
Суд	11	13	и я отступлю	а	B: квадратные; в C (линия 1882, без вставок по греческому) нет; в KJV нет	[]	проверено	[]	absent	absent
Суд	11	14	И возвратились послы к Иеффаю.	а	B: квадратные; в C (линия 1882, без вставок по греческому) нет	[]	по признакам	[]	absent	absent
Суд	11	26	их	в	B: квадратные; C (линия 1882): курсив — слово для связности, которого нет в еврейском	[]	по признакам	[]	i	[]
Суд	11	35	о тебе	в	B: квадратные; C (линия 1882): курсив — слово для связности, которого нет в еврейском	[]	по признакам	[]	i	[]
Суд	12	9	в замужество	в	B: квадратные; C (линия 1882): курсив — слово для связности, которого нет в еврейском	[]	по признакам	[]	i	[]
Суд	13	11	Ангел	в	B: квадратные; C (линия 1882): курсив — слово для связности, которого нет в еврейском	[]	по признакам	[]	i	[]
Суд	14	1	и она понравилась ему	а	B: квадратные; в C (линия 1882, без вставок по греческому) нет	[]	по признакам	[]	absent	absent
Суд	14	10	семидневный	а	B: квадратные; в C (линия 1882, без вставок по греческому) нет	[]	по признакам	[]	absent	absent
Суд	15	6	дом	а	B: квадратные; в C (линия 1882, без вставок по греческому) нет	[]	по признакам	[]	absent	absent
Суд	16	3	и положил их там	а	B: квадратные; в C (линия 1882, без вставок по греческому) нет	[]	по признакам	[]	absent	absent
Суд	16	9	Между тем один скрытно сидел у нее в спальне.	б	C: круглые скобки; есть в еврейском тексте (проверено по KJV — переводу с еврейского)	[]	проверено	[]	()	()
Суд	16	12	Между тем один скрытно сидел в спальне.	б	C: круглые скобки; есть в еврейском тексте (проверено по KJV — переводу с еврейского)	[]	проверено	[]	()	()
Суд	16	13	то я буду бессилен, как и прочие люди	а	B: квадратные; в C (линия 1882, без вставок по греческому) нет	[]	по признакам	[]	absent	absent
Суд	16	14	И усыпила его Далида на коленях своих. И когда он уснул, взяла Далида семь кос головы его,	а	B: квадратные; в C (линия 1882, без вставок по греческому) нет	[]	по признакам	[]	absent	absent
Суд	16	14	и не узнана сила его	а	B: квадратные; в C (линия 1882, без вставок по греческому) нет	[]	по признакам	[]	absent	absent
Суд	16	15	Далида	в	B: квадратные; C (линия 1882): курсив — слово для связности, которого нет в еврейском	[]	по признакам	[]	i	[]
Суд	16	19	Далида	в	B: квадратные; C (линия 1882): курсив — слово для связности, которого нет в еврейском	[]	по признакам	[]	i	[]
Суд	16	25	из дома темничного	а	B: квадратные; в C (линия 1882, без вставок по греческому) нет; в KJV нет	[]	проверено	[]	absent	absent
Суд	16	25	и заушали его	а	B: квадратные; в C (линия 1882, без вставок по греческому) нет; в KJV нет	[]	проверено	[]	absent	absent
Суд	16	26	Отрок так и сделал.	а	B: квадратные; в C (линия 1882, без вставок по греческому) нет; в KJV нет	[]	проверено	[]	absent	absent
Суд	16	30	Самсон	в	B: квадратные; C (линия 1882): курсив — слово для связности, которого нет в еврейском	[]	по признакам	[]	i	[]
Суд	16	31	После Самсона восстал Емегар, сын Енана, и убил из иноплеменников шестьсот человек, кроме скота. И он спас Израиля.	а	B: квадратные; в C (линия 1882, без вставок по греческому) нет	[]	по признакам	[]	absent	absent
Суд	17	3	тебя,	а	B: квадратные; в C (линия 1882, без вставок по греческому) нет	[]	по признакам	[]	absent	absent
Суд	18	8	оные пять человек	а	B: квадратные; в C (линия 1882, без вставок по греческому) нет	[]	по признакам	[]	absent	absent
Суд	18	20	и литый кумир	а	B: квадратные; в C (линия 1882, без вставок по греческому) нет; в KJV нет	[]	проверено	[]	absent	absent
Суд	18	22	Миха и	а	B: квадратные; в C (линия 1882, без вставок по греческому) нет	[]	по признакам	[]	absent	absent
Суд	18	23	Сыны Дановы	в	B: квадратные; C (линия 1882): курсив — слово для связности, которого нет в еврейском	[]	по признакам	[]	i	[]
Суд	18	24	Миха	а	B: квадратные; C: курсив; в KJV нет, в славянском («рече Миха») есть; у нас ошибочно круглые	()	проверено	[]	i	()
Суд	18	27	сыны Дановы	в	B: квадратные; C (линия 1882): курсив — слово для связности, которого нет в еврейском	[]	по признакам	[]	i	[]
Суд	18	28	Город сей	в	B: квадратные; C (линия 1882): курсив — слово для связности, которого нет в еврейском	[]	по признакам	[]	i	[]
Суд	19	8	хлебом	в	B: квадратные; C (линия 1882): курсив — слово для связности, которого нет в еврейском	[]	по признакам	[]	i	[]
Суд	19	8	и пили	а	B: квадратные; в C (линия 1882, без вставок по греческому) нет	[]	по признакам	[]	absent	absent
Суд	19	21	его	в	B: квадратные; C (линия 1882): курсив — слово для связности, которого нет в еврейском	[]	по признакам	[]	i	[]
Суд	19	28	потому что она умерла	в	B: квадратные; C (линия 1882): курсив — слово для связности, которого нет в еврейском	[]	по признакам	[]	i	[]
Суд	19	30	Посланным же от себя людям он дал приказание и сказал: так говорите всему Израилю: бывало ли когда подобное сему?	а	B: квадратные; в C (линия 1882, без вставок по греческому) нет	[]	по признакам	[]	absent	absent
Суд	20	2	пред Господа	а	B: квадратные; в C (линия 1882, без вставок по греческому) нет	[]	по признакам	[]	absent	absent
Суд	20	5	надругавшись над нею,	а	B: квадратные; в C (линия 1882, без вставок по греческому) нет	[]	по признакам	[]	absent	absent
Суд	20	9	пойдем	в	B: квадратные; C (линия 1882): курсив — слово для связности, которого нет в еврейском	[]	по признакам	[]	i	[]
Суд	20	18	пойдет	в	B: квадратные; C (линия 1882): курсив — слово для связности, которого нет в еврейском	[]	по признакам	[]	i	[]
Суд	20	27–28	в то время ковчег завета Божия находился там, ¦ и Финеес, сын Елеазара, сына Ааронова, предстоял пред ним	б	C: круглые скобки; есть в еврейском тексте (проверено по KJV — переводу с еврейского)	[]	проверено	[]	()	()
Суд	20	32	И сделали так.	а	B: квадратные; в C (линия 1882, без вставок по греческому) нет	[]	по признакам	[]	absent	absent
Суд	20	45	Оставшиеся	в	B: квадратные; C (линия 1882): курсив — слово для связности, которого нет в еврейском	[]	по признакам	[]	i	[]
Суд	20	45	Израильтяне	в	B: квадратные; C (линия 1882): курсив — слово для связности, которого нет в еврейском	[]	по признакам	[]	i	[]
Суд	20	47	оставшиеся	в	B: квадратные; C (линия 1882): курсив — слово для связности, которого нет в еврейском	[]	по признакам	[]	i	[]
Суд	20	48	во всех городах	а	B: квадратные; в C (линия 1882, без вставок по греческому) нет; в KJV нет	[]	проверено	[]	absent	absent
Суд	21	11	а девиц оставляйте в живых. И сделали так	а	B: квадратные; в C (линия 1882, без вставок по греческому) нет	[]	по признакам	[]	absent	absent
Суд	21	14	к Израильтянам	а	B: квадратные; в C (линия 1882, без вставок по греческому) нет	[]	по признакам	[]	absent	absent
Суд	21	14	Израильтяне	а	B: квадратные; C: курсив; в KJV нет, в славянском («сынове Израилевы») есть; у нас ошибочно круглые	()	проверено	[]	i	()
Руф	1	5	сына ее	в	B: квадратные; C (линия 1882): курсив — слово для связности, которого нет в еврейском	[]	по признакам	[]	i	[]
Руф	1	14	и возвратилась к народу своему	а	B: квадратные; в C (линия 1882, без вставок по греческому) нет	[]	по признакам	[]	absent	absent
Руф	1	15	Ноеминь	в	B: квадратные; C (линия 1882): курсив — слово для связности, которого нет в еврейском	[]	по признакам	[]	i	[]
Руф	1	15	Руфи	в	B: квадратные; C (линия 1882): курсив — слово для связности, которого нет в еврейском	[]	по признакам	[]	i	[]
Руф	1	18	Ноеминь,	в	B: квадратные; C (линия 1882): курсив — слово для связности, которого нет в еврейском	[]	по признакам	[]	i	[]
Руф	2	16	и ест	а	B: квадратные; в C (линия 1882, без вставок по греческому) нет	[]	по признакам	[]	absent	absent
Руф	2	18	Руфь из пазухи своей	в	B: квадратные; C (линия 1882): курсив — слово для связности, которого нет в еврейском	[]	по признакам	[]	i	[]
Руф	2	19	Руфь!	в	B: квадратные; C (линия 1882): курсив — слово для связности, которого нет в еврейском	[]	по признакам	[]	i	[]
Руф	2	21	свекрови своей	а	B: квадратные; в C (линия 1882, без вставок по греческому) нет	[]	по признакам	[]	absent	absent
Руф	2	23	колосья	в	B: квадратные; C (линия 1882): курсив — слово для связности, которого нет в еврейском	[]	по признакам	[]	i	[]
Руф	3	3	нарядные	в	B: квадратные; C (линия 1882): курсив — слово для связности, которого нет в еврейском	[]	по признакам	[]	i	[]
Руф	3	5	Руфь	в	B: квадратные; C (линия 1882): курсив — слово для связности, которого нет в еврейском	[]	по признакам	[]	i	[]
Руф	3	9	ей Вооз	в	B: квадратные; C (линия 1882): курсив — слово для связности, которого нет в еврейском	[]	по признакам	[]	i	[]
Руф	3	10	Вооз	в	B: квадратные; C (линия 1882): курсив — слово для связности, которого нет в еврейском	[]	по признакам	[]	i	[]
Руф	3	10	Бога	а	B: квадратные; в C (линия 1882, без вставок по греческому) нет	[]	по признакам	[]	absent	absent
Руф	3	15	ей	в	B: квадратные; C (линия 1882): курсив — слово для связности, которого нет в еврейском	[]	по признакам	[]	i	[]
Руф	3	16	Руфь	в	B: квадратные; C (линия 1882): курсив — слово для связности, которого нет в еврейском	[]	по признакам	[]	i	[]
Руф	3	16	ей	в	B: квадратные; C (линия 1882): курсив — слово для связности, которого нет в еврейском	[]	по признакам	[]	i	[]
Руф	3	17	ей	в	B: квадратные; C (линия 1882): курсив — слово для связности, которого нет в еврейском	[]	по признакам	[]	i	[]
Руф	4	1	Вооз	в	B: квадратные; C (линия 1882): курсив — слово для связности, которого нет в еврейском	[]	по признакам	[]	i	[]
Руф	4	2	Вооз	в	B: квадратные; C (линия 1882): курсив — слово для связности, которого нет в еврейском	[]	по признакам	[]	i	[]
Руф	4	3	Вооз	в	B: квадратные; C (линия 1882): курсив — слово для связности, которого нет в еврейском	[]	по признакам	[]	i	[]
Руф	4	7	который принимал право родственника,	а	B: квадратные; в C (линия 1882, без вставок по греческому) нет	[]	по признакам	[]	absent	absent
Руф	4	8	и дал ему	а	B: квадратные; в C (линия 1882, без вставок по греческому) нет	[]	по признакам	[]	absent	absent
1Цар	1	3	Илий и	в	B: квадратные; C (линия 1882): курсив — слово для связности, которого нет в еврейском	[]	по признакам	[]	i	[]
1Цар	1	5	так как у нее не было детей	а	B: квадратные; в C (линия 1882, без вставок по греческому) нет	[]	по признакам	[]	absent	absent
1Цар	1	5	более, нежели Феннану	а	B: квадратные; в C (линия 1882, без вставок по греческому) нет	[]	по признакам	[]	absent	absent
1Цар	1	7	и сетовала	а	B: квадратные; в C (линия 1882, без вставок по греческому) нет	[]	по признакам	[]	absent	absent
1Цар	1	8	Она отвечала ему: вот я. И сказал ей:	а	B: квадратные; в C (линия 1882, без вставок по греческому) нет	[]	по признакам	[]	absent	absent
1Цар	1	9	и стала пред Господом	а	B: квадратные; в C (линия 1882, без вставок по греческому) нет	[]	по признакам	[]	absent	absent
1Цар	1	11	Всемогущий Боже	а	B: квадратные; в C (линия 1882, без вставок по греческому) нет	[]	по признакам	[]	absent	absent
1Цар	1	11	в дар	а	B: квадратные; в C (линия 1882, без вставок по греческому) нет	[]	по признакам	[]	absent	absent
1Цар	1	11	и вина и сикера не будет он пить,	а	B: квадратные; в C (линия 1882, без вставок по греческому) нет	[]	по признакам	[]	absent	absent
1Цар	1	14	и иди от лица Господня	а	B: квадратные; в C (линия 1882, без вставок по греческому) нет	[]	по признакам	[]	absent	absent
1Цар	1	20	говорила она	в	B: квадратные; C (линия 1882): курсив — слово для связности, которого нет в еврейском	[]	по признакам	[]	i	[]
1Цар	1	20	Бога Саваофа	а	B: квадратные; в C (линия 1882, без вставок по греческому) нет	[]	по признакам	[]	absent	absent
1Цар	1	21	в Силом	а	B: квадратные; в C (линия 1882, без вставок по греческому) нет	[]	по признакам	[]	absent	absent
1Цар	1	21	и все десятины от земли своей	а	B: квадратные; в C (линия 1882, без вставок по греческому) нет	[]	по признакам	[]	absent	absent
1Цар	1	22	с ним	а	B: квадратные; в C (линия 1882, без вставок по греческому) нет	[]	по признакам	[]	absent	absent
1Цар	1	23	вышедшее из уст твоих	в	B: квадратные; C (линия 1882): курсив — слово для связности, которого нет в еврейском	[]	по признакам	[]	i	[]
1Цар	1	24	и хлебы	а	B: квадратные; в C (линия 1882, без вставок по греческому) нет	[]	по признакам	[]	absent	absent
1Цар	1	24	и отрок с ними	а	B: квадратные; в C (линия 1882, без вставок по греческому) нет	[]	по признакам	[]	absent	absent
1Цар	1	25	И привели его пред лице Господа; и принес отец его жертву, какую в установленные дни приносил Господу. И привели отрока	а	B: квадратные; в C (линия 1882, без вставок по греческому) нет	[]	по признакам	[]	absent	absent
1Цар	1	25	Анна мать	а	B: квадратные; в C (линия 1882, без вставок по греческому) нет	[]	по признакам	[]	absent	absent
1Цар	2	10	Господь свят. Да не хвалится мудрый мудростью своею, и да не хвалится сильный силою своею, и да не хвалится богатый богатством своим, но желающий хвалиться да хвалится тем, что разумеет и знает Господа.	а	B: квадратные; в C (линия 1882, без вставок по греческому) нет	[]	по признакам	[]	absent	absent
1Цар	2	11	И оставили Самуила там пред Господом,	а	B: квадратные; в C (линия 1882, без вставок по греческому) нет; в KJV нет	[]	проверено	[]	absent	absent
1Цар	2	23	Господня	а	B: квадратные; в C (линия 1882, без вставок по греческому) нет	[]	по признакам	[]	absent	absent
1Цар	2	24	о вас, не делайте так, ибо нехороша молва, которую я слышу	а	B: квадратные; в C (линия 1882, без вставок по греческому) нет	[]	по признакам	[]	absent	absent
1Цар	2	31	никогда	а	B: квадратные; в C (линия 1882, без вставок по греческому) нет	[]	по признакам	[]	absent	absent
1Цар	3	4	Самуил, Самуил!	а	B: квадратные; в C (линия 1882, без вставок по греческому) нет	[]	по признакам	[]	absent	absent
1Цар	3	6	Самуил, Самуил!	а	B: квадратные; в C (линия 1882, без вставок по греческому) нет	[]	по признакам	[]	absent	absent
1Цар	3	9	Зовущий	в	B: квадратные; C (линия 1882): курсив — слово для связности, которого нет в еврейском	[]	по признакам	[]	i	[]
1Цар	3	10	Господи,	в	B: квадратные; C (линия 1882): курсив — слово для связности, которого нет в еврейском	[]	по признакам	[]	i	[]
1Цар	3	15	и встал рано	а	B: квадратные; в C (линия 1882, без вставок по греческому) нет	[]	по признакам	[]	absent	absent
1Цар	3	18	Илий	в	B: квадратные; C (линия 1882): курсив — слово для связности, которого нет в еврейском	[]	по признакам	[]	i	[]
1Цар	3	21	И уверились во всем Израиле, от конца до конца земли, что Самуил есть пророк Господень. Илий же сделался очень стар, а сыновья его продолжали ходить беззаконным путем своим пред Господом.	а	B: квадратные; в C (линия 1882, без вставок по греческому) нет	[]	по признакам	[]	absent	absent
1Цар	4	1	И собрались Филистимляне воевать с Израильтянами.	а	B: квадратные; в C (линия 1882, без вставок по греческому) нет	[]	по признакам	[]	absent	absent
1Цар	4	21	со смертью	в	B: квадратные; C (линия 1882): курсив — слово для связности, которого нет в еврейском	[]	по признакам	[]	i	[]
1Цар	5	4	обе ноги его и	а	B: квадратные; в C (линия 1882, без вставок по греческому) нет; в KJV нет	[]	проверено	[]	absent	absent
1Цар	5	4	лежали	в	B: квадратные; C (линия 1882): курсив — слово для связности, которого нет в еврейском	[]	по признакам	[]	i	[]
1Цар	5	5	а переступают чрез него	а	B: квадратные; в C (линия 1882, без вставок по греческому) нет	[]	по признакам	[]	absent	absent
1Цар	5	6	а внутри страны размножились мыши, и было в городе великое отчаяние	а	B: квадратные; в C (линия 1882, без вставок по греческому) нет	[]	по признакам	[]	absent	absent
1Цар	5	8	Гефяне	а	B: квадратные; в C (линия 1882, без вставок по греческому) нет	[]	по признакам	[]	absent	absent
1Цар	5	8	к нам	а	B: квадратные; в C (линия 1882, без вставок по греческому) нет	[]	по признакам	[]	absent	absent
1Цар	5	11	когда пришел туда ковчег Бога Израилева	а	B: квадратные; в C (линия 1882, без вставок по греческому) нет	[]	по признакам	[]	absent	absent
1Цар	6	1	и наполнилась земля та мышами	а	B: квадратные; в C (линия 1882, без вставок по греческому) нет; в KJV нет	[]	проверено	[]	absent	absent
1Цар	6	2	и заклинателей	а	B: квадратные; в C (линия 1882, без вставок по греческому) нет	[]	по признакам	[]	absent	absent
1Цар	6	3	завета Господа	а	B: квадратные; в C (линия 1882, без вставок по греческому) нет	[]	по признакам	[]	absent	absent
1Цар	6	19	Не порадовались сыны Иехониины среди мужей Вефсамисских, что видели ковчег Господа	а	B: квадратные; в C (линия 1882, без вставок по греческому) нет; в KJV нет	[]	проверено	[]	absent	absent
1Цар	7	8	И сказал Самуил: да не будет этого со мною, чтоб отступить от Господа Бога моего, и не взывать о вас в молитве!	а	B: квадратные; в C (линия 1882, без вставок по греческому) нет	[]	по признакам	[]	absent	absent
1Цар	7	9	со всем народом	а	B: квадратные; в C (линия 1882, без вставок по греческому) нет	[]	по признакам	[]	absent	absent
1Цар	9	24	Самуил	в	B: квадратные; C (линия 1882): курсив — слово для связности, которого нет в еврейском	[]	по признакам	[]	i	[]
1Цар	9	25	и постлали Саулу на кровле, и он спал	а	B: квадратные; в C (линия 1882, без вставок по греческому) нет; в KJV нет	[]	проверено	[]	absent	absent
1Цар	10	1	в Израиле, и ты будешь царствовать над народом Господним и спасешь их от руки врагов их, окружающих их, и вот тебе знамение, что помазал тебя Господь в царя над наследием Своим	а	B: квадратные; в C (линия 1882, без вставок по греческому) нет	[]	по признакам	[]	absent	absent
1Цар	10	5	там начальники Филистимские;	а	B: квадратные; в C (линия 1882, без вставок по греческому) нет; в KJV нет	[]	проверено	[]	absent	absent
1Цар	11	1	было спустя около месяца,	а	B: квадратные; в C (линия 1882, без вставок по греческому) нет	[]	по признакам	[]	absent	absent
1Цар	11	10	Наасу	в	B: квадратные; C (линия 1882): курсив — слово для связности, которого нет в еврейском	[]	по признакам	[]	i	[]
1Цар	12	6	свидетель	в	B: квадратные; C (линия 1882): курсив — слово для связности, которого нет в еврейском	[]	по признакам	[]	i	[]
1Цар	12	14	то рука Господа не будет против вас	а	B: квадратные; в C (линия 1882, без вставок по греческому) нет	[]	по признакам	[]	absent	absent
1Цар	13	15	оставшиеся люди пошли за Саулом навстречу неприятельскому ополчению, которое нападало на них, когда они шли из Галгала в Гиву Вениаминову;	а	B: квадратные; в C (линия 1882, без вставок по греческому) нет	[]	по признакам	[]	absent	absent
1Цар	13	16	и плакали	а	B: квадратные; в C (линия 1882, без вставок по греческому) нет	[]	по признакам	[]	absent	absent
1Цар	13	22	Михмасской	а	B: квадратные; в C (линия 1882, без вставок по греческому) нет	[]	по признакам	[]	absent	absent
1Цар	14	15	и не хотели сражаться	а	B: квадратные; в C (линия 1882, без вставок по греческому) нет	[]	по признакам	[]	absent	absent
1Цар	14	19	распространялось и	в	B: квадратные; C (линия 1882): курсив — слово для связности, которого нет в еврейском	[]	по признакам	[]	i	[]
1Цар	14	23	Всех людей было с Саулом до десяти тысяч, и битва происходила по всему городу на горе Ефремовой.	а	B: квадратные; в C (линия 1882, без вставок по греческому) нет	[]	по признакам	[]	absent	absent
1Цар	14	24	весьма безрассудно	а	B: квадратные; в C (линия 1882, без вставок по греческому) нет	[]	по признакам	[]	absent	absent
1Цар	14	34	и свою овцу	а	B: квадратные; в C (линия 1882, без вставок по греческому) нет	[]	по признакам	[]	absent	absent
1Цар	14	41	отчего Ты ныне не отвечал рабу Твоему? моя ли в том вина, или сына моего Ионафана? Господи, Боже Израилев!	а	B: квадратные; в C (линия 1882, без вставок по греческому) нет	[]	по признакам	[]	absent	absent
1Цар	14	41	Если же она в народе Твоем Израиле, дай ему освящение.	а	B: квадратные; в C (линия 1882, без вставок по греческому) нет	[]	по признакам	[]	absent	absent
1Цар	14	42	и кого объявит Господь, тот да умрет. И сказал народ Саулу: да не будет так! Но Саул настоял. И бросили жребий между ним и Ионафаном, сыном его,	а	B: квадратные; в C (линия 1882, без вставок по греческому) нет	[]	по признакам	[]	absent	absent
1Цар	14	47	и с Вефором	а	B: квадратные; C: без пометы; в KJV нет	[]	проверено	[]	plain	plain
1Цар	15	3	и Иерима	а	B: квадратные; в C (линия 1882, без вставок по греческому) нет	[]	по признакам	[]	absent	absent
1Цар	15	3	не бери себе ничего у них, но уничтожь и предай заклятию все, что у него;	а	B: квадратные; в C (линия 1882, без вставок по греческому) нет	[]	по признакам	[]	absent	absent
1Цар	15	8	и Иерима умертвил	а	B: квадратные; в C (линия 1882, без вставок по греческому) нет; в KJV нет	[]	проверено	[]	absent	absent
1Цар	15	12	но оттуда возвратил колесницу	а	B: квадратные; в C (линия 1882, без вставок по греческому) нет; в KJV нет	[]	проверено	[]	absent	absent
1Цар	15	23	над Израилем	а	B: квадратные; в C (линия 1882, без вставок по греческому) нет	[]	по признакам	[]	absent	absent
1Цар	15	25	Богу твоему	а	B: квадратные; в C (линия 1882, без вставок по греческому) нет	[]	по признакам	[]	absent	absent
1Цар	15	27	Саул	в	B: квадратные; C (линия 1882): курсив — слово для связности, которого нет в еврейском	[]	по признакам	[]	i	[]
1Цар	15	30	Саул	в	B: квадратные; C (линия 1882): курсив — слово для связности, которого нет в еврейском	[]	по признакам	[]	i	[]
1Цар	16	3	и сыновей его	а	B: квадратные; в C (линия 1882, без вставок по греческому) нет	[]	по признакам	[]	absent	absent
1Цар	17	36	Не пойти ли мне и поразить его, чтобы снять поношение с Израиля? Ибо кто этот необрезанный?	а	B: квадратные; в C (линия 1882, без вставок по греческому) нет; в KJV нет	[]	проверено	[]	absent	absent
1Цар	17	43	и с камнями	а	B: квадратные; в C (линия 1882, без вставок по греческому) нет	[]	по признакам	[]	absent	absent
1Цар	17	43	И сказал Давид: нет, но хуже собаки.	а	B: квадратные; в C (линия 1882, без вставок по греческому) нет	[]	по признакам	[]	absent	absent
1Цар	17	46	труп твой и	а	B: квадратные; в C (линия 1882, без вставок по греческому) нет; в KJV нет	[]	проверено	[]	absent	absent
1Цар	18	28	и весь Израиль любит его,	а	B: квадратные; в C (линия 1882, без вставок по греческому) нет; в KJV нет	[]	проверено	[]	absent	absent
1Цар	19	18	в Раме	а	B: квадратные; в C (линия 1882, без вставок по греческому) нет	[]	по признакам	[]	absent	absent
1Цар	19	22	Разгневавшись,	а	B: квадратные; в C (линия 1882, без вставок по греческому) нет	[]	по признакам	[]	absent	absent
1Цар	20	2	Ионафан	в	B: квадратные; C (линия 1882): курсив — слово для связности, которого нет в еврейском	[]	по признакам	[]	i	[]
1Цар	20	43	Давид	в	B: квадратные; C (линия 1882): курсив — слово для связности, которого нет в еврейском	[]	по признакам	[]	i	[]
1Цар	21	4	пусть съедят	а	B: квадратные; в C (линия 1882, без вставок по греческому) нет	[]	по признакам	[]	absent	absent
1Цар	21	9	И дал ему.	а	B: квадратные; в C (линия 1882, без вставок по греческому) нет; в KJV нет	[]	проверено	[]	absent	absent
1Цар	21	13	кидался на руки свои	а	B: квадратные; в C (линия 1882, без вставок по греческому) нет	[]	по признакам	[]	absent	absent
1Цар	23	3	мы попадем в плен к Филистимлянам.	а	B: квадратные; в C (линия 1882, без вставок по греческому) нет	[]	по признакам	[]	absent	absent
1Цар	23	6	и пошел с ним	а	B: квадратные; в C (линия 1882, без вставок по греческому) нет; в KJV нет	[]	проверено	[]	absent	absent
1Цар	23	9	Господень	а	B: квадратные; в C (линия 1882, без вставок по греческому) нет	[]	по признакам	[]	absent	absent
1Цар	24	9	ему	в	B: квадратные; C (линия 1882): курсив — слово для связности, которого нет в еврейском	[]	по признакам	[]	i	[]
1Цар	25	4	на Кармиле	а	B: квадратные; в C (линия 1882, без вставок по греческому) нет	[]	по признакам	[]	absent	absent
1Цар	25	6	здравствуй,	а	B: квадратные; в C (линия 1882, без вставок по греческому) нет	[]	по признакам	[]	absent	absent
1Цар	25	10	вскочил	а	B: квадратные; в C (линия 1882, без вставок по греческому) нет	[]	по признакам	[]	absent	absent
1Цар	25	10	и	а	B: квадратные; в C (линия 1882, без вставок по греческому) нет	[]	по признакам	[]	absent	absent
1Цар	25	11	и вино мое	а	B: квадратные; в C (линия 1882, без вставок по греческому) нет	[]	по признакам	[]	absent	absent
1Цар	25	31	и окажешь милость ей	а	B: квадратные; в C (линия 1882, без вставок по греческому) нет; в KJV нет	[]	проверено	[]	absent	absent
1Цар	26	1	с юга	а	B: квадратные; в C (линия 1882, без вставок по греческому) нет	[]	по признакам	[]	absent	absent
1Цар	26	4	из Кеиля	а	B: квадратные; в C (линия 1882, без вставок по греческому) нет	[]	по признакам	[]	absent	absent
1Цар	26	5	тайно	а	B: квадратные; в C (линия 1882, без вставок по греческому) нет	[]	по признакам	[]	absent	absent
1Цар	26	7	Сауловым	в	B: квадратные; C (линия 1882): курсив — слово для связности, которого нет в еврейском	[]	по признакам	[]	i	[]
1Цар	26	24	и да покроет Он меня	а	B: квадратные; в C (линия 1882, без вставок по греческому) нет	[]	по признакам	[]	absent	absent
1Цар	28	13	скажи,	а	B: квадратные; в C (линия 1882, без вставок по греческому) нет	[]	по признакам	[]	absent	absent
1Цар	28	15	ни в видении	а	B: квадратные; в C (линия 1882, без вставок по греческому) нет	[]	по признакам	[]	absent	absent
1Цар	29	10	и идите на место, которое я назначил вам, и не имей худой мысли на сердце твоем, ибо ты предо мною хорош	а	B: квадратные; в C (линия 1882, без вставок по греческому) нет	[]	по признакам	[]	absent	absent
1Цар	29	11	на войну	в	B: квадратные; C (линия 1882): курсив — слово для связности, которого нет в еврейском	[]	по признакам	[]	i	[]
1Цар	30	2	и всех	в	B: квадратные; C (линия 1882): курсив — слово для связности, которого нет в еврейском	[]	по признакам	[]	i	[]
1Цар	30	16	Давид поклялся ему,	а	B: квадратные; в C (линия 1882, без вставок по греческому) нет; в KJV нет	[]	проверено	[]	absent	absent
1Цар	30	17	И напал на них	а	B: квадратные; в C (линия 1882, без вставок по греческому) нет	[]	по признакам	[]	absent	absent
1Цар	30	24	Они не хуже нас.	а	B: квадратные; в C (линия 1882, без вставок по греческому) нет	[]	по признакам	[]	absent	absent
1Цар	30	27	и в Гефоре,	а	B: квадратные; C: без пометы; в KJV нет	[]	проверено	[]	plain	plain
1Цар	30	28	и в Аммаде,	а	B: квадратные; в C (линия 1882, без вставок по греческому) нет; в KJV нет	[]	проверено	[]	absent	absent
1Цар	30	28	и в Гефе,	а	B: квадратные; в C (линия 1882, без вставок по греческому) нет; в KJV нет	[]	проверено	[]	absent	absent
1Цар	30	29	в Кинане, в Сафене, в Фимафе,	а	B: квадратные; в C (линия 1882, без вставок по греческому) нет; в KJV нет	[]	проверено	[]	absent	absent
1Цар	31	9	поворотили его и	а	B: квадратные; в C (линия 1882, без вставок по греческому) нет	[]	по признакам	[]	absent	absent
2Цар	1	2	ему	в	B: квадратные; C (линия 1882): курсив — слово для связности, которого нет в еврейском	[]	по признакам	[]	i	[]
2Цар	1	10	царский	а	B: квадратные; в C (линия 1882, без вставок по греческому) нет	[]	по признакам	[]	absent	absent
2Цар	1	11	разодрали одежды свои,	а	B: квадратные; в C (линия 1882, без вставок по греческому) нет	[]	по признакам	[]	absent	absent
2Цар	1	21	не сойдет	в	B: квадратные; C (линия 1882): курсив — слово для связности, которого нет в еврейском	[]	по признакам	[]	i	[]
2Цар	2	5	помазаннику Господню,	а	B: квадратные; в C (линия 1882, без вставок по греческому) нет	[]	по признакам	[]	absent	absent
2Цар	2	5	и Ионафана, сына его	а	B: квадратные; в C (линия 1882, без вставок по греческому) нет	[]	по признакам	[]	absent	absent
2Цар	2	23	и где это бывает? возвратись к брату твоему Иоаву.	а	B: квадратные; в C (линия 1882, без вставок по греческому) нет; в KJV нет	[]	проверено	[]	absent	absent
2Цар	3	2	шесть	а	B: квадратные; в C (линия 1882, без вставок по греческому) нет	[]	по признакам	[]	absent	absent
2Цар	3	3	сын	в	B: квадратные; C (линия 1882): курсив — слово для связности, которого нет в еврейском	[]	по признакам	[]	i	[]
2Цар	3	7	и вошел к ней Авенир	а	B: квадратные; в C (линия 1882, без вставок по греческому) нет	[]	по признакам	[]	absent	absent
2Цар	3	7	Иевосфей	в	B: квадратные; C (линия 1882): курсив — слово для связности, которого нет в еврейском	[]	по признакам	[]	i	[]
2Цар	3	9	в сей день	а	B: квадратные; в C (линия 1882, без вставок по греческому) нет	[]	по признакам	[]	absent	absent
2Цар	3	12	в Хеврон, где он находился	а	B: квадратные; в C (линия 1882, без вставок по греческому) нет	[]	по признакам	[]	absent	absent
2Цар	3	13	Давид	в	B: квадратные; C (линия 1882): курсив — слово для связности, которого нет в еврейском	[]	по признакам	[]	i	[]
2Цар	4	1	Иевосфей,	в	B: квадратные; C (линия 1882): курсив — слово для связности, которого нет в еврейском	[]	по признакам	[]	i	[]
2Цар	4	2	Иевосфея,	в	B: квадратные; C (линия 1882): курсив — слово для связности, которого нет в еврейском	[]	по признакам	[]	i	[]
2Цар	4	6	А привратник дома, очищавший пшеницу, задремал и уснул	а	B: квадратные; в C (линия 1882, без вставок по греческому) нет	[]	по признакам	[]	absent	absent
2Цар	4	7	Иевосфей	в	B: квадратные; C (линия 1882): курсив — слово для связности, которого нет в еврейском	[]	по признакам	[]	i	[]
2Цар	4	8	врагу твоему	а	B: квадратные; в C (линия 1882, без вставок по греческому) нет	[]	по признакам	[]	absent	absent
2Цар	4	10	и Ионафан	а	B: квадратные; в C (линия 1882, без вставок по греческому) нет	[]	по признакам	[]	absent	absent
2Цар	5	3	всем	а	B: квадратные; в C (линия 1882, без вставок по греческому) нет	[]	по признакам	[]	absent	absent
2Цар	5	8	Господень	в	B: квадратные; C (линия 1882): курсив — слово для связности, которого нет в еврейском	[]	по признакам	[]	i	[]
2Цар	5	16	Самае, Иосиваф, Нафан, Галамаан, Иеваар, Феисус, Елифалаф, Нагев, Нафек, Ионафан, Леасамис, Ваалимаф и Елифааф	а	B: квадратные; в C (линия 1882, без вставок по греческому) нет	[]	по признакам	[]	absent	absent
2Цар	5	21	Филистимляне	в	B: квадратные; C (линия 1882): курсив — слово для связности, которого нет в еврейском	[]	по признакам	[]	i	[]
2Цар	5	21	и велел сжечь их в огне	а	B: квадратные; в C (линия 1882, без вставок по греческому) нет; в KJV нет	[]	проверено	[]	absent	absent
2Цар	5	23	идти ли мне против Филистимлян, и предашь ли их в руки мои?	а	B: квадратные; в C (линия 1882, без вставок по греческому) нет	[]	по признакам	[]	absent	absent
2Цар	6	4	Господним	а	B: квадратные; в C (линия 1882, без вставок по греческому) нет	[]	по признакам	[]	absent	absent
2Цар	6	6	чтобы придержать его	а	B: квадратные; в C (линия 1882, без вставок по греческому) нет	[]	по признакам	[]	absent	absent
2Цар	6	19	от Дана даже до Вирсавии	а	B: квадратные; в C (линия 1882, без вставок по греческому) нет	[]	по признакам	[]	absent	absent
2Цар	6	20	и приветствовала его	а	B: квадратные; в C (линия 1882, без вставок по греческому) нет; в KJV нет	[]	проверено	[]	absent	absent
2Цар	6	21	плясать буду. И благословен Господь	а	B: квадратные; в C (линия 1882, без вставок по греческому) нет	[]	по признакам	[]	absent	absent
2Цар	7	18	мой	а	B: квадратные; в C (линия 1882, без вставок по греческому) нет	[]	по признакам	[]	absent	absent
2Цар	7	29	чтоб быть ему пред Тобою	а	B: квадратные; в C (линия 1882, без вставок по греческому) нет	[]	по признакам	[]	absent	absent
2Цар	8	3	Евфрате	в	B: квадратные; C (линия 1882): курсив — слово для связности, которого нет в еврейском	[]	по признакам	[]	i	[]
2Цар	8	4	себе	в	B: квадратные; C (линия 1882): курсив — слово для связности, которого нет в еврейском	[]	по признакам	[]	i	[]
2Цар	8	7	Их взял потом Сусаким, царь Египетский, во время нашествия своего на Иерусалим, во дни Ровоама, сына Соломонова.	а	B: квадратные; в C (линия 1882, без вставок по греческому) нет	[]	по признакам	[]	absent	absent
2Цар	8	8	из которой Соломон устроил медное море и столбы, и умывальницы и все сосуды	а	B: квадратные; в C (линия 1882, без вставок по греческому) нет	[]	по признакам	[]	absent	absent
2Цар	9	6	царю	а	B: квадратные; в C (линия 1882, без вставок по греческому) нет	[]	по признакам	[]	absent	absent
2Цар	9	8	Мемфивосфей	в	B: квадратные; C (линия 1882): курсив — слово для связности, которого нет в еврейском	[]	по признакам	[]	i	[]
2Цар	9	11	Давида	в	B: квадратные; C (линия 1882): курсив — слово для связности, которого нет в еврейском	[]	по признакам	[]	i	[]
2Цар	10	6	Амаликитского	а	B: квадратные; в C (линия 1882, без вставок по греческому) нет	[]	по признакам	[]	absent	absent
2Цар	10	16	Халамаком	а	B: квадратные; в C (линия 1882, без вставок по греческому) нет	[]	по признакам	[]	absent	absent
2Цар	11	11	Божий	а	B: квадратные; в C (линия 1882, без вставок по греческому) нет	[]	по признакам	[]	absent	absent
2Цар	11	21	и поразила его	а	B: квадратные; в C (линия 1882, без вставок по греческому) нет; в KJV нет	[]	проверено	[]	absent	absent
2Цар	11	21	поражен и	а	B: квадратные; в C (линия 1882, без вставок по греческому) нет	[]	по признакам	[]	absent	absent
2Цар	11	22	посланный от Иоава к царю в Иерусалим	а	B: квадратные; в C (линия 1882, без вставок по греческому) нет	[]	по признакам	[]	absent	absent
2Цар	11	22	И разгневался Давид на Иоава и сказал посланному: зачем вы близко подходили к городу сражаться? разве вы не знали, что вас поражать будут со стены? кто убил Авимелеха, сына Иероваалова? не женщина ли бросила на него со стены обломок жернова, и он умер в Тевеце? Зачем вы близко подходили к стене?	а	B: квадратные; в C (линия 1882, без вставок по греческому) нет	[]	по признакам	[]	absent	absent
2Цар	12	1	пророка	а	B: квадратные; в C (линия 1882, без вставок по греческому) нет	[]	по признакам	[]	absent	absent
2Цар	12	4	обед	в	B: квадратные; C (линия 1882): курсив — слово для связности, которого нет в еврейском	[]	по признакам	[]	i	[]
2Цар	12	7	который сделал это	а	B: квадратные; в C (линия 1882, без вставок по греческому) нет; в KJV нет	[]	проверено	[]	absent	absent
2Цар	12	8	для тебя	в	B: квадратные; C (линия 1882): курсив — слово для связности, которого нет в еврейском	[]	по признакам	[]	i	[]
2Цар	12	21	и не спал	а	B: квадратные; в C (линия 1882, без вставок по греческому) нет	[]	по признакам	[]	absent	absent
2Цар	12	21	и пил	а	B: квадратные; в C (линия 1882, без вставок по греческому) нет	[]	по признакам	[]	absent	absent
2Цар	12	24	зачала и	а	B: квадратные; в C (линия 1882, без вставок по греческому) нет	[]	по признакам	[]	absent	absent
2Цар	13	16	Фамарь	в	B: квадратные; C (линия 1882): курсив — слово для связности, которого нет в еврейском	[]	по признакам	[]	i	[]
2Цар	13	16	брат	а	B: квадратные; в C (линия 1882, без вставок по греческому) нет	[]	по признакам	[]	absent	absent
2Цар	13	21	но не опечалил духа Амнона, сына своего, ибо любил его, потому что он был первенец его	а	B: квадратные; в C (линия 1882, без вставок по греческому) нет	[]	по признакам	[]	absent	absent
2Цар	13	27	и сделал Авессалом пир, как царь делает пир	а	B: квадратные; в C (линия 1882, без вставок по греческому) нет	[]	по признакам	[]	absent	absent
2Цар	13	32	царь	а	B: квадратные; в C (линия 1882, без вставок по греческому) нет	[]	по признакам	[]	absent	absent
2Цар	13	34	И пришел страж, и возвестил царю, и сказал: я видел людей на дороге Оронской на скате горы.	а	B: квадратные; в C (линия 1882, без вставок по греческому) нет	[]	по признакам	[]	absent	absent
2Цар	13	37	в землю Хамаахадскую	а	B: квадратные; в C (линия 1882, без вставок по греческому) нет	[]	по признакам	[]	absent	absent
2Цар	13	37	царь	а	B: квадратные; в C (линия 1882, без вставок по греческому) нет	[]	по признакам	[]	absent	absent
2Цар	14	4	помоги	а	B: квадратные; в C (линия 1882, без вставок по греческому) нет	[]	по признакам	[]	absent	absent
2Цар	14	5	давно	а	B: квадратные; в C (линия 1882, без вставок по греческому) нет	[]	по признакам	[]	absent	absent
2Цар	14	20	царь	а	B: квадратные; в C (линия 1882, без вставок по греческому) нет	[]	по признакам	[]	absent	absent
2Цар	14	21	по слову твоему	в	B: квадратные; C (линия 1882): курсив — слово для связности, которого нет в еврейском	[]	по признакам	[]	i	[]
2Цар	14	27	и сделалась женою Ровоама, сына Соломонова, и родила ему Авию	а	B: квадратные; в C (линия 1882, без вставок по греческому) нет	[]	по признакам	[]	absent	absent
2Цар	14	30	Авессалом	в	B: квадратные; C (линия 1882): курсив — слово для связности, которого нет в еврейском	[]	по признакам	[]	i	[]
2Цар	14	30	И пришли слуги Иоава к нему, разодрав одежды свои, и сказали: слуги Авессалома выжгли участок твой огнем.	а	B: квадратные; в C (линия 1882, без вставок по греческому) нет	[]	по признакам	[]	absent	absent
2Цар	14	33	поклонился ему	а	B: квадратные; в C (линия 1882, без вставок по греческому) нет	[]	по признакам	[]	absent	absent
2Цар	15	16	своих	в	B: квадратные; C (линия 1882): курсив — слово для связности, которого нет в еврейском	[]	по признакам	[]	i	[]
2Цар	15	20	да сотворит Господь	а	B: квадратные; в C (линия 1882, без вставок по греческому) нет	[]	по признакам	[]	absent	absent
2Цар	15	20	с тобою	в	B: квадратные; C (линия 1882): курсив — слово для связности, которого нет в еврейском	[]	по признакам	[]	i	[]
2Цар	15	23	и царь	а	B: квадратные; в C (линия 1882, без вставок по греческому) нет	[]	по признакам	[]	absent	absent
2Цар	15	24	священник	а	B: квадратные; в C (линия 1882, без вставок по греческому) нет	[]	по признакам	[]	absent	absent
2Цар	15	25	и пусть он стоит на своем месте	а	B: квадратные; в C (линия 1882, без вставок по греческому) нет	[]	по признакам	[]	absent	absent
2Цар	15	31	Боже мой!	а	B: квадратные; в C (линия 1882, без вставок по греческому) нет; в KJV нет	[]	проверено	[]	absent	absent
2Цар	15	34	прошли мимо братья твои, и царь отец твой прошел, и ныне	а	B: квадратные; в C (линия 1882, без вставок по греческому) нет	[]	по признакам	[]	absent	absent
2Цар	15	34	оставь меня в живых;	а	B: квадратные; в C (линия 1882, без вставок по греческому) нет; в KJV нет	[]	проверено	[]	absent	absent
2Цар	16	6	царя	в	B: квадратные; C (линия 1882): курсив — слово для связности, которого нет в еврейском	[]	по признакам	[]	i	[]
2Цар	16	10	оставьте его,	а	B: квадратные; в C (линия 1882, без вставок по греческому) нет; в KJV нет	[]	проверено	[]	absent	absent
2Цар	16	18	я пойду вслед того,	а	B: квадратные; в C (линия 1882, без вставок по греческому) нет	[]	по признакам	[]	absent	absent
2Цар	17	8	и как вепрь свирепый на поле,	а	B: квадратные; в C (линия 1882, без вставок по греческому) нет	[]	по признакам	[]	absent	absent
2Цар	17	28	десять приготовленных	а	B: квадратные; в C (линия 1882, без вставок по греческому) нет	[]	по признакам	[]	absent	absent
2Цар	17	28	десять	а	B: квадратные; в C (линия 1882, без вставок по греческому) нет	[]	по признакам	[]	absent	absent
2Цар	18	7	человек	в	B: квадратные; C (линия 1882): курсив — слово для связности, которого нет в еврейском	[]	по признакам	[]	i	[]
2Цар	18	23	И сказал Ахимаас:	в	B: квадратные; C (линия 1882): курсив — слово для связности, которого нет в еврейском	[]	по признакам	[]	i	[]
2Цар	18	23	Иоав	в	B: квадратные; C (линия 1882): курсив — слово для связности, которого нет в еврейском	[]	по признакам	[]	i	[]
2Цар	18	29	там	в	B: квадратные; C (линия 1882): курсив — слово для связности, которого нет в еврейском	[]	по признакам	[]	i	[]
2Цар	18	31	вслед за ним	а	B: квадратные; в C (линия 1882, без вставок по греческому) нет	[]	по признакам	[]	absent	absent
2Цар	18	31	царю	а	B: квадратные; в C (линия 1882, без вставок по греческому) нет	[]	по признакам	[]	absent	absent
2Цар	19	8	к воротам	а	B: квадратные; в C (линия 1882, без вставок по греческому) нет	[]	по признакам	[]	absent	absent
2Цар	19	9	Давид	а	B: квадратные; в C (линия 1882, без вставок по греческому) нет	[]	по признакам	[]	absent	absent
2Цар	19	9	из царства своего	а	B: квадратные; в C (линия 1882, без вставок по греческому) нет; в KJV нет	[]	проверено	[]	absent	absent
2Цар	19	10	И эти слова всего Израиля дошли до царя.	а	B: квадратные; в C (линия 1882, без вставок по греческому) нет	[]	по признакам	[]	absent	absent
2Цар	19	17	и приготовили для царя переправу чрез Иордан	а	B: квадратные; в C (линия 1882, без вставок по греческому) нет	[]	по признакам	[]	absent	absent
2Цар	19	18	на лице свое	а	B: квадратные; в C (линия 1882, без вставок по греческому) нет; в KJV нет	[]	проверено	[]	absent	absent
2Цар	19	24	Ионафана, сына	в	B: квадратные; C (линия 1882): курсив — слово для связности, которого нет в еврейском	[]	по признакам	[]	i	[]
2Цар	19	24	не обрезывал ногтей,	а	B: квадратные; в C (линия 1882, без вставок по греческому) нет	[]	по признакам	[]	absent	absent
2Цар	19	37	сын мой	в	B: квадратные; C (линия 1882): курсив — слово для связности, которого нет в еврейском	[]	по признакам	[]	i	[]
2Цар	19	42	Или от податей освободил он нас?	а	B: квадратные; в C (линия 1882, без вставок по греческому) нет	[]	по признакам	[]	absent	absent
2Цар	19	43	мы первенец, а не вы;	а	B: квадратные; в C (линия 1882, без вставок по греческому) нет	[]	по признакам	[]	absent	absent
2Цар	20	12	мертвый	а	B: квадратные; в C (линия 1882, без вставок по греческому) нет	[]	по признакам	[]	absent	absent
2Цар	20	14	все жители городов	а	B: квадратные; в C (линия 1882, без вставок по греческому) нет	[]	по признакам	[]	absent	absent
2Цар	20	18	Остались ли такие, которые положили пребыть верными Израильтянами? Пусть спросят в Авеле: остались ли?	а	B: квадратные; в C (линия 1882, без вставок по греческому) нет	[]	по признакам	[]	absent	absent
2Цар	20	19	городов	в	B: квадратные; C (линия 1882): курсив — слово для связности, которого нет в еврейском	[]	по признакам	[]	i	[]
2Цар	20	22	и говорила ко всему городу, чтобы отсекли голову Савею, сыну Бихри	а	B: квадратные; в C (линия 1882, без вставок по греческому) нет	[]	по признакам	[]	absent	absent
2Цар	20	22	Иоав	в	B: квадратные; C (линия 1882): курсив — слово для связности, которого нет в еврейском	[]	по признакам	[]	i	[]
2Цар	20	22	люди	в	B: квадратные; C (линия 1882): курсив — слово для связности, которого нет в еврейском	[]	по признакам	[]	i	[]
2Цар	21	6	на солнце	а	B: квадратные; в C (линия 1882, без вставок по греческому) нет	[]	по признакам	[]	absent	absent
2Цар	21	9	на солнце	а	B: квадратные; в C (линия 1882, без вставок по греческому) нет	[]	по признакам	[]	absent	absent
2Цар	21	11	И истлели они; и взял их Дан, сын Иои, из потомков исполинов.	а	B: квадратные; в C (линия 1882, без вставок по греческому) нет	[]	по признакам	[]	absent	absent
2Цар	21	13	на солнце	а	B: квадратные; в C (линия 1882, без вставок по греческому) нет	[]	по признакам	[]	absent	absent
2Цар	21	14	и кости повешенных на солнце	а	B: квадратные; в C (линия 1882, без вставок по греческому) нет	[]	по признакам	[]	absent	absent
2Цар	21	17	и спас Давида Авесса	а	B: квадратные; в C (линия 1882, без вставок по греческому) нет	[]	по признакам	[]	absent	absent
2Цар	22	7	святого	а	B: квадратные; в C (линия 1882, без вставок по греческому) нет	[]	по признакам	[]	absent	absent
2Цар	22	8	на них Господь	в	B: квадратные; C (линия 1882): курсив — слово для связности, которого нет в еврейском	[]	по признакам	[]	i	[]
2Цар	22	15	блеснул	в	B: квадратные; C (линия 1882): курсив — слово для связности, которого нет в еврейском	[]	по признакам	[]	i	[]
2Цар	23	24	Вот имена сильных царя Давида:	а	B: квадратные; в C (линия 1882, без вставок по греческому) нет	[]	по признакам	[]	absent	absent
2Цар	24	2	и Иудиным	а	B: квадратные; в C (линия 1882, без вставок по греческому) нет	[]	по признакам	[]	absent	absent
2Цар	24	14	И избрал себе Давид моровую язву во время жатвы пшеницы.	а	B: квадратные; в C (линия 1882, без вставок по греческому) нет	[]	по признакам	[]	absent	absent
2Цар	24	15	и началась язва в народе	а	B: квадратные; в C (линия 1882, без вставок по греческому) нет	[]	по признакам	[]	absent	absent
2Цар	24	16	Божий	а	B: квадратные; в C (линия 1882, без вставок по греческому) нет	[]	по признакам	[]	absent	absent
2Цар	24	17	пастырь	а	B: квадратные; в C (линия 1882, без вставок по греческому) нет	[]	по признакам	[]	absent	absent
2Цар	24	19	пророка	а	B: квадратные; в C (линия 1882, без вставок по греческому) нет	[]	по признакам	[]	absent	absent
2Цар	24	25	После Соломон распространил жертвенник, потому что он мал был.	а	B: квадратные; в C (линия 1882, без вставок по греческому) нет; в KJV нет	[]	проверено	[]	absent	absent
3Цар	1	48	от семени моего	а	B: квадратные; в C (линия 1882, без вставок по греческому) нет	[]	по признакам	[]	absent	absent
3Цар	2	13	и поклонился ей	а	B: квадратные; в C (линия 1882, без вставок по греческому) нет	[]	по признакам	[]	absent	absent
3Цар	2	22	военачальник, друг	а	B: квадратные; в C (линия 1882, без вставок по греческому) нет	[]	по признакам	[]	absent	absent
3Цар	2	29	и похорони его	а	B: квадратные; в C (линия 1882, без вставок по греческому) нет; в KJV нет	[]	проверено	[]	absent	absent
3Цар	2	35	управление же царством было в Иерусалиме,	а	B: квадратные; в C (линия 1882, без вставок по греческому) нет	[]	по признакам	[]	absent	absent
3Цар	2	35	первосвященником	а	B: квадратные; в C (линия 1882, без вставок по греческому) нет	[]	по признакам	[]	absent	absent
3Цар	2	35	"И дал Господь Соломону разум и мудрость весьма великую и обширный ум, как песок при море. И Соломон имел разум выше разума всех сынов востока и всех мудрых Египтян. И взял за себя дочь фараона и ввел ее в город Давидов, доколе не построил дома своего и, во-первых, дома Господня и стены вокруг Иерусалима; в семь лет окончил он строение. И было у Соломона семьдесят тысяч человек, носящих тяжести, и восемьдесят тысяч каменосеков в горах. И сделал Соломон море и подпоры, и большие бани и столбы, и источник на дворе и медное море, и построил замок и укрепления его, и разделил город Давидов. Тогда дочь фараона перешла из города Давидова в дом свой, который он построил ей; тогда построил Соломон стену вокруг города. И приносил Соломон три раза в год всесожжения и мирные жертвы на жертвеннике, который он устроил Господу, и курение совершал на нем пред Господом, и окончил строение дома. Главных приставников над работами Соломоновыми было три тысячи шестьсот, которые управляли народом, производившим работы. И построил он Ассур, и Магдон, и Газер, и Вефорон вышний и Валалаф; но эти города он построил после построения дома Господня и стены вокруг Иерусалима. И еще при жизни Давид завещал Соломону, говоря: вот у тебя Семей, сын Геры, сына Иеминиина из Бахурима; он злословил меня тяжким злословием, как я шел в Маханаим; но он вышел навстречу мне у Иордана, и я поклялся ему Господом, говоря: ""я не умерщвлю тебя мечом"". Ты же не оставь его безнаказанным, ибо ты человек мудрый и знаешь, что тебе сделать с ним, чтобы низвести седину его в крови в преисподнюю."	а	B: квадратные; в C (линия 1882, без вставок по греческому) нет	[]	по признакам	[]	absent	absent
3Цар	3	1	Когда утвердилось царство в руках Соломона,	а	B: квадратные; в C (линия 1882, без вставок по греческому) нет	[]	по признакам	[]	absent	absent
3Цар	3	15	пред жертвенником	а	B: квадратные; в C (линия 1882, без вставок по греческому) нет	[]	по признакам	[]	absent	absent
3Цар	5	18	три года	а	B: квадратные; в C (линия 1882, без вставок по греческому) нет	[]	по признакам	[]	absent	absent
3Цар	6	37	в месяц второй,	а	B: квадратные; в C (линия 1882, без вставок по греческому) нет; в KJV нет	[]	проверено	[]	absent	absent
3Цар	8	16	но избрал Иерусалим для пребывания в нем имени Моего	а	B: квадратные; в C (линия 1882, без вставок по греческому) нет	[]	по признакам	[]	absent	absent
3Цар	8	27	имени Твоему	а	B: квадратные; в C (линия 1882, без вставок по греческому) нет	[]	по признакам	[]	absent	absent
3Цар	8	52	уши Твои и	а	B: квадратные; в C (линия 1882, без вставок по греческому) нет	[]	по признакам	[]	absent	absent
3Цар	8	56	Бог	а	B: квадратные; в C (линия 1882, без вставок по греческому) нет	[]	по признакам	[]	absent	absent
3Цар	8	59	ныне	а	B: квадратные; в C (линия 1882, без вставок по греческому) нет	[]	по признакам	[]	absent	absent
3Цар	8	65	и ели, и пили, и молились пред Господом Богом нашим у построенного храма	а	B: квадратные; в C (линия 1882, без вставок по греческому) нет	[]	по признакам	[]	absent	absent
3Цар	9	3	сделал все по молитве твоей	а	B: квадратные; в C (линия 1882, без вставок по греческому) нет	[]	по признакам	[]	absent	absent
3Цар	9	20	Хананеев,	а	B: квадратные; в C (линия 1882, без вставок по греческому) нет	[]	по признакам	[]	absent	absent
3Цар	9	20	Гергесеев	а	B: квадратные; в C (линия 1882, без вставок по греческому) нет	[]	по признакам	[]	absent	absent
3Цар	10	24	цари	в	B: квадратные; C (линия 1882): курсив — слово для связности, которого нет в еврейском	[]	по признакам	[]	i	[]
3Цар	10	26	И господствовал он над всеми морями от реки до земли Филистимской и до пределов Египта.	а	B: квадратные; в C (линия 1882, без вставок по греческому) нет	[]	по признакам	[]	absent	absent
3Цар	11	10	Бог	а	B: квадратные; в C (линия 1882, без вставок по греческому) нет	[]	по признакам	[]	absent	absent
3Цар	11	18	Адер вошел к фараону, и	а	B: квадратные; в C (линия 1882, без вставок по греческому) нет	[]	по признакам	[]	absent	absent
3Цар	11	22	И возвратился Адер в землю свою.	а	B: квадратные; в C (линия 1882, без вставок по греческому) нет	[]	по признакам	[]	absent	absent
3Цар	12	3	царю	а	B: квадратные; в C (линия 1882, без вставок по греческому) нет	[]	по признакам	[]	absent	absent
3Цар	12	20	из Египта	а	B: квадратные; в C (линия 1882, без вставок по греческому) нет	[]	по признакам	[]	absent	absent
3Цар	12	20	и Вениаминова	в	B: квадратные; C (линия 1882): курсив — слово для связности, которого нет в еврейском	[]	по признакам	[]	i	[]
3Цар	12	28	народу	в	B: квадратные; C (линия 1882): курсив — слово для связности, которого нет в еврейском	[]	по признакам	[]	i	[]
3Цар	12	30	и оставили храм Господень	а	B: квадратные; в C (линия 1882, без вставок по греческому) нет	[]	по признакам	[]	absent	absent
3Цар	13	6	Иеровоам	а	B: квадратные; в C (линия 1882, без вставок по греческому) нет	[]	по признакам	[]	absent	absent
3Цар	14	3	для человека Божия	а	B: квадратные; в C (линия 1882, без вставок по греческому) нет	[]	по признакам	[]	absent	absent
3Цар	14	16	Господь	в	B: квадратные; C (линия 1882): курсив — слово для связности, которого нет в еврейском	[]	по признакам	[]	i	[]
3Цар	14	26	и золотые щиты, которые взял Давид от рабов Адраазара, царя Сувского, и внес в Иерусалим	а	B: квадратные; в C (линия 1882, без вставок по греческому) нет; в KJV нет	[]	проверено	[]	absent	absent
3Цар	16	33	и погубил душу свою	а	B: квадратные; в C (линия 1882, без вставок по греческому) нет	[]	по признакам	[]	absent	absent
3Цар	17	1	пророк	а	B: квадратные; в C (линия 1882, без вставок по греческому) нет	[]	по признакам	[]	absent	absent
3Цар	18	22	и четыреста пророков дубравных	а	B: квадратные; в C (линия 1882, без вставок по греческому) нет; в KJV нет	[]	проверено	[]	absent	absent
3Цар	18	24	пусть будет так	а	B: квадратные; в C (линия 1882, без вставок по греческому) нет	[]	по признакам	[]	absent	absent
3Цар	18	29	И сказал Илия Фесвитянин пророкам Вааловым: теперь отойдите, чтоб и я совершил мое жертвоприношение. Они отошли и умолкли.	а	B: квадратные; в C (линия 1882, без вставок по греческому) нет	[]	по признакам	[]	absent	absent
3Цар	18	33	на жертвенник	а	B: квадратные; в C (линия 1882, без вставок по греческому) нет	[]	по признакам	[]	absent	absent
3Цар	18	34	И сделали так.	а	B: квадратные; в C (линия 1882, без вставок по греческому) нет	[]	по признакам	[]	absent	absent
3Цар	18	36	и воззвал на небо	а	B: квадратные; в C (линия 1882, без вставок по греческому) нет; в KJV нет	[]	проверено	[]	absent	absent
3Цар	18	36	Услышь меня, Господи, услышь меня ныне в огне!	а	B: квадратные; в C (линия 1882, без вставок по греческому) нет; в KJV нет	[]	проверено	[]	absent	absent
3Цар	18	36	люди сии	а	B: квадратные; в C (линия 1882, без вставок по греческому) нет	[]	по признакам	[]	absent	absent
3Цар	18	37	к Тебе	в	B: квадратные; C (линия 1882): курсив — слово для связности, которого нет в еврейском	[]	по признакам	[]	i	[]
3Цар	18	44	колесницу твою	в	B: квадратные; C (линия 1882): курсив — слово для связности, которого нет в еврейском	[]	по признакам	[]	i	[]
3Цар	18	45	заплакал	а	B: квадратные; в C (линия 1882, без вставок по греческому) нет	[]	по признакам	[]	absent	absent
3Цар	19	2	если ты Илия, а я Иезавель, то	а	B: квадратные; в C (линия 1882, без вставок по греческому) нет	[]	по признакам	[]	absent	absent
3Цар	19	5	и пей	а	B: квадратные; в C (линия 1882, без вставок по греческому) нет	[]	по признакам	[]	absent	absent
3Цар	19	7	и пей	а	B: квадратные; в C (линия 1882, без вставок по греческому) нет	[]	по признакам	[]	absent	absent
3Цар	19	12	и там Господь	а	B: квадратные; в C (линия 1882, без вставок по греческому) нет; в KJV нет	[]	проверено	[]	absent	absent
3Цар	19	18	мужей	в	B: квадратные; C (линия 1882): курсив — слово для связности, которого нет в еврейском	[]	по признакам	[]	i	[]
3Цар	19	19	волов	в	B: квадратные; C (линия 1882): курсив — слово для связности, которого нет в еврейском	[]	по признакам	[]	i	[]
3Цар	19	20	Елисей	в	B: квадратные; C (линия 1882): курсив — слово для связности, которого нет в еврейском	[]	по признакам	[]	i	[]
3Цар	20	14	Ахав	в	B: квадратные; C (линия 1882): курсив — слово для связности, которого нет в еврейском	[]	по признакам	[]	i	[]
3Цар	20	15	Ахав	в	B: квадратные; C (линия 1882): курсив — слово для связности, которого нет в еврейском	[]	по признакам	[]	i	[]
3Цар	20	23	а не Бог долин,	а	B: квадратные; в C (линия 1882, без вставок по греческому) нет; в KJV нет	[]	проверено	[]	absent	absent
3Цар	21	4	в смущенном духе	а	B: квадратные; в C (линия 1882, без вставок по греческому) нет; в KJV нет	[]	проверено	[]	absent	absent
3Цар	21	6	наследства отцов моих	а	B: квадратные; в C (линия 1882, без вставок по греческому) нет	[]	по признакам	[]	absent	absent
3Цар	21	16	Изреелитянин	а	B: квадратные; в C (линия 1882, без вставок по греческому) нет; в KJV нет	[]	проверено	[]	absent	absent
3Цар	21	16	разодрал одежды свои и надел на себя вретище, а потом	а	B: квадратные; в C (линия 1882, без вставок по греческому) нет	[]	по признакам	[]	absent	absent
3Цар	21	20	и раздражать Его	а	B: квадратные; в C (линия 1882, без вставок по греческому) нет; в KJV нет	[]	проверено	[]	absent	absent
3Цар	21	21	Так говорит Господь:	в	B: квадратные; C (линия 1882): курсив — слово для связности, которого нет в еврейском	[]	по признакам	[]	i	[]
3Цар	21	27	умилился пред Господом, ходил и плакал,	а	B: квадратные; в C (линия 1882, без вставок по греческому) нет	[]	по признакам	[]	absent	absent
3Цар	21	28	об Ахаве	а	B: квадратные; в C (линия 1882, без вставок по греческому) нет	[]	по признакам	[]	absent	absent
3Цар	22	19	Михей	в	B: квадратные; C (линия 1882): курсив — слово для связности, которого нет в еврейском	[]	по признакам	[]	i	[]
3Цар	22	19	не так; не я, а	а	B: квадратные; в C (линия 1882, без вставок по греческому) нет	[]	по признакам	[]	absent	absent
3Цар	22	48	Царь	а	B: квадратные; в C (линия 1882, без вставок по греческому) нет	[]	по признакам	[]	absent	absent
3Цар	22	51	в Самарии	а	B: квадратные; в C (линия 1882, без вставок по греческому) нет	[]	по признакам	[]	absent	absent
4Цар	1	2	И пошли они спрашивать.	а	B: квадратные; в C (линия 1882, без вставок по греческому) нет	[]	по признакам	[]	absent	absent
4Цар	1	4	и сказал им	а	B: квадратные; в C (линия 1882, без вставок по греческому) нет	[]	по признакам	[]	absent	absent
4Цар	1	17	брат Охозии	а	B: квадратные; в C (линия 1882, без вставок по греческому) нет	[]	по признакам	[]	absent	absent
4Цар	4	41	Гиезию	в	B: квадратные; C (линия 1882): курсив — слово для связности, которого нет в еврейском	[]	по признакам	[]	i	[]
4Цар	5	5	Нееману	в	B: квадратные; C (линия 1882): курсив — слово для связности, которого нет в еврейском	[]	по признакам	[]	i	[]
4Цар	6	32	царь	в	B: квадратные; C (линия 1882): курсив — слово для связности, которого нет в еврейском	[]	по признакам	[]	i	[]
4Цар	7	13	из всего ополчения Израильтян только и осталось в нем, из всего ополчения Израильтян, которое погибло	б	C: круглые скобки; есть в еврейском тексте (проверено по KJV — переводу с еврейского)	[]	проверено	[]	()	()
4Цар	8	13	мертвый	а	B: квадратные; в C (линия 1882, без вставок по греческому) нет	[]	по признакам	[]	absent	absent
4Цар	9	15	со мною	а	B: квадратные; в C (линия 1882, без вставок по греческому) нет	[]	по признакам	[]	absent	absent
4Цар	9	16	царь Израильский, для лечения ран, которые причинили ему Сирияне в Рамофе, когда он воевал с Азаилом, царем Сирийским, сильным и могущественным	а	B: квадратные; в C (линия 1882, без вставок по греческому) нет	[]	по признакам	[]	absent	absent
4Цар	10	6	Царских же сыновей было семьдесят человек; воспитывали их знатнейшие в городе.	б	C: круглые скобки; есть в еврейском тексте (проверено по KJV — переводу с еврейского)	[]	проверено	[]	()	()
4Цар	13	18	Елисей	в	B: квадратные; C (линия 1882): курсив — слово для связности, которого нет в еврейском	[]	по признакам	[]	i	[]
4Цар	15	19	Израилеву	в	B: квадратные; C (линия 1882): курсив — слово для связности, которого нет в еврейском	[]	по признакам	[]	i	[]
4Цар	19	16	меня	а	B: квадратные; в C (линия 1882, без вставок по греческому) нет	[]	по признакам	[]	absent	absent
4Цар	19	16	Тебя,	а	B: квадратные; в C (линия 1882, без вставок по греческому) нет	[]	по признакам	[]	absent	absent
4Цар	19	29	Езекия,	в	B: квадратные; C (линия 1882): курсив — слово для связности, которого нет в еврейском	[]	по признакам	[]	i	[]
4Цар	20	2	Езекия	в	B: квадратные; C (линия 1882): курсив — слово для связности, которого нет в еврейском	[]	по признакам	[]	i	[]
4Цар	23	16	когда Иеровоам, во время праздника, стоял пред жертвенником. Потом, обратившись, увидел могилу человека Божия, предрекшего сии события,	а	B: квадратные; в C (линия 1882, без вставок по греческому) нет	[]	по признакам	[]	absent	absent
4Цар	23	33	сто	а	B: квадратные; в C (линия 1882, без вставок по греческому) нет	[]	по признакам	[]	absent	absent
1Пар	1	5	Елиса,	а	B: квадратные; в C (линия 1882, без вставок по греческому) нет	[]	по признакам	[]	absent	absent
1Пар	1	17	Сыновья Арама:	а	B: квадратные; в C (линия 1882, без вставок по греческому) нет	[]	по признакам	[]	absent	absent
1Пар	1	18	родил Каинана, Каинан же	а	B: квадратные; в C (линия 1882, без вставок по греческому) нет	[]	по признакам	[]	absent	absent
1Пар	1	24	Сыновья же	а	B: квадратные; в C (линия 1882, без вставок по греческому) нет	[]	по признакам	[]	absent	absent
1Пар	1	24	Каинан,	а	B: квадратные; в C (линия 1882, без вставок по греческому) нет	[]	по признакам	[]	absent	absent
1Пар	1	32	Сыновья Дедановы: Рагуил, Навдеил, Ассуриим, Астусиим и Асомин.	а	B: квадратные; в C (линия 1882, без вставок по греческому) нет; в KJV нет	[]	проверено	[]	absent	absent
1Пар	1	36	Фимна же, наложница Елифазова, родила ему	а	B: квадратные; в C (линия 1882, без вставок по греческому) нет	[]	по признакам	[]	absent	absent
1Пар	1	41	и Оливема дочь Аны	а	B: квадратные; в C (линия 1882, без вставок по греческому) нет; в KJV нет	[]	проверено	[]	absent	absent
1Пар	2	19	жену	а	B: квадратные; в C (линия 1882, без вставок по греческому) нет	[]	по признакам	[]	absent	absent
1Пар	2	35	рабу своему	б	C: без скобок; есть в еврейском тексте (проверено по KJV — переводу с еврейского)	[]	проверено	[]	plain	plain
1Пар	4	12	брата Селома Кенезиина и Ахазова	а	B: квадратные; в C (линия 1882, без вставок по греческому) нет	[]	по признакам	[]	absent	absent
1Пар	6	27	Самуил, сын его	а	B: квадратные; C: без пометы; в KJV нет	[]	проверено	[]	plain	plain
1Пар	8	29	Иеил,	а	B: квадратные; в C (линия 1882, без вставок по греческому) нет	[]	по признакам	[]	absent	absent
1Пар	8	30	Нер,	а	B: квадратные; в C (линия 1882, без вставок по греческому) нет	[]	по признакам	[]	absent	absent
1Пар	9	41	и Ахаз	в	B: квадратные; C (линия 1882): курсив — слово для связности, которого нет в еврейском	[]	по признакам	[]	i	[]
1Пар	13	2	Давид	в	B: квадратные; C (линия 1882): курсив — слово для связности, которого нет в еврейском	[]	по признакам	[]	i	[]
1Пар	16	27	святом	а	B: квадратные; в C (линия 1882, без вставок по греческому) нет	[]	по признакам	[]	absent	absent
1Пар	26	7	и Иеваком	а	B: квадратные; в C (линия 1882, без вставок по греческому) нет	[]	по признакам	[]	absent	absent
2Пар	2	13	тебе	в	B: квадратные; C (линия 1882): курсив — слово для связности, которого нет в еврейском	[]	по признакам	[]	i	[]
2Пар	3	7	и окна	а	B: квадратные; в C (линия 1882, без вставок по греческому) нет	[]	по признакам	[]	absent	absent
2Пар	3	9	в каждом гвозде	а	B: квадратные; в C (линия 1882, без вставок по греческому) нет; в KJV нет	[]	проверено	[]	absent	absent
2Пар	4	11	и кадильницы, и все жертвенные сосуды	а	B: квадратные; в C (линия 1882, без вставок по греческому) нет	[]	по признакам	[]	absent	absent
2Пар	6	2	Святый,	а	B: квадратные; в C (линия 1882, без вставок по греческому) нет	[]	по признакам	[]	absent	absent
2Пар	6	16	муж,	в	B: квадратные; C (линия 1882): курсив — слово для связности, которого нет в еврейском	[]	по признакам	[]	i	[]
2Пар	7	18	муж,	в	B: квадратные; C (линия 1882): курсив — слово для связности, которого нет в еврейском	[]	по признакам	[]	i	[]
2Пар	9	19	престола	в	B: квадратные; C (линия 1882): курсив — слово для связности, которого нет в еврейском	[]	по признакам	[]	i	[]
2Пар	9	27	золото и	а	B: квадратные; в C (линия 1882, без вставок по греческому) нет	[]	по признакам	[]	absent	absent
2Пар	10	7	ныне	а	B: квадратные; в C (линия 1882, без вставок по греческому) нет	[]	по признакам	[]	absent	absent
2Пар	10	11	буду бить вас	в	B: квадратные; C (линия 1882): курсив — слово для связности, которого нет в еврейском	[]	по признакам	[]	i	[]
2Пар	10	14	буду бить вас	в	B: квадратные; C (линия 1882): курсив — слово для связности, которого нет в еврейском	[]	по признакам	[]	i	[]
2Пар	11	22	и	в	B: квадратные; C (линия 1882): курсив — слово для связности, которого нет в еврейском	[]	по признакам	[]	i	[]
2Пар	13	5	вечному	а	B: квадратные; в C (линия 1882, без вставок по греческому) нет	[]	по признакам	[]	absent	absent
2Пар	14	4	Его	в	B: квадратные; C (линия 1882): курсив — слово для связности, которого нет в еврейском	[]	по признакам	[]	i	[]
2Пар	15	8	Азарии	а	B: квадратные; в C (линия 1882, без вставок по греческому) нет	[]	по признакам	[]	absent	absent
2Пар	19	3	Иудейской	в	B: квадратные; C (линия 1882): курсив — слово для связности, которого нет в еврейском	[]	по признакам	[]	i	[]
2Пар	21	9	и побежал народ в жилища свои	а	B: квадратные; в C (линия 1882, без вставок по греческому) нет; в KJV нет	[]	проверено	[]	absent	absent
2Пар	22	9	велел	в	B: квадратные; C (линия 1882): курсив — слово для связности, которого нет в еврейском	[]	по признакам	[]	i	[]
2Пар	23	14	из храма	а	B: квадратные; в C (линия 1882, без вставок по греческому) нет	[]	по признакам	[]	absent	absent
2Пар	23	18	и восстановил дневные череды священников и левитов,	а	B: квадратные; в C (линия 1882, без вставок по греческому) нет; в KJV нет	[]	проверено	[]	absent	absent
2Пар	24	21	Иоаса	а	B: квадратные; в C (линия 1882, без вставок по греческому) нет	[]	по признакам	[]	absent	absent
2Пар	26	18	будет	в	B: квадратные; C (линия 1882): курсив — слово для связности, которого нет в еврейском	[]	по признакам	[]	i	[]
2Пар	28	6	царь Израильский,	а	B: квадратные; в C (линия 1882, без вставок по греческому) нет	[]	по признакам	[]	absent	absent
2Пар	28	13	Господня	в	B: квадратные; C (линия 1882): курсив — слово для связности, которого нет в еврейском	[]	по признакам	[]	i	[]
2Пар	29	9	в земле не своей	а	B: квадратные; в C (линия 1882, без вставок по греческому) нет	[]	по признакам	[]	absent	absent
2Пар	30	9	будут	в	B: квадратные; C (линия 1882): курсив — слово для связности, которого нет в еврейском	[]	по признакам	[]	i	[]
2Пар	30	14	идолам	в	B: квадратные; C (линия 1882): курсив — слово для связности, которого нет в еврейском	[]	по признакам	[]	i	[]
2Пар	30	16	принимая ее	в	B: квадратные; C (линия 1882): курсив — слово для связности, которого нет в еврейском	[]	по признакам	[]	i	[]
2Пар	32	4	и да не укрепятся	а	B: квадратные; в C (линия 1882, без вставок по греческому) нет; в KJV нет	[]	проверено	[]	absent	absent
2Пар	35	8	овец, агнцев и козлов	в	B: квадратные; C (линия 1882): курсив — слово для связности, которого нет в еврейском	[]	по признакам	[]	i	[]
2Пар	35	9	овец	в	B: квадратные; C (линия 1882): курсив — слово для связности, которого нет в еврейском	[]	по признакам	[]	i	[]
2Пар	35	20	и как сжег огнем царь Иосия и чревовещателей, и волхвов, и капища, и идолов, и дубравы, бывшие в Иерусалиме и Иудее, чтобы утвердить слова закона, написанные в книге, которую нашел Хелкия священник в доме Господнем, не было подобного ему прежде него, кто обратился бы к Господу всем сердцем своим, и всею душею своею, и всею крепостию своею, по всему закону Моисееву; не восстал и после него подобный ему. Однако же не отвратился Господь от великой ярости гнева Своего, — ярости, которою разгневался Господь на Иудею за все оскорбления, которыми прогневал Манассия. И сказал Господь: и Иуду отвергну от лица Моего, как отверг дом Израилев, и отвергну город Иерусалим, который избрал, и храм, о котором сказал: будет там имя Мое,	а	B: квадратные; в C (линия 1882, без вставок по греческому) нет	[]	по признакам	[]	absent	absent
2Пар	36	1	и помазали его	а	B: квадратные; в C (линия 1882, без вставок по греческому) нет	[]	по признакам	[]	absent	absent
2Пар	36	2	Имя матери его — Амитал, дочь Иеремии из Ловны. И сделал он лукавое пред Господом по всему, что сделали отцы его. И оковал его фараон Нехао в Девлафе, в земле Емафской, чтобы не царствовать ему в Иерусалиме.	а	B: квадратные; в C (линия 1882, без вставок по греческому) нет	[]	по признакам	[]	absent	absent
2Пар	36	3	и привел его царь в Египет	а	B: квадратные; в C (линия 1882, без вставок по греческому) нет	[]	по признакам	[]	absent	absent
2Пар	36	4	и он умер там. И серебро и золото давал фараону: тогда земля начала давать серебро по слову фараона, и каждый, по власти, требовал серебра и золота от народа земли для дани фараону Нехао	а	B: квадратные; в C (линия 1882, без вставок по греческому) нет	[]	по признакам	[]	absent	absent
2Пар	36	5	имя матери его Зехора, дочь Нириева из Рамы	а	B: квадратные; в C (линия 1882, без вставок по греческому) нет; в KJV нет	[]	проверено	[]	absent	absent
2Пар	36	5	по всему, что делали отцы его. Во дни его пришел Навуходоносор, царь Вавилонский, на землю, и он служил ему три года и отступил от него. И послал Господь на них Халдеев и разбойников Сирских, и разбойников Моавитских, и сынов Аммоновых и Самарийских, и отступили по слову сему, — по слову Господа устами рабов Его, пророков. Впрочем гнев Господа был на Иуде, чтоб отвергнуть его от лица Его, за все грехи Манассии, которые он сделал, и за кровь неповинную, которую пролил Иоаким и наполнил Иерусалим неповинною кровью. Но не восхотел Господь искоренить их	а	B: квадратные; в C (линия 1882, без вставок по греческому) нет	[]	по признакам	[]	absent	absent
2Пар	36	8	И почил Иоаким с отцами своими, и погребен был в Ганозане с отцами своими.	а	B: квадратные; в C (линия 1882, без вставок по греческому) нет	[]	по признакам	[]	absent	absent
2Пар	36	17	ни Седекии,	а	B: квадратные; в C (линия 1882, без вставок по греческому) нет	[]	по признакам	[]	absent	absent
2Пар	36	23	да будет	в	B: квадратные; C (линия 1882): курсив — слово для связности, которого нет в еврейском	[]	по признакам	[]	i	[]
Езд	2	6	и	в	B: квадратные; C (линия 1882): курсив — слово для связности, которого нет в еврейском	[]	по признакам	[]	i	[]
Езд	4	10	Сеннахирим	а	B: квадратные; в C (линия 1882, без вставок по греческому) нет	[]	по признакам	[]	absent	absent
Езд	7	23	смотрите, чтобы кто не простер руки на дом Бога небесного,	а	B: квадратные; в C (линия 1882, без вставок по греческому) нет	[]	по признакам	[]	absent	absent
Езд	8	5	Зафоя	а	B: квадратные; в C (линия 1882, без вставок по греческому) нет	[]	по признакам	[]	absent	absent
Езд	8	10	Ваания	а	B: квадратные; в C (линия 1882, без вставок по греческому) нет	[]	по признакам	[]	absent	absent
Неем	9	6	И сказал Ездра:	а	B: квадратные; в C (линия 1882, без вставок по греческому) нет	[]	по признакам	[]	absent	absent
Неем	9	8	ему и	а	B: квадратные; в C (линия 1882, без вставок по греческому) нет	[]	по признакам	[]	absent	absent
Есф	1	1	Во второй год царствования Артаксеркса великого, в первый день месяца Нисана, сон видел Мардохей, сын Иаиров, Семеев, Кисеев, из колена Вениаминова, Иудеянин, живший в городе Сузах, человек великий, служивший при царском дворце. Он был из пленников, которых Навуходоносор, царь Вавилонский, взял в плен из Иерусалима с Иехониею, царем Иудейским. Сон же его такой: вот ужасный шум, гром и землетрясение и смятение на земле; и вот, вышли два больших змея, готовые драться друг с другом; и велик был вой их, и по вою их все народы приготовились к войне, чтобы поразить народ праведных; и вот — день тьмы и мрака, скорбь и стеснение, страдание и смятение великое на земле; и смутился весь народ праведных, опасаясь бед себе, и приготовились они погибнуть и стали взывать к Господу; от вопля их произошла, как бы от малого источника, великая река с множеством воды; и воссиял свет и солнце, и вознеслись смиренные и истребили тщеславных. — Мардохей, пробудившись после этого сновидения, изображавшего, что Бог хотел совершить, содержал этот сон в сердце и желал уразуметь его во всех частях его, до ночи. И пребывал Мардохей во дворце вместе с Гавафою и Фаррою, двумя царскими евнухами, оберегавшими дворец, и услышал разговоры их и разведал замыслы их и узнал, что они готовятся наложить руки на царя Артаксеркса, и донес о них царю; а царь пытал этих двух евнухов, и, когда они сознались, были казнены. Царь записал это событие на память, и Мардохей записал об этом событии. И приказал царь Мардохею служить во дворце и дал ему подарки за это. При царе же был тогда знатен Аман, сын Амадафов, Вугеянин, и старался он причинить зло Мардохею и народу его за двух евнухов царских.	а	B: квадратные; в C (линия 1882, без вставок по греческому) нет	[]	по признакам	[]	absent	[]
Есф	1	1	после сего	а	надписание/слово есть только у нас; в B нет, в C нет	[]	по признакам	absent	absent	absent
Есф	2	3	и прочее, что нужно	а	B: квадратные; в C (линия 1882, без вставок по греческому) нет	[]	по признакам	[]	absent	absent
Есф	2	21	за то, что предпочтен был Мардохей	а	B: квадратные; в C (линия 1882, без вставок по греческому) нет	[]	по признакам	[]	absent	absent
Есф	3	7	И сделал совет	а	B: квадратные; в C (линия 1882, без вставок по греческому) нет	[]	по признакам	[]	absent	absent
Есф	3	7	чтобы в один день погубить народ Мардохеев, и пал жребий	а	B: квадратные; в C (линия 1882, без вставок по греческому) нет	[]	по признакам	[]	absent	absent
Есф	3	12	от области Индийской до Ефиопии, над ста двадцатью семью областями	а	B: квадратные; в C (линия 1882, без вставок по греческому) нет	[]	по признакам	[]	absent	absent
Есф	3	13	Вот список с этого письма: великий царь Артаксеркс начальствующим от Индии до Ефиопии над ста двадцатью семью областями и подчиненным им наместникам. Царствуя над многими народами и властвуя над всею вселенною, я хотел, не превозносясь гордостью власти, но управляя всегда кротко и тихо, сделать жизнь подданных постоянно безмятежною и, соблюдая царство свое мирным и удобопроходимым до пределов его, восстановить желаемый для всех людей мир. Когда же я спросил советников, каким бы образом привести это в исполнение, то отличающийся у нас мудростью и пользующийся неизменным благоволением, и доказавший твердую верность, и получивший вторую честь по царе, Аман объяснил нам, что во всех племенах вселенной замешался один враждебный народ, по законам своим противный всякому народу, постоянно пренебрегающий царскими повелениями, дабы не благоустроялось безукоризненно совершаемое нами соуправление. Итак, узнав, что один только этот народ всегда противится всякому человеку, ведет образ жизни, чуждый законам, и, противясь нашим действиям, совершает величайшие злодеяния, чтобы царство наше не достигло благосостояния, мы повелели указанных вам в грамотах Амана, поставленного над делами и второго отца нашего, всех с женами и детьми всецело истребить вражескими мечами, без всякого сожаления и пощады, в тринадцатый день двенадцатого месяца Адара настоящего года, чтобы эти и прежде и теперь враждебные люди, быв в один день насильно низвергнуты в преисподнюю, не препятствовали нам в последующее время проводить жизнь мирно и безмятежно до конца.	а	B: квадратные; в C (линия 1882, без вставок по греческому) нет	[]	по признакам	[]	absent	absent
Есф	4	1	истребляется народ ни в чем не повинный!	а	B: квадратные; в C (линия 1882, без вставок по греческому) нет	[]	по признакам	[]	absent	absent
Есф	4	2	и остановился,	а	B: квадратные; в C (линия 1882, без вставок по греческому) нет	[]	по признакам	[]	absent	absent
Есф	4	2	и с пеплом	а	B: квадратные; в C (линия 1882, без вставок по греческому) нет	[]	по признакам	[]	absent	absent
Есф	4	8	вспомнив дни смирения своего, когда она воспитывалась под рукою моею, потому что Аман, второй по царе, осудил нас на смерть, и чтобы призвала Господа и сказала о нас царю, да избавит нас от смерти	а	B: квадратные; в C (линия 1882, без вставок по греческому) нет	[]	по признакам	[]	absent	absent
Есф	4	17	И молился он Господу, воспоминая все дела Господни, и говорил: Господи, Господи, Царю, Вседержителю! Все в Твоей власти, и нет противящегося Тебе, когда Ты захочешь спасти Израиля; Ты сотворил небо и землю и все дивное в поднебесной; Ты — Господь всех, и нет такого, кто воспротивился бы Тебе, Господу. Ты знаешь всё; Ты знаешь, Господи, что не для обиды и не по гордости и не по тщеславию я делал это, что не поклонялся тщеславному Аману, ибо я охотно стал бы лобызать следы ног его для спасения Израиля; но я делал это для того, чтобы не воздать славы человеку выше славы Божией и не поклоняться никому, кроме Тебя, Господа моего, и я не стану делать этого по гордости. И ныне, Господи Боже, Царю, Боже Авраамов, пощади народ Твой; ибо замышляют нам погибель и хотят истребить изначальное наследие Твое; не презри достояния Твоего, которое Ты избавил для Себя из земли Египетской; услышь молитву мою и умилосердись над наследием Твоим и обрати сетование наше в веселие, дабы мы, живя, воспевали имя Твое, Господи, и не погуби уст, прославляющих Тебя, Господи. И все Израильтяне взывали всеми силами своими, потому что смерть их была пред глазами их. И царица Есфирь прибегла к Господу, объятая смертною горестью, и, сняв одежды славы своей, облеклась в одежды скорби и сетования, и, вместо многоценных мастей, пеплом и прахом посыпала голову свою, и весьма изнурила тело свое, и всякое место, украшаемое в веселии ее, покрыла распущенными волосами своими, и молилась Господу Богу Израилеву, говоря: Господи мой! Ты один Царь наш; помоги мне, одинокой и не имеющей помощника, кроме Тебя; ибо беда моя близ меня. Я слышала, Господи, от отца моего, в родном колене моем, что Ты, Господи, избрал Себе Израиля из всех народов и отцов наших из всех предков их в наследие вечное, и сделал для них то, о чем говорил им. И ныне мы согрешили пред Тобою, и предал Ты нас в руки врагов наших за то, что мы славили богов их: праведен Ты, Господи! А ныне они не удовольствовались горьким рабством нашим, но положили руки свои в руки идолов своих, чтобы ниспровергнуть заповедь уст Твоих, и истребить наследие Твое, и заградить уста воспевающих Тебя, и погасить славу храма Твоего и жертвенника Твоего, и отверзть уста народов на прославление тщетных богов, и царю плотскому величаться вовек. Не предай, Господи, скипетра Твоего богам несуществующим, и пусть не радуются падению нашему, но обрати замысел их на них самих: наветника же против нас предай позору. Помяни, Господи, яви Себя нам во время скорби нашей и дай мне мужество. Царь богов и Владыка всякого начальства! даруй устам моим слово благоприятное пред этим львом и исполни сердце его ненавистью к преследующему нас, на погибель ему и единомышленникам его; нас же избавь рукою Твоею и помоги мне, одинокой и не имеющей помощника, кроме Тебя, Господи. Ты имеешь ведение всего и знаешь, что я ненавижу славу беззаконных и гнушаюсь ложа необрезанных и всякого иноплеменника; Ты знаешь необходимость мою, что я гнушаюсь знака гордости моей, который бывает на голове моей во дни появления моего, гнушаюсь его, как одежды, оскверненной кровью, и не ношу его во дни уединения моего. И не вкушала раба Твоя от трапезы Амана и не дорожила пиром царским, и не пила вина идоложертвенного, и не веселилась раба Твоя со дня перемены судьбы моей доныне, кроме как о Тебе, Господи Боже Авраамов. Боже, имеющий силу над всеми! услышь голос безнадежных, и спаси нас от руки злоумышляющих, и избавь меня от страха моего.	а	B: квадратные; в C (линия 1882, без вставок по греческому) нет	[]	по признакам	[]	absent	[]
Есф	5	1	перестав молиться, сняла одежды сетования и	а	B: квадратные; в C (линия 1882, без вставок по греческому) нет	[]	по признакам	[]	absent	absent
Есф	5	1	и сделавшись великолепною, призывая всевидца Бога и Спасителя, взяла двух служанок, и на одну опиралась, как бы предавшись неге, а другая следовала за нею, поддерживая одеяние ее. Она была прекрасна во цвете красоты своей, и лице ее радостно, как бы исполненное любви, но сердце ее было стеснено от страха	а	B: квадратные; в C (линия 1882, без вставок по греческому) нет	[]	по признакам	[]	absent	absent
Есф	5	1	облеченный во все одеяние величия своего, весь в золоте и драгоценных камнях, и был весьма страшен	а	B: квадратные; в C (линия 1882, без вставок по греческому) нет	[]	по признакам	[]	absent	absent
Есф	5	1	Обратив лице свое, пламеневшее славою, он взглянул с сильным гневом; и царица упала духом и изменилась в лице своем от ослабления и склонилась на голову служанки, которая сопровождала ее. И изменил Бог дух царя на кротость, и поспешно встал он с престола своего и принял ее в объятия свои, пока она не пришла в себя. Потом он утешил ее ласковыми словами, сказав ей: что тебе, Есфирь? Я — брат твой; ободрись, не умрешь, ибо наше владычество общее; подойди.	а	B: квадратные; в C (линия 1882, без вставок по греческому) нет	[]	по признакам	[]	absent	absent
Есф	5	2	и положил царь скипетр на шею ее и поцеловал ее и сказал: говори мне. И сказала она: я видела в тебе, господин, как бы Ангела Божия, и смутилось сердце мое от страха пред славою твоею, ибо дивен ты, господин, и лице твое исполнено благодати. — Но во время беседы она упала от ослабления; и царь смутился, и все слуги его утешали ее	а	B: квадратные; в C (линия 1882, без вставок по греческому) нет	[]	по признакам	[]	absent	absent
Есф	5	4	ныне у меня день праздничный;	а	B: квадратные; в C (линия 1882, без вставок по греческому) нет	[]	по признакам	[]	absent	absent
Есф	5	8	еще завтра	а	B: квадратные; в C (линия 1882, без вставок по греческому) нет	[]	по признакам	[]	absent	absent
Есф	6	1	слуге	а	B: квадратные; в C (линия 1882, без вставок по греческому) нет	[]	по признакам	[]	absent	absent
Есф	6	4	Когда царь расспрашивал о благодеянии Мардохея, пришел на двор Аман,	а	B: квадратные; в C (линия 1882, без вставок по греческому) нет	[]	по признакам	[]	absent	absent
Есф	6	10	хорошо ты сказал;	а	B: квадратные; в C (линия 1882, без вставок по греческому) нет	[]	по признакам	[]	absent	absent
Есф	6	13	ибо с ним Бог живый	а	B: квадратные; в C (линия 1882, без вставок по греческому) нет	[]	по признакам	[]	absent	absent
Есф	8	12	Список с этого указа следующий: великий царь Артаксеркс начальствующим от Индии до Ефиопии над ста двадцатью семью областями и властителям, доброжелательствующим нам, радоваться. Многие, по чрезвычайной доброте благодетелей щедро награждаемые почестями, чрезмерно возгордились и не только подданным нашим ищут причинить зло, но, не могши насытить гордость, покушаются строить козни самим благодетелям своим, не только теряют чувство человеческой признательности, но, кичась надменностью безумных, преступно думают избежать суда всё и всегда видящего Бога. Но часто и многие, будучи облечены властью, чтоб устроять дела доверивших им друзей, своим убеждением делают их виновниками пролития невинной крови и подвергают неисправимым бедствиям, хитросплетением коварной лжи обманывая непорочное благомыслие державных. Это можно видеть не столько из древних историй, как мы сказали, сколько из дел, преступно совершаемых пред вами злобою недостойно властвующих. Посему нужно озаботиться на последующее время, чтобы нам устроить царство безмятежным для всех людей в мире, не допуская изменений, но представляющиеся дела обсуждая с надлежащей предусмотрительностью. Так Аман Амадафов, Македонянин, поистине чуждый персидской крови и весьма далекий от нашей благости, быв принят у нас гостем, удостоился благосклонности, которую мы имеем ко всякому народу, настолько, что был провозглашен нашим отцом и почитаем всеми, представляя второе лицо при царском престоле; но, не умерив гордости, замышлял лишить нас власти и души, а нашего спасителя и всегдашнего благодетеля Мардохея и непорочную общницу царства Есфирь, со всем народом их, домогался разнообразными коварными мерами погубить. Таким образом он думал сделать нас безлюдными, а державу Персидскую передать Македонянам. Мы же находим Иудеев, осужденных этим злодеем на истребление, не зловредными, а живущими по справедливейшим законам, сынами Вышнего, величайшего живаго Бога, даровавшего нам и предкам нашим царство в самом лучшем состоянии. Посему вы хорошо сделаете, не приводя в исполнение грамот, посланных Аманом Амадафовым; ибо он, совершивший это, при воротах Сузских повешен со всем домом, по воле владычествующего всем Бога, воздавшего ему скоро достойный суд. Список же с этого указа выставив на всяком месте открыто, оставьте Иудеев пользоваться своими законами и содействуйте им, чтобы восстававшим на них во время скорби они могли отмстить в тринадцатый день двенадцатого месяца Адара, в самый тот день. Ибо владычествующий над всем Бог, вместо погибели избранного рода, устроил им такую радость. И вы, в числе именитых праздников ваших, проводите сей знаменитый день со всем весельем, дабы и ныне и после памятно было спасение для нас и для благорасположенных к нам Персов и погубление строивших нам козни. Всякий город или область вообще, которая не исполнит сего, нещадно опустошится мечом и огнем и сделается не только необитаемою для людей, но и для зверей и птиц навсегда отвратительною.	а	B: квадратные; в C (линия 1882, без вставок по греческому) нет	[]	по признакам	[]	absent	[]
Есф	9	19	живущие же в митрополиях и пятнадцатый день Адара проводят в добром веселье, посылая подарки ближним	а	B: квадратные; в C (линия 1882, без вставок по греческому) нет	[]	по признакам	[]	absent	absent
Есф	9	26	жребий, ибо на языке их жребии называются пурим	а	B: квадратные; в C (линия 1882, без вставок по греческому) нет	[]	по признакам	[]	absent	absent
Есф	10	3	И сказал Мардохей: от Бога было это, ибо я вспомнил сон, который я видел о сих событиях; не осталось в нем ничего неисполнившимся. Малый источник сделался рекою, и был свет и солнце и множество воды: эта река есть Есфирь, которую взял себе в жену царь и сделал царицею. А два змея — это я и Аман; народы — это собравшиеся истребить имя Иудеев; а народ мой — это Израильтяне, воззвавшие к Богу и спасенные. И спас Господь народ Свой, и избавил нас Господь от всех сих зол, и совершил Бог знамения и чудеса великие, какие не бывали между язычниками. Так устроил Бог два жребия: один для народа Божия, а другой для всех язычников, и вышли эти два жребия в час и время и в день суда пред Богом и всеми язычниками. И вспомнил Господь о народе Своем и оправдал наследие Свое. И будут праздноваться эти дни месяца Адара, в четырнадцатый и пятнадцатый день этого месяца, с торжеством и радостью и весельем пред Богом, в роды вечные, в народе Его Израиле. В четвертый год царствования Птоломея и Клеопатры Досифей, который, говорят, был священником и левитом, и Птоломей, сын его, принесли в Александрию это послание о Пуриме, которое, говорят, истолковал Лисимах, сын Птоломея, бывший в Иерусалиме.	а	B: квадратные; в C (линия 1882, без вставок по греческому) нет	[]	по признакам	[]	absent	[]
Иов	1	5	и одного тельца за грех о душах их	а	B: квадратные; в C (линия 1882, без вставок по греческому) нет	[]	по признакам	[]	absent	absent
Иов	1	21	как угодно было Господу, так и сделалось;	а	B: квадратные; в C (линия 1882, без вставок по греческому) нет	[]	по признакам	[]	absent	absent
Иов	2	8	вне селения	а	B: квадратные; в C (линия 1882, без вставок по греческому) нет	[]	по признакам	[]	absent	absent
Иов	38	1	Когда Елиуй перестал говорить,	а	B: квадратные; в C (линия 1882, без вставок по греческому) нет; в KJV нет	[]	проверено	[]	absent	absent
Пс	1	4	не так	а	B: квадратные; в C (линия 1882, без вставок по греческому) нет	[]	по признакам	[]	absent	absent
Пс	1	4	с лица земли	а	B: квадратные; в C (линия 1882, без вставок по греческому) нет	[]	по признакам	[]	absent	absent
Пс	2	11	пред Ним	а	B: квадратные; в C (линия 1882, без вставок по греческому) нет	[]	по признакам	[]	absent	absent
Пс	4	8	и елей	а	B: квадратные; в C (линия 1882, без вставок по греческому) нет	[]	по признакам	[]	absent	absent
Пс	7	3	и спасающего	а	B: квадратные; в C (линия 1882, без вставок по греческому) нет	[]	по признакам	[]	absent	absent
Пс	7	12	крепкий и долготерпеливый,	а	B: квадратные; в C (линия 1882, без вставок по греческому) нет	[]	по признакам	[]	absent	absent
Пс	9	2	Тебя	в	B: квадратные; C (линия 1882): курсив — слово для связности, которого нет в еврейском	[]	по признакам	[]	i	[]
Пс	9	32	забыл Бог, закрыл лице Свое, не увидит никогда	г	в B и C это кавычки прямой речи («…»), а не скобки; повреждение электронного текста	[]	проверено	q	q	absent
Пс	9	33	мой	в	B: квадратные; C (линия 1882): курсив — слово для связности, которого нет в еврейском	[]	по признакам	[]	i	absent
Пс	9	33	Твоих до конца	а	B: квадратные; в C (линия 1882, без вставок по греческому) нет	[]	по признакам	[]	absent	absent
Пс	10	4	на нищего	а	B: квадратные; в C (линия 1882, без вставок по греческому) нет	[]	по признакам	[]	absent	absent
Пс	11	2	меня	а	B: квадратные; в C (линия 1882, без вставок по греческому) нет	[]	по признакам	[]	absent	absent
Пс	12	3	и ночь	в	B: квадратные; C (линия 1882): курсив — слово для связности, которого нет в еврейском	[]	по признакам	[]	i	absent
Пс	12	5	я одолел его	г	в B и C это кавычки прямой речи («…»), а не скобки; повреждение электронного текста	[]	проверено	q	q	absent
Пс	12	6	и буду петь имени Господа Всевышнего	а	B: квадратные; в C (линия 1882, без вставок по греческому) нет	[]	по признакам	[]	absent	absent
Пс	13	1	нет Бога	г	в B и C это кавычки прямой речи («…»), а не скобки; повреждение электронного текста	[]	проверено	q	q	absent
Пс	13	5	где нет страха,	а	B: квадратные; в C (линия 1882, без вставок по греческому) нет	[]	по признакам	[]	absent	absent
Пс	13	7	Кто даст с Сиона спасение Израилю!	г	в B и C это кавычки прямой речи («…»), а не скобки; повреждение электронного текста	[]	проверено	q	q	absent
Пс	16	1	мою	а	B: квадратные; в C (линия 1882, без вставок по греческому) нет	[]	по признакам	[]	absent	absent
Пс	16	7	на Тебя	в	B: квадратные; C (линия 1882): курсив — слово для связности, которого нет в еврейском	[]	по признакам	[]	i	absent
Пс	17	7	святаго	а	B: квадратные; в C (линия 1882, без вставок по греческому) нет	[]	по признакам	[]	absent	absent
Пс	17	8	Бог	в	B: квадратные; C (линия 1882): курсив — слово для связности, которого нет в еврейском	[]	по признакам	[]	i	absent
Пс	19	5	Господь	а	B: квадратные; в C (линия 1882, без вставок по греческому) нет	[]	по признакам	[]	absent	absent
Пс	19	10	к Тебе	в	B: квадратные; C (линия 1882): курсив — слово для связности, которого нет в еврейском	[]	по признакам	[]	i	absent
Пс	20	9	всех	а	B: квадратные; в C (линия 1882, без вставок по греческому) нет	[]	по признакам	[]	absent	absent
Пс	20	12	выполнить их	в	B: квадратные; C (линия 1882): курсив — слово для связности, которого нет в еврейском	[]	по признакам	[]	i	absent
Пс	21	2	внемли мне	а	B: квадратные; в C (линия 1882, без вставок по греческому) нет	[]	по признакам	[]	absent	absent
Пс	21	31	мое	в	B: квадратные; C (линия 1882): курсив — слово для связности, которого нет в еврейском	[]	по признакам	[]	i	absent
Пс	22	6	Твоя	а	B: квадратные; в C (линия 1882, без вставок по греческому) нет	[]	по признакам	[]	absent	absent
Пс	23	1	В первый день недели	а	надписание/слово есть только у нас; в B нет, в C нет	[]	по признакам	absent	absent	absent
Пс	23	4	ближнему своему	а	B: квадратные; в C (линия 1882, без вставок по греческому) нет	[]	по признакам	[]	absent	absent
Пс	24	2	вовек	а	B: квадратные; в C (линия 1882, без вставок по греческому) нет	[]	по признакам	[]	absent	absent
Пс	25	11	Господи,	а	B: квадратные; в C (линия 1882, без вставок по греческому) нет	[]	по признакам	[]	absent	absent
Пс	26	1	Прежде помазания	а	надписание/слово есть только у нас; в B нет, в C нет; в KJV нет	[]	проверено	absent	absent	absent
Пс	26	4	святый	а	B: квадратные; в C (линия 1882, без вставок по греческому) нет	[]	по признакам	[]	absent	absent
Пс	26	8	ищите лица Моего	г	в B и C это кавычки прямой речи («…»), а не скобки; повреждение электронного текста	[]	проверено	q	q	absent
Пс	28	1	При окончании праздника кущей.	а	надписание/слово есть только у нас; в B нет, в C нет	[]	по признакам	absent	absent	absent
Пс	29	9	моего	а	B: квадратные; в C (линия 1882, без вставок по греческому) нет	[]	по признакам	[]	absent	absent
Пс	30	1	Во время смятения	а	B: квадратные; в C (линия 1882, без вставок по греческому) нет	[]	по признакам	[]	absent	absent
Пс	32	10	уничтожает советы князей	а	B: квадратные; в C (линия 1882, без вставок по греческому) нет	[]	по признакам	[]	absent	absent
Пс	33	10	все	а	B: квадратные; в C (линия 1882, без вставок по греческому) нет	[]	по признакам	[]	absent	absent
Пс	33	18	праведные	в	B: квадратные; C (линия 1882): курсив — слово для связности, которого нет в еврейском	[]	по признакам	[]	i	absent
Пс	34	25	хорошо!	а	B: квадратные; в C (линия 1882, без вставок по греческому) нет	[]	по признакам	[]	absent	absent
Пс	36	28	а беззаконные будут извержены	а	B: квадратные; в C (линия 1882, без вставок по греческому) нет	[]	по признакам	[]	absent	absent
Пс	37	1	о субботе	а	B: квадратные; в C (линия 1882, без вставок по греческому) нет; в KJV нет	[]	проверено	[]	absent	absent
Пс	37	17	враги мои	в	B: квадратные; C (линия 1882): курсив — слово для связности, которого нет в еврейском	[]	по признакам	[]	i	absent
Пс	40	2	и нищем	а	B: квадратные; в C (линия 1882, без вставок по греческому) нет	[]	по признакам	[]	absent	absent
Пс	44	6	Сильный	а	B: квадратные; в C (линия 1882, без вставок по греческому) нет	[]	по признакам	[]	absent	absent
Пс	45	7	Всевышний	в	B: квадратные; C (линия 1882): курсив — слово для связности, которого нет в еврейском	[]	по признакам	[]	i	absent
Пс	47	12	и	а	B: квадратные; в C (линия 1882, без вставок по греческому) нет	[]	по признакам	[]	absent	absent
Пс	47	12	Господи	в	B: квадратные; C (линия 1882): курсив — слово для связности, которого нет в еврейском	[]	по признакам	[]	i	absent
Пс	49	21	грехи твои	в	B: квадратные; C (линия 1882): курсив — слово для связности, которого нет в еврейском	[]	по признакам	[]	i	absent
Пс	50	8	Твою	а	B: квадратные; в C (линия 1882, без вставок по греческому) нет	[]	по признакам	[]	absent	absent
Пс	50	20	Господи,	а	B: квадратные; в C (линия 1882, без вставок по греческому) нет	[]	по признакам	[]	absent	absent
Пс	51	7	твоего	в	B: квадратные; C (линия 1882): курсив — слово для связности, которого нет в еврейском	[]	по признакам	[]	i	plain
Пс	51	8	и скажут	в	B: квадратные; C (линия 1882): курсив — слово для связности, которого нет в еврейском	[]	по признакам	[]	i	absent
Пс	54	24	Господи,	в	B: квадратные; C (линия 1882): курсив — слово для связности, которого нет в еврейском	[]	по признакам	[]	i	absent
Пс	55	14	очи мои от слез,	а	B: квадратные; в C (линия 1882, без вставок по греческому) нет	[]	по признакам	[]	absent	absent
Пс	57	12	подлинно есть плод праведнику! итак есть Бог, судящий на земле!	г	в B и C это кавычки прямой речи («…»), а не скобки; повреждение электронного текста	[]	проверено	q	q	absent
Пс	64	2	в Иерусалиме	в	B: квадратные; C (линия 1882): курсив — слово для связности, которого нет в еврейском	[]	по признакам	[]	i	absent
Пс	65	4	Вышний	а	B: квадратные; в C (линия 1882, без вставок по греческому) нет	[]	по признакам	[]	absent	absent
Пс	67	14	своих	в	B: квадратные; C (линия 1882): курсив — слово для связности, которого нет в еврейском	[]	по признакам	[]	i	absent
Пс	67	23–24	от Васана возвращу, выведу из глубины морской, ¦ чтобы ты погрузил ногу твою, как и псы твои язык свой, в крови врагов	г	в B и C это кавычки прямой речи («…»), а не скобки; повреждение электронного текста	[]	проверено	q	q	absent
Пс	67	36	Своему	в	B: квадратные; C (линия 1882): курсив — слово для связности, которого нет в еврейском	[]	по признакам	[]	i	absent
Пс	68	2	моей	в	B: квадратные; C (линия 1882): курсив — слово для связности, которого нет в еврейском	[]	по признакам	[]	i	absent
Пс	68	4	моего	в	B: квадратные; C (линия 1882): курсив — слово для связности, которого нет в еврейском	[]	по признакам	[]	i	plain
Пс	68	31	моего	в	B: квадратные; C (линия 1882): курсив — слово для связности, которого нет в еврейском	[]	по признакам	[]	i	absent
Пс	69	4	мне	в	B: квадратные; C (линия 1882): курсив — слово для связности, которого нет в еврейском	[]	по признакам	[]	i	absent
Пс	70	8	чтобы мне воспевать славу Твою,	а	B: квадратные; в C (линия 1882, без вставок по греческому) нет	[]	по признакам	[]	absent	absent
Пс	70	14	на Тебя	в	B: квадратные; C (линия 1882): курсив — слово для связности, которого нет в еврейском	[]	по признакам	[]	i	absent
Пс	70	21	и из бездн земли выводил меня	а	B: квадратные; в C (линия 1882, без вставок по греческому) нет	[]	по признакам	[]	absent	absent
Пс	71	17	благословенно	а	B: квадратные; в C (линия 1882, без вставок по греческому) нет	[]	по признакам	[]	absent	absent
Пс	71	17	все племена земные	а	B: квадратные; в C (линия 1882, без вставок по греческому) нет	[]	по признакам	[]	absent	absent
Пс	72	13	И я сказал:	а	B: квадратные; в C (линия 1882, без вставок по греческому) нет; в KJV нет	[]	проверено	[]	absent	absent
Пс	72	28	во вратах дщери Сионовой	а	B: квадратные; в C (линия 1882, без вставок по греческому) нет	[]	по признакам	[]	absent	absent
Пс	73	14	Ефиопским	а	B: квадратные; в C (линия 1882, без вставок по греческому) нет	[]	по признакам	[]	absent	absent
Пс	74	6	не	в	B: квадратные; C (линия 1882): курсив — слово для связности, которого нет в еврейском	[]	по признакам	[]	i	absent
Пс	74	6	на Бога	а	B: квадратные; в C (линия 1882, без вставок по греческому) нет	[]	по признакам	[]	absent	absent
Пс	76	14	наш	в	B: квадратные; C (линия 1882): курсив — слово для связности, которого нет в еврейском	[]	по признакам	[]	i	absent
Пс	87	8	меня	в	B: квадратные; C (линия 1882): курсив — слово для связности, которого нет в еврейском	[]	по признакам	[]	i	absent
Пс	88	2	Твои	в	B: квадратные; C (линия 1882): курсив — слово для связности, которого нет в еврейском	[]	по признакам	[]	i	absent
Пс	89	4	возвратитесь, сыны человеческие!	г	в B и C это кавычки прямой речи («…»), а не скобки; повреждение электронного текста	[]	проверено	q	q	absent
Пс	92	1	и	в	B: квадратные; C (линия 1882): курсив — слово для связности, которого нет в еврейском	[]	по признакам	[]	i	plain
Пс	94	1	Богу	а	B: квадратные; в C (линия 1882, без вставок по греческому) нет	[]	по признакам	[]	absent	absent
Пс	97	1	Давида	а	надписание/слово есть только у нас; в B нет, в C нет; в KJV нет	[]	проверено	absent	absent	absent
Пс	97	3	к Иакову	а	B: квадратные; в C (линия 1882, без вставок по греческому) нет	[]	по признакам	[]	absent	absent
Пс	98	1	Псалом Давида.	а	надписание/слово есть только у нас; в B нет, в C нет	[]	по признакам	absent	absent	absent
Пс	99	1	Давида	а	надписание/слово есть только у нас; в B нет, в C нет	[]	по признакам	absent	absent	absent
Пс	101	3	когда	в	B: квадратные; C (линия 1882): курсив — слово для связности, которого нет в еврейском	[]	по признакам	[]	i	absent
Пс	101	3	к Тебе	в	B: квадратные; C (линия 1882): курсив — слово для связности, которого нет в еврейском	[]	по признакам	[]	i	absent
Пс	101	26	Господи,	а	B: квадратные; в C (линия 1882, без вставок по греческому) нет	[]	по признакам	[]	absent	absent
Пс	102	11	Господа	в	B: квадратные; C (линия 1882): курсив — слово для связности, которого нет в еврейском	[]	по признакам	[]	i	plain
Пс	102	20	все	в	B: квадратные; C (линия 1882): курсив — слово для связности, которого нет в еврейском	[]	по признакам	[]	i	plain
Пс	103	10	воды	а	B: квадратные; в C (линия 1882, без вставок по греческому) нет	[]	по признакам	[]	absent	absent
Пс	103	22	и	в	B: квадратные; C (линия 1882): курсив — слово для связности, которого нет в еврейском	[]	по признакам	[]	i	absent
Пс	104	8	которое	в	B: квадратные; C (линия 1882): курсив — слово для связности, которого нет в еврейском	[]	по признакам	[]	i	absent
Пс	104	15	не прикасайтесь к помазанным Моим, и пророкам Моим не делайте зла	г	в B и C это кавычки прямой речи («…»), а не скобки; повреждение электронного текста	[]	проверено	q	q	absent
Пс	104	27	Его	в	B: квадратные; C (линия 1882): курсив — слово для связности, которого нет в еврейском	[]	по признакам	[]	i	absent
Пс	104	39	им	в	B: квадратные; C (линия 1882): курсив — слово для связности, которого нет в еврейском	[]	по признакам	[]	i	absent
Пс	104	39	им	в	B: квадратные; C (линия 1882): курсив — слово для связности, которого нет в еврейском	[]	по признакам	[]	i	absent
Пс	105	12	и	в	B: квадратные; C (линия 1882): курсив — слово для связности, которого нет в еврейском	[]	по признакам	[]	i	plain
Пс	105	23	их	в	B: квадратные; C (линия 1882): курсив — слово для связности, которого нет в еврейском	[]	по признакам	[]	i	plain
Пс	105	43	Его	в	B: квадратные; C (линия 1882): курсив — слово для связности, которого нет в еврейском	[]	по признакам	[]	i	absent
Пс	107	2	готово сердце мое	а	B: квадратные; в C (линия 1882, без вставок по греческому) нет	[]	по признакам	[]	absent	absent
Пс	108	25	своими	а	B: квадратные; в C (линия 1882, без вставок по греческому) нет	[]	по признакам	[]	absent	absent
Пс	110	1	Тебя	в	B: квадратные; C (линия 1882): курсив — слово для связности, которого нет в еврейском	[]	по признакам	[]	i	plain
Пс	110	1	моим	в	B: квадратные; C (линия 1882): курсив — слово для связности, которого нет в еврейском	[]	по признакам	[]	i	absent
Пс	113	5	с тобою	в	B: квадратные; C (линия 1882): курсив — слово для связности, которого нет в еврейском	[]	по признакам	[]	i	absent
Пс	113	11	и на земле	а	B: квадратные; в C (линия 1882, без вставок по греческому) нет	[]	по признакам	[]	absent	absent
Пс	113	17	Дом	в	B: квадратные; C (линия 1882): курсив — слово для связности, которого нет в еврейском	[]	по признакам	[]	i	absent
Пс	113	20	нас	в	B: квадратные; C (линия 1882): курсив — слово для связности, которого нет в еврейском	[]	по признакам	[]	i	absent
Пс	113	26	живые	а	B: квадратные; в C (линия 1882, без вставок по греческому) нет	[]	по признакам	[]	absent	absent
Пс	116	2	пребывает	а	B: квадратные; в C (линия 1882, без вставок по греческому) нет	[]	по признакам	[]	absent	absent
Пс	117	2	дом	в	B: квадратные; C (линия 1882): курсив — слово для связности, которого нет в еврейском	[]	по признакам	[]	i	absent
Пс	117	2	Он благ,	а	B: квадратные; в C (линия 1882, без вставок по греческому) нет	[]	по признакам	[]	absent	absent
Пс	117	3	Он благ,	а	B: квадратные; в C (линия 1882, без вставок по греческому) нет	[]	по признакам	[]	absent	absent
Пс	117	4	Он благ,	а	B: квадратные; в C (линия 1882, без вставок по греческому) нет	[]	по признакам	[]	absent	absent
Пс	117	12	сот	а	B: квадратные; в C (линия 1882, без вставок по греческому) нет	[]	по признакам	[]	absent	absent
Пс	117	28	буду славить Тебя, ибо Ты услышал меня и соделался моим спасением	а	B: квадратные; в C (линия 1882, без вставок по греческому) нет	[]	по признакам	[]	absent	absent
Пс	118	49	Твое	а	B: квадратные; C: без пометы; в KJV нет	[]	проверено	[]	plain	absent
Пс	118	68	Господи	а	B: квадратные; в C (линия 1882, без вставок по греческому) нет	[]	по признакам	[]	absent	absent
Пс	118	145	моим	в	B: квадратные; C (линия 1882): курсив — слово для связности, которого нет в еврейском	[]	по признакам	[]	i	absent
Пс	120	7	Господь	в	B: квадратные; C (линия 1882): курсив — слово для связности, которого нет в еврейском	[]	по признакам	[]	i	absent
Пс	124	3	Господь	в	B: квадратные; C (линия 1882): курсив — слово для связности, которого нет в еврейском	[]	по признакам	[]	i	absent
Пс	131	13	его	в	B: квадратные; C (линия 1882): курсив — слово для связности, которого нет в еврейском	[]	по признакам	[]	i	absent
Пс	133	1	во дворах дома Бога нашего,	а	B: квадратные; в C (линия 1882, без вставок по греческому) нет	[]	по признакам	[]	absent	absent
Пс	137	1	что Ты услышал все слова уст моих	а	B: квадратные; в C (линия 1882, без вставок по греческому) нет	[]	по признакам	[]	absent	absent
Пс	138	6	Твое	в	B: квадратные; C (линия 1882): курсив — слово для связности, которого нет в еврейском	[]	по признакам	[]	i	absent
Пс	142	1	когда он преследуем был сыном своим Авессаломом	а	надписание/слово есть только у нас; в B нет, в C нет	[]	по признакам	absent	absent	absent
Пс	142	8	Господи,	а	B: квадратные; в C (линия 1882, без вставок по греческому) нет	[]	по признакам	[]	absent	absent
Пс	143	1	Против Голиафа.	а	надписание/слово есть только у нас; в B нет, в C нет	[]	по признакам	absent	absent	absent
Пс	144	1	мой	в	B: квадратные; C (линия 1882): курсив — слово для связности, которого нет в еврейском	[]	по признакам	[]	i	plain
Пс	144	13	Верен Господь во всех словах Своих и свят во всех делах Своих.	а	B: квадратные; в C (линия 1882, без вставок по греческому) нет	[]	по признакам	[]	absent	absent
Пс	146	5	Его	в	B: квадратные; C (линия 1882): курсив — слово для связности, которого нет в еврейском	[]	по признакам	[]	i	plain
Пс	146	8	и злак на пользу человеку	а	B: квадратные; в C (линия 1882, без вставок по греческому) нет	[]	по признакам	[]	absent	absent
Пс	148	5	сказал, и они сделались,	а	B: квадратные; в C (линия 1882, без вставок по греческому) нет	[]	по признакам	[]	absent	absent
Притч	1	7	доброе разумение у всех, водящихся им; а благоговение к Богу - начало разумения;	а	B: квадратные; в C (линия 1882, без вставок по греческому) нет	[]	по признакам	[]	absent	absent
Притч	3	15	никакое зло не может противиться ей; она хорошо известна всем, приближающимся к ней,	а	B: квадратные; в C (линия 1882, без вставок по греческому) нет	[]	по признакам	[]	absent	absent
Притч	3	16	из уст ее выходит правда; закон и милость она на языке носит;	а	B: квадратные; в C (линия 1882, без вставок по греческому) нет	[]	по признакам	[]	absent	absent
Притч	3	28	Ибо ты не знаешь, что родит грядущий день.	а	B: квадратные; в C (линия 1882, без вставок по греческому) нет	[]	по признакам	[]	absent	absent
Притч	4	28–29	потому что пути правые наблюдает Господь, а левые - испорчены. ¦ Он же прямыми сделает пути твои, и шествия твои в мире устроит.	а	B: квадратные; в C (линия 1882, без вставок по греческому) нет	[]	по признакам	[]	absent	[]
Притч	5	2	Не внимай льстивой женщине;	а	B: квадратные; в C (линия 1882, без вставок по греческому) нет	[]	по признакам	[]	absent	absent
Притч	5	16	не	в	B: квадратные; C (линия 1882): курсив — слово для связности, которого нет в еврейском	[]	по признакам	[]	i	[]
Притч	6	8	Или пойди к пчеле и познай, как она трудолюбива, какую почтенную работу она производит; ее труды употребляют во здравие и цари и простолюдины; любима же она всеми и славна; хотя силою она слаба, но мудростью почтена.	а	B: квадратные; в C (линия 1882, без вставок по греческому) нет	[]	по признакам	[]	absent	absent
Притч	6	11	Если же будешь не ленив, то, как источник, придет жатва твоя; скудость же далеко убежит от тебя.	а	B: квадратные; в C (линия 1882, без вставок по греческому) нет	[]	по признакам	[]	absent	absent
Притч	6	25	да не уловлен будешь очами твоими,	а	B: квадратные; в C (линия 1882, без вставок по греческому) нет	[]	по признакам	[]	absent	absent
Притч	7	1	Сын мой! чти Господа, - и укрепишься, и кроме Его не бойся никого.	а	B: квадратные; в C (линия 1882, без вставок по греческому) нет	[]	по признакам	[]	absent	absent
Притч	7	22	и как пес - на цепь,	а	B: квадратные; в C (линия 1882, без вставок по греческому) нет	[]	по признакам	[]	absent	absent
Притч	8	21	Когда я возвещу то, что бывает ежедневно, то не забуду исчислить то, что от века.	а	B: квадратные; в C (линия 1882, без вставок по греческому) нет	[]	по признакам	[]	absent	absent
Притч	9	12	Сын мой!	а	B: квадратные; в C (линия 1882, без вставок по греческому) нет	[]	по признакам	[]	absent	absent
Притч	9	12	и для ближних твоих	а	B: квадратные; в C (линия 1882, без вставок по греческому) нет	[]	по признакам	[]	absent	absent
Притч	9	12	Кто утверждается на лжи, тот пасет ветры, тот гоняется за птицами летающими: ибо он оставил пути своего виноградника и блуждает по тропинкам поля своего; проходит чрез безводную пустыню и землю, обреченную на жажду; собирает руками бесплодие.	а	B: квадратные; в C (линия 1882, без вставок по греческому) нет	[]	по признакам	[]	absent	absent
Притч	9	18	Но ты отскочи, не медли на месте, не останавливай взгляда твоего на ней; ибо таким образом ты пройдешь воду чужую. От воды чужой удаляйся, и из источника чужого не пей, чтобы пожить многое время, и чтобы прибавились тебе лета жизни.	а	B: квадратные; в C (линия 1882, без вставок по греческому) нет	[]	по признакам	[]	absent	[]
Притч	11	2	Праведник, умирая, оставляет сожаление; но внезапна и радостна бывает погибель нечестивых.	а	B: квадратные; в C (линия 1882, без вставок по греческому) нет	[]	по признакам	[]	absent	absent
Притч	11	16	мужу, а жена, ненавидящая правду, есть верх бесчестия. Ленивцы бывают скудны	а	B: квадратные; в C (линия 1882, без вставок по греческому) нет	[]	по признакам	[]	absent	absent
Притч	12	11	Кто находит удовольствие в трате времени за вином, тот в своем доме оставит бесславие.	а	B: квадратные; в C (линия 1882, без вставок по греческому) нет	[]	по признакам	[]	absent	absent
Притч	12	13	Смотрящий кротко помилован будет, а встречающийся в воротах стеснит других.	а	B: квадратные; в C (линия 1882, без вставок по греческому) нет	[]	по признакам	[]	absent	absent
Притч	13	9	Души коварные блуждают в грехах, а праведники сострадают и милуют.	а	B: квадратные; в C (линия 1882, без вставок по греческому) нет	[]	по признакам	[]	absent	absent
Притч	13	14	У сына лукавого ничего нет доброго, а у разумного раба дела благоуспешны, и путь его прямой.	а	B: квадратные; в C (линия 1882, без вставок по греческому) нет; в KJV нет	[]	проверено	[]	absent	[]
Притч	13	23	и	в	B: курсив; C: курсив	[]	по признакам	i	i	[]
Притч	14	22	не знают милости и верности делающие зло;	а	B: квадратные; в C (линия 1882, без вставок по греческому) нет	[]	по признакам	[]	absent	absent
Притч	15	1	Гнев губит и разумных.	а	B: квадратные; в C (линия 1882, без вставок по греческому) нет	[]	по признакам	[]	absent	absent
Притч	15	5	В обилии правды великая сила, а нечестивые искоренятся из земли.	а	B: квадратные; в C (линия 1882, без вставок по греческому) нет	[]	по признакам	[]	absent	absent
Притч	15	11	открыты	в	B: курсив; C: курсив	[]	по признакам	i	i	[]
Притч	15	28	Приятны пред Господом пути праведных; чрез них и враги делаются друзьями.	а	B: квадратные; в C (линия 1882, без вставок по греческому) нет	[]	по признакам	[]	absent	absent
Притч	16	5	Начало доброго пути - делать правду; это угоднее пред Богом, нежели приносить жертвы. Ищущий Господа найдет знание с правдою; истинно ищущие Его найдут мир.	а	B: квадратные; в C (линия 1882, без вставок по греческому) нет	[]	по признакам	[]	absent	absent
Притч	16	30	он - печь злобы	а	B: квадратные; в C (линия 1882, без вставок по греческому) нет	[]	по признакам	[]	absent	absent
Притч	17	5	а милосердый помилован будет	а	B: квадратные; в C (линия 1882, без вставок по греческому) нет	[]	по признакам	[]	absent	absent
Притч	17	6	У верного целый мир богатства, а у неверного - ни обола.	а	B: квадратные; в C (линия 1882, без вставок по греческому) нет	[]	по признакам	[]	absent	absent
Притч	17	16	Кто высоким делает свой дом, тот ищет разбиться; а уклоняющийся от учения впадет в беды.	а	B: квадратные; в C (линия 1882, без вставок по греческому) нет	[]	по признакам	[]	absent	absent
Притч	18	8	Ленивого низлагает страх, а души женоподобные будут голодать.	а	B: квадратные; в C (линия 1882, без вставок по греческому) нет; в KJV нет	[]	проверено	[]	absent	[]
Притч	18	23	добрую	в	B: квадратные; C (линия 1882): курсив — слово для связности, которого нет в еврейском	[]	по признакам	[]	i	[]
Притч	18	23	Кто изгоняет добрую жену, тот изгоняет счастье, а содержащий прелюбодейку - безумен и нечестив.	а	B: квадратные; в C (линия 1882, без вставок по греческому) нет	[]	по признакам	[]	absent	absent
Притч	19	1	богатый	в	B: квадратные; C (линия 1882): курсив — слово для связности, которого нет в еврейском	[]	по признакам	[]	i	[]
Притч	22	8	Человека, доброхотно дающего, любит Бог, и недостаток дел его восполнит.	а	B: квадратные; в C (линия 1882, без вставок по греческому) нет; в KJV нет	[]	проверено	[]	absent	absent
Притч	22	9	Победу и честь приобретает дающий дары, и даже овладевает душею получающих оные.	а	B: квадратные; в C (линия 1882, без вставок по греческому) нет; в KJV нет	[]	проверено	[]	absent	absent
Притч	23	35	И скажешь:	в	B: квадратные; C (линия 1882): курсив — слово для связности, которого нет в еврейском	[]	по признакам	[]	i	[]
Притч	25	10	Любовь и дружба освобождают: сбереги их для себя, чтобы не сделаться тебе достойным поношения; сохрани пути твои благоустроенными.	а	B: квадратные; в C (линия 1882, без вставок по греческому) нет	[]	по признакам	[]	absent	absent
Притч	25	19	человека	в	B: квадратные; C (линия 1882): курсив — слово для связности, которого нет в еврейском	[]	по признакам	[]	i	[]
Притч	25	20	Как моль одежде и червь дереву, так печаль вредит сердцу человека.	а	B: квадратные; в C (линия 1882, без вставок по греческому) нет	[]	по признакам	[]	absent	absent
Притч	25	22	делая сие,	в	B: квадратные; C (линия 1882): курсив — слово для связности, которого нет в еврейском	[]	по признакам	[]	i	[]
Притч	27	20	Мерзость пред Господом дерзко поднимающий глаза, и неразумны невоздержанные языком.	а	B: квадратные; в C (линия 1882, без вставок по греческому) нет; в KJV нет	[]	проверено	[]	absent	absent
Притч	27	21	Сердце беззаконника ищет зла, сердце же правое ищет знания.	а	B: квадратные; в C (линия 1882, без вставок по греческому) нет	[]	по признакам	[]	absent	absent
Притч	29	6–27	него, а праведник веселится и радуется. ¦ Праведник тщательно вникает в тяжбу бедных, а нечестивый не разбирает дела. ¦ Люди развратные возмущают город, а мудрые утишают мятеж. ¦ Умный человек, судясь с человеком глупым, сердится ли, смеется ли, - не имеет покоя. ¦ Кровожадные люди ненавидят непорочного, а праведные заботятся о его жизни. ¦ Глупый весь гнев свой изливает, а мудрый сдерживает его. ¦ Если правитель слушает ложные речи, то и все служащие у него нечестивы. ¦ Бедный и лихоимец встречаются друг с другом; но свет глазам того и другого дает Господь. ¦ Если царь судит бедных по правде, то престол его навсегда утвердится. ¦ Розга и обличение дают мудрость; но отрок, оставленный в небрежении, делает стыд своей матери. ¦ При умножении нечестивых умножается беззаконие; но праведники увидят падение их. ¦ Наказывай сына твоего, и он даст тебе покой, и доставит радость душе твоей. ¦ Без откровения свыше народ необуздан, а соблюдающий закон блажен. ¦ Словами не научится раб, потому что, хотя он понимает их, но не слушается. ¦ Видал ли ты человека опрометчивого в словах своих? на глупого больше надежды, нежели на него. ¦ Если с детства воспитывать раба в неге, то впоследствии он захочет быть сыном. ¦ Человек гневливый заводит ссору, и вспыльчивый много грешит. ¦ Гордость человека унижает его, а смиренный духом приобретает честь. ¦ Кто делится с вором, тот ненавидит душу свою; слышит он проклятие, но не объявляет о том. ¦ Боязнь пред людьми ставит сеть; а надеющийся на Господа будет безопасен. ¦ Многие ищут благосклонного лица правителя, но судьба человека - от Господа. ¦ Мерзость для праведников - человек неправедный, и мерзость для нечестивого - идущий прямым путем.	г	незакрытая скобка: в B и C курсивом «для него», дальше по главе — обычный текст; повреждение электронного текста	[] (не закрыта)	проверено	plain	plain	plain
Притч	30	31	предводитель стада,	а	B: квадратные; в C (линия 1882, без вставок по греческому) нет; в KJV нет	[]	проверено	[]	absent	absent
Еккл	5	5	Божиим	в	B: квадратные; C (линия 1882): курсив — слово для связности, которого нет в еврейском	[]	по признакам	[]	i	[]
Еккл	9	2	злому	в	B: квадратные; C (линия 1882): курсив — слово для связности, которого нет в еврейском	[]	по признакам	[]	i	[]
Ис	1	3	Меня	в	B: квадратные; C (линия 1882): курсив — слово для связности, которого нет в еврейском	[]	по признакам	[]	i	[]
Ис	22	15	и скажи ему	в	B: квадратные; C (линия 1882): курсив — слово для связности, которого нет в еврейском	[]	по признакам	[]	i	[]
Ис	33	18	дань?	в	B: курсив; C: курсив	[]	по признакам	i	i	[]
Ис	40	5	спасение Божие	в	B: квадратные; C (линия 1882): курсив — слово для связности, которого нет в еврейском	[]	по признакам	[]	i	[]
Ис	44	2	Израиль	в	B: квадратные; C (линия 1882): курсив — слово для связности, которого нет в еврейском	[]	по признакам	[]	i	[]
Ис	44	13	выбрав дерево	в	B: квадратные; C (линия 1882): курсив — слово для связности, которого нет в еврейском	[]	по признакам	[]	i	[]
Ис	53	1	Господи!	а	B: квадратные; в C (линия 1882, без вставок по греческому) нет	[]	по признакам	[]	absent	absent
Ис	60	1	Иерусалим	в	B: квадратные; C (линия 1882): курсив — слово для связности, которого нет в еврейском	[]	по признакам	[]	i	[]
Ис	66	3	Беззаконник же,	а	B: квадратные; в C (линия 1882, без вставок по греческому) нет	[]	по признакам	[]	absent	absent
Ис	66	3	в память	а	B: квадратные; в C (линия 1882, без вставок по греческому) нет	[]	по признакам	[]	absent	absent
Иер	2	29	нечестиво поступали и	а	B: квадратные; в C (линия 1882, без вставок по греческому) нет	[]	по признакам	[]	absent	absent
Иер	2	30	, и вы не убоялись	а	B: квадратные; в C (линия 1882, без вставок по греческому) нет	[]	по признакам	[]	absent	absent
Иер	5	13	Господня	в	B: квадратные; C (линия 1882): курсив — слово для связности, которого нет в еврейском	[]	по признакам	[]	i	[]
Иер	33	2	землю	в	B: квадратные; C (линия 1882): курсив — слово для связности, которого нет в еврейском	[]	по признакам	[]	i	[]
Иез	1	2	это был пятый год от пленения царя Иоакима	б	B и C: круглые скобки; есть в еврейском тексте (проверено по KJV — переводу с еврейского)	()	проверено	()	()	()
Иез	1	7	и крылья их легкие	а	B: круглые скобки, но в C и в KJV слов нет, в славянском («и легка крила их») есть — дополнение по греческому	()	проверено	()	absent	absent
Иез	7	2	скажи	в	B: квадратные; C (линия 1882): курсив — слово для связности, которого нет в еврейском	[]	по признакам	[]	i	[]
Иез	8	2	мужа	в	B: квадратные; C (линия 1882): курсив — слово для связности, которого нет в еврейском	[]	по признакам	[]	i	[]
Иез	39	16	полчище	а	B: квадратные; в C (линия 1882, без вставок по греческому) нет	[]	по признакам	[]	absent	absent
Дан	3	91	услышав, что они поют,	а	B: квадратные; в C (линия 1882, без вставок по греческому) нет	[]	по признакам	[]	absent	absent
Дан	3	95	огню	в	B: квадратные; C (линия 1882): курсив — слово для связности, которого нет в еврейском	[]	по признакам	[]	i	[]
Дан	3	97	и возвеличил их и удостоил их начальства над прочими Иудеями в его царстве	а	B: квадратные; в C (линия 1882, без вставок по греческому) нет	[]	по признакам	[]	absent	absent
Ос	1	9	Богом	в	B: квадратные; C (линия 1882): курсив — слово для связности, которого нет в еврейском	[]	по признакам	[]	i	[]
Ос	9	11	чадородия	а	B: квадратные; в C (линия 1882, без вставок по греческому) нет	[]	по признакам	[]	absent	absent
Ос	9	11	не будет	в	B: квадратные; C (линия 1882): курсив — слово для связности, которого нет в еврейском	[]	по признакам	[]	i	[]
Ос	12	5	Иегова	а	B: квадратные; в C (линия 1882, без вставок по греческому) нет	[]	по признакам	[]	absent	()
Авв	3	19	Начальнику хора.	б	C: круглые скобки; надписание есть в еврейском тексте (KJV: «To the chief singer…»)	[]	проверено	[]	()	()
Зах	14	18	сюда	а	B: квадратные; в C (линия 1882, без вставок по греческому) нет	[]	по признакам	[]	absent	absent
Мф	1	25	Как	в	B: без пометы; C: курсив; в TR (Скривенер 1894) «ἕως οὗ» — слово перевода, не вставка	[]	проверено	plain	i	plain
Мф	2	9	И	г	ошибочная скобка: «И» есть в TR (Скривенер 1894) («καὶ ἰδοὺ»), в B, C, E без пометы	[]	проверено	plain	plain	plain
Мф	8	18	ученикам	в	B и C: курсив; в TR (Скривенер 1894) нет (в славянском «(учеником)»)	[]	проверено	i	i	plain
Мф	16	20	Иисус	в	B и C: курсив; в TR (Скривенер 1894) нет	[]	проверено	i	i	plain
Мк	6	14	ибо имя Его стало гласно	б	B и C: круглые скобки; слова есть в греческом TR (Скривенер 1894) и SBLGNT; у нас ошибочно квадратные	[]	проверено	()	()	plain
Ин	1	42	Петр	б	B и C: круглые скобки; «Петр» есть в TR (Скривенер 1894) («ὃ ἑρμηνεύεται Πέτρος»)	()	проверено	()	()	plain
Ин	7	22	хотя оно не от Моисея, но от отцов	б	B и C: круглые скобки; есть в TR (Скривенер 1894) и SBLGNT; у нас ошибочно квадратные	[]	проверено	()	()	plain
Деян	1	16	было же собрание человек около ста двадцати	б	B: круглые скобки; в TR (Скривенер 1894) эти слова в конце 1:15	()	проверено	()	plain	plain
Деян	7	13	они пришли	в	B и C: курсив; в TR (Скривенер 1894) нет	[]	проверено	i	i	plain
Деян	11	13	святого	г-нз	B: круглые скобки; нет в TR (Скривенер 1894); есть в славянском переводе	()	проверено	()	i	plain
Деян	12	25	в Антиохию	г-нз	B: круглые скобки; нет в TR (Скривенер 1894); есть в славянском переводе	()	проверено	()	i	plain
Деян	13	8	ибо то значит имя его	б	B и C: круглые скобки; есть в TR (Скривенер 1894)	()	проверено	()	()	plain
Деян	15	34	А Иуда возвратился в Иерусалим.	г-нз	B: круглые скобки; нет в TR (Скривенер 1894); есть в славянском переводе	()	проверено	()	plain	()
Деян	18	21	Акила же и Прискилла остались в Ефесе	г-нз	B: круглые скобки; нет в TR (Скривенер 1894); есть в славянском переводе	()	проверено	()	[]	()
Деян	26	23	Иудейскому	г-нз	B: круглые скобки; нет в TR (Скривенер 1894); есть в славянском переводе	()	проверено	()	i	()
1Пет	1	13	возлюбленные,	г-нз	B: круглые скобки; нет в TR (Скривенер 1894); есть в славянском переводе; у нас ошибочно квадратные	[]	проверено	()	i	()
1Пет	2	25	не имея пастыря	г-нз	B: круглые скобки; нет в TR (Скривенер 1894); есть в славянском переводе	()	проверено	()	[]	()
1Пет	3	12	чтобы истребить их с земли	г-нз	B: круглые скобки; нет в TR (Скривенер 1894); есть в славянском переводе	()	проверено	()	[]	()
1Пет	4	3	мужеложству, скотоложству, помыслам	г-нз	B: круглые скобки; нет в TR (Скривенер 1894); есть в славянском переводе	()	проверено	()	[]	()
2Пет	2	8	ибо сей праведник, живя между ними, ежедневно мучился в праведной душе, видя и слыша дела беззаконные	б	B: круглые скобки; есть в TR (Скривенер 1894)	()	проверено	()	plain	()
1Ин	4	2	и духа заблуждения	г-нз	B: круглые скобки; нет в TR (Скривенер 1894); есть в славянском переводе	()	проверено	()	i	()
1Ин	5	12	Божия	г-нз	B: круглые скобки; нет в TR (Скривенер 1894); есть в славянском переводе	()	проверено	()	i	()
Иуд	1	16	нечестиво и беззаконно	г-нз	B: круглые скобки; нет в TR (Скривенер 1894); есть в славянском переводе	()	проверено	()	()	()
Иуд	1	19	от единства веры	г-нз	B: круглые скобки; нет в TR (Скривенер 1894); есть в славянском переводе	()	проверено	()	plain	()
Рим	1	13	но встречал препятствия даже доныне	б	B и C: круглые скобки; есть в TR (Скривенер 1894)	()	проверено	()	()	()
Рим	2	3	сам	г-нз	B: круглые скобки; нет в TR (Скривенер 1894); есть в славянском переводе	()	проверено	()	plain	()
Рим	2	13–15	потому что не слушатели закона праведны пред Богом, но исполнители закона оправданы будут, ¦ ибо когда язычники, не имеющие закона, по природе законное делают, то, не имея закона, они сами себе закон: ¦ они показывают, что дело закона у них написано в сердцах, о чем свидетельствует совесть их и мысли их, то обвиняющие, то оправдывающие одна другую	б	B: круглые скобки (2:13–15); есть в TR (Скривенер 1894)	()	проверено	()	plain	()
Рим	3	5	говорю по человеческому рассуждению	б	B: круглые скобки; есть в TR (Скривенер 1894)	()	проверено	()	plain	()
Рим	4	17	как написано: Я поставил тебя отцом многих народов	б	B: круглые скобки; есть в TR (Скривенер 1894); в SBLGNT тоже скобка	()	проверено	()	q	()
Рим	7	1	ибо говорю знающим закон	б	B: круглые скобки; есть в TR (Скривенер 1894)	()	проверено	()	plain	()
Рим	9	11–12	дабы изволение Божие в избрании происходило ¦ не от дел, но от Призывающего	б	B: круглые скобки (9:11–12); есть в TR (Скривенер 1894)	()	проверено	()	plain	()
Рим	15	9	Господи,	г-нз	B: круглые скобки; нет в TR (Скривенер 1894); есть в славянском переводе	()	проверено	()	q	()
Рим	16	4	которые голову свою полагали за мою душу, которых не я один благодарю, но и все церкви из язычников	б	B: круглые скобки; есть в TR (Скривенер 1894)	()	проверено	()	plain	()
1Кор	16	15	вы знаете семейство Стефаново, что оно есть начаток Ахаии и что они посвятили себя на служение святым	б	B: круглые скобки; есть в TR (Скривенер 1894)	()	проверено	()	plain	()
2Кор	11	21	скажу по неразумию	б	B: круглые скобки; есть в TR (Скривенер 1894)	()	проверено	()	plain	()
2Кор	11	23	в безумии говорю:	б	B: круглые скобки; есть в TR (Скривенер 1894)	()	проверено	()	plain	()
2Кор	12	2	в теле ли — не знаю, вне ли тела — не знаю: Бог знает	б	B и C: круглые скобки; есть в TR (Скривенер 1894)	()	проверено	()	()	()
2Кор	12	3	только не знаю — в теле, или вне тела: Бог знает	б	B и C: круглые скобки; есть в TR (Скривенер 1894)	()	проверено	()	()	()
Гал	2	8	ибо Содействовавший Петру в апостольстве у обрезанных содействовал и мне у язычников	б	B: круглые скобки; есть в TR (Скривенер 1894) и SBLGNT; у нас ошибочно квадратные	[]	проверено	()	plain	plain
Гал	3	13	ибо написано: проклят всяк, висящий на древе	б	B и C: круглые скобки; есть в TR (Скривенер 1894) и SBLGNT; у нас ошибочно квадратные	[]	проверено	()	()	plain
Гал	4	4	Единородного	г-нз	B: круглые скобки; нет в TR (Скривенер 1894); есть в славянском переводе; у нас ошибочно квадратные	[]	проверено	()	i	()
Гал	5	20	соблазны,	г-нз	B: круглые скобки; нет в TR (Скривенер 1894); есть в славянском переводе; у нас ошибочно квадратные	[]	проверено	()	i	()
Еф	3	3	о чем я и выше писал кратко	б	B и C: круглые скобки; есть в TR (Скривенер 1894)	()	проверено	()	()	()
Кол	2	22	что все истлевает от употребления	б	B: круглые скобки; есть в TR (Скривенер 1894) и SBLGNT; у нас ошибочно квадратные	[]	проверено	()	plain	plain
Кол	4	10	о котором вы получили приказания: если придет к вам, примите его	б	B и C: круглые скобки; есть в TR (Скривенер 1894) и SBLGNT (в SBLGNT тоже в скобках); у нас ошибочно квадратные	[]	проверено	()	()	plain
1Тим	1	10	клеветников, скотоложников,	г-нз	B: круглые скобки; нет в TR (Скривенер 1894); есть в славянском переводе	()	проверено	()	()	()
1Тим	1	14	Иисуса Христа	г-нз	B: круглые скобки; нет в TR (Скривенер 1894); есть в славянском переводе	()	проверено	()	i	()
Флм	1	2	сестре	г-нз	B: круглые скобки; нет в TR (Скривенер 1894), есть в SBLGNT («ἀδελφῇ») и в славянском	()	проверено	()	i	()
Евр	1	3	престола	г-нз	B: круглые скобки; нет в TR (Скривенер 1894); есть в славянском переводе	()	проверено	()	i	plain
Евр	11	7	весь	г-нз	B: круглые скобки; нет в TR (Скривенер 1894); есть в славянском переводе	()	проверено	()	i	()
Евр	11	11	будучи неплодна	г-нз	B: круглые скобки; нет в TR (Скривенер 1894); есть в славянском переводе	()	проверено	()	i	()
Евр	11	31	и проводив их другим путем	г-нз	B: круглые скобки; нет в TR (Скривенер 1894); есть в славянском переводе	()	проверено	()	i	()
Евр	11	32	других	г-нз	B: круглые скобки; нет в TR (Скривенер 1894); есть в славянском переводе	()	проверено	()	i	()
Евр	12	20	или поражен стрелою	г-нз	B: круглые скобки; есть в TR (Скривенер 1894), но нет в SBLGNT и в славянском — чтение поздних рукописей	()	проверено	()	q	()
Евр	13	20	Христа	в	B: курсив; в TR (Скривенер 1894) и SBLGNT нет, в славянском есть	[]	проверено	i	plain	()
Откр	2	9	впрочем ты богат	б	B и C: круглые скобки; есть в TR (Скривенер 1894) («πλούσιος δὲ εἶ»)	()	проверено	()	()	()
Откр	2	11	слышать	г-нз	B: круглые скобки; нет в TR (Скривенер 1894); есть в славянском переводе	()	проверено	()	plain	()
Откр	2	17	слышать	г-нз	B: круглые скобки; нет в TR (Скривенер 1894); есть в славянском переводе	()	проверено	()	plain	()
Откр	2	29	слышать	г-нз	B: круглые скобки; нет в TR (Скривенер 1894); есть в славянском переводе	()	проверено	()	plain	()
